{
  "type": "FeatureCollection",
  "generator": "overpass-turbo",
  "copyright": "The data included in this document is from www.openstreetmap.org. The data is made available under ODbL.",
  "timestamp": "2026-05-30T20:18:16Z",
  "features": [
    {
      "type": "Feature",
      "properties": {
        "@id": "relation/15570761",
        "admin_level": "6",
        "boundary": "administrative",
        "name": "Кара-Кулжа району",
        "name:en": "Kara-Kulja District",
        "name:fa": "ناحیه‌ی قره‌کولجه",
        "name:kk": "Қарақұлжа ауданы",
        "name:kk-Arab": "قاراقۇلجا اۋدانى",
        "name:kk-Cyrl": "Қарақұлжа ауданы",
        "name:kk-Latn": "Qaraqūlja audany",
        "name:ky": "Кара-Кулжа району",
        "name:ky-Arab": "قارا قۇلجا وودانى",
        "name:ru": "Кара-Кульджинский район",
        "name:tg": "Ноҳияи Қоракулча",
        "name:tr": "Kara-Kulca ilçesi",
        "name:uz": "Qorakulcha tumani",
        "name:uz-Arab": "قره کولچه تومنی",
        "name:uz-Cyrl": "Қоракулча тумани",
        "name:uz-Latn": "Qorakulcha tumani",
        "type": "boundary",
        "wikidata": "Q117224",
        "wikipedia": "ky:Кара-Кулжа району"
      },
      "geometry": {
        "type": "Polygon",
        "coordinates": [
          [
            [
              74.1400336,
              40.7261205
            ],
            [
              74.1405173,
              40.7242746
            ],
            [
              74.1406889,
              40.7223232
            ],
            [
              74.1410108,
              40.7189405
            ],
            [
              74.1405816,
              40.7174443
            ],
            [
              74.1402812,
              40.7148909
            ],
            [
              74.1404314,
              40.71385
            ],
            [
              74.1390367,
              40.7115404
            ],
            [
              74.1339298,
              40.708515
            ],
            [
              74.1322561,
              40.7072951
            ],
            [
              74.1299111,
              40.7033979
            ],
            [
              74.1283662,
              40.7031214
            ],
            [
              74.124654,
              40.7033817
            ],
            [
              74.1191394,
              40.7017387
            ],
            [
              74.1139466,
              40.6980947
            ],
            [
              74.1122729,
              40.6985827
            ],
            [
              74.1052992,
              40.6981923
            ],
            [
              74.1000849,
              40.7002421
            ],
            [
              74.095729,
              40.7002095
            ],
            [
              74.0930468,
              40.7030075
            ],
            [
              74.0915233,
              40.7056102
            ],
            [
              74.0888411,
              40.7066838
            ],
            [
              74.0868026,
              40.7065211
            ],
            [
              74.0835411,
              40.7056915
            ],
            [
              74.0816528,
              40.7056915
            ],
            [
              74.078284,
              40.7034142
            ],
            [
              74.0745718,
              40.7013157
            ],
            [
              74.0723831,
              40.7006162
            ],
            [
              74.0718681,
              40.7002909
            ],
            [
              74.0675122,
              40.700665
            ],
            [
              74.0648514,
              40.7019989
            ],
            [
              74.0609676,
              40.7007463
            ],
            [
              74.0593583,
              40.6999492
            ],
            [
              74.0550882,
              40.7021128
            ],
            [
              74.0538537,
              40.7021253
            ],
            [
              74.0516651,
              40.7011167
            ],
            [
              74.049412,
              40.7003521
            ],
            [
              74.0470731,
              40.699555
            ],
            [
              74.0436399,
              40.6985952
            ],
            [
              74.0394556,
              40.6989693
            ],
            [
              74.0379107,
              40.7008727
            ],
            [
              74.0337694,
              40.7021741
            ],
            [
              74.0299928,
              40.7032802
            ],
            [
              74.0288556,
              40.704728
            ],
            [
              74.0242207,
              40.7055738
            ],
            [
              74.0222895,
              40.7063221
            ],
            [
              74.0196073,
              40.708274
            ],
            [
              74.0175688,
              40.7083879
            ],
            [
              74.0151226,
              40.708583
            ],
            [
              74.0123332,
              40.7097379
            ],
            [
              74.0103376,
              40.7095915
            ],
            [
              74.0085995,
              40.711153
            ],
            [
              74.0020978,
              40.7118849
            ],
            [
              73.9992869,
              40.7144059
            ],
            [
              73.9963472,
              40.7162763
            ],
            [
              73.99315,
              40.7184556
            ],
            [
              73.9893091,
              40.7180328
            ],
            [
              73.9867127,
              40.7169756
            ],
            [
              73.9842665,
              40.7155119
            ],
            [
              73.9803398,
              40.7148613
            ],
            [
              73.975426,
              40.7154631
            ],
            [
              73.9727867,
              40.7151215
            ],
            [
              73.9709842,
              40.7150077
            ],
            [
              73.968538,
              40.715333
            ],
            [
              73.9656198,
              40.7157558
            ],
            [
              73.9641178,
              40.7172846
            ],
            [
              73.9602983,
              40.7176912
            ],
            [
              73.9581954,
              40.7193175
            ],
            [
              73.9565432,
              40.7190899
            ],
            [
              73.9528954,
              40.7186508
            ],
            [
              73.9499557,
              40.7196753
            ],
            [
              73.9472091,
              40.721513
            ],
            [
              73.9475524,
              40.7247329
            ],
            [
              73.9468014,
              40.7271071
            ],
            [
              73.9457929,
              40.7297739
            ],
            [
              73.9448059,
              40.7302454
            ],
            [
              73.9425313,
              40.7316113
            ],
            [
              73.9413083,
              40.7329121
            ],
            [
              73.9402568,
              40.7346193
            ],
            [
              73.9379823,
              40.7358713
            ],
            [
              73.9358795,
              40.7377248
            ],
            [
              73.9316738,
              40.7363916
            ],
            [
              73.9283907,
              40.7371558
            ],
            [
              73.9258373,
              40.7374809
            ],
            [
              73.9228332,
              40.7383264
            ],
            [
              73.9204514,
              40.7388141
            ],
            [
              73.9190781,
              40.7419031
            ],
            [
              73.9183447,
              40.7423389
            ],
            [
              73.9170572,
              40.7446474
            ],
            [
              73.9153406,
              40.7481426
            ],
            [
              73.9117572,
              40.7479475
            ],
            [
              73.909311,
              40.7477687
            ],
            [
              73.9064142,
              40.7480776
            ],
            [
              73.9037964,
              40.7491342
            ],
            [
              73.9025519,
              40.7503046
            ],
            [
              73.8992903,
              40.7512799
            ],
            [
              73.8971016,
              40.7521577
            ],
            [
              73.896887,
              40.7528892
            ],
            [
              73.895621,
              40.7559938
            ],
            [
              73.8944623,
              40.7565139
            ],
            [
              73.894119,
              40.7574891
            ],
            [
              73.8931105,
              40.7620075
            ],
            [
              73.8930676,
              40.7662331
            ],
            [
              73.8915012,
              40.7676145
            ],
            [
              73.8893339,
              40.7699708
            ],
            [
              73.8890335,
              40.7717421
            ],
            [
              73.8874671,
              40.7728309
            ],
            [
              73.8859222,
              40.7753821
            ],
            [
              73.8846776,
              40.7757883
            ],
            [
              73.8830039,
              40.7763408
            ],
            [
              73.881416,
              40.7774782
            ],
            [
              73.8787768,
              40.7797855
            ],
            [
              73.8775322,
              40.7812804
            ],
            [
              73.8755581,
              40.7808254
            ],
            [
              73.8705799,
              40.7816053
            ],
            [
              73.868284,
              40.7806792
            ],
            [
              73.8658592,
              40.7804842
            ],
            [
              73.8602588,
              40.7799318
            ],
            [
              73.8560531,
              40.7799318
            ],
            [
              73.8524482,
              40.7812154
            ],
            [
              73.8481996,
              40.7832463
            ],
            [
              73.8466117,
              40.7848223
            ],
            [
              73.8441226,
              40.7882016
            ],
            [
              73.8423845,
              40.788949
            ],
            [
              73.8399384,
              40.7911259
            ],
            [
              73.838093,
              40.7922143
            ],
            [
              73.8359902,
              40.7921818
            ],
            [
              73.833544,
              40.7910447
            ],
            [
              73.8296172,
              40.790736
            ],
            [
              73.827214,
              40.7903786
            ],
            [
              73.8263557,
              40.788559
            ],
            [
              73.8231799,
              40.7882504
            ],
            [
              73.8197467,
              40.7882179
            ],
            [
              73.8192746,
              40.7874868
            ],
            [
              73.8186738,
              40.7835875
            ],
            [
              73.8170204,
              40.781215
            ],
            [
              73.8160119,
              40.7806626
            ],
            [
              73.8129434,
              40.7796552
            ],
            [
              73.8109908,
              40.7779004
            ],
            [
              73.8097677,
              40.7767792
            ],
            [
              73.8090167,
              40.7752355
            ],
            [
              73.8069782,
              40.7735131
            ],
            [
              73.8054547,
              40.7709455
            ],
            [
              73.8012919,
              40.7689955
            ],
            [
              73.7981805,
              40.7680854
            ],
            [
              73.7961635,
              40.7670778
            ],
            [
              73.7947259,
              40.7659402
            ],
            [
              73.7929878,
              40.7649976
            ],
            [
              73.7914214,
              40.7647376
            ],
            [
              73.7887177,
              40.7618447
            ],
            [
              73.786057,
              40.7593905
            ],
            [
              73.7850484,
              40.7574888
            ],
            [
              73.7830314,
              40.7558959
            ],
            [
              73.7806067,
              40.754498
            ],
            [
              73.7781605,
              40.752775
            ],
            [
              73.7764654,
              40.7509707
            ],
            [
              73.7754783,
              40.7497353
            ],
            [
              73.7744698,
              40.7507269
            ],
            [
              73.7730107,
              40.7521086
            ],
            [
              73.7701783,
              40.7531652
            ],
            [
              73.7687192,
              40.753474
            ],
            [
              73.7671957,
              40.7534577
            ],
            [
              73.7657365,
              40.7524987
            ],
            [
              73.7646422,
              40.7517672
            ],
            [
              73.7621746,
              40.7509545
            ],
            [
              73.7605867,
              40.7505969
            ],
            [
              73.7586929,
              40.7510121
            ],
            [
              73.7566544,
              40.7520362
            ],
            [
              73.7557961,
              40.7526051
            ],
            [
              73.7538005,
              40.7547507
            ],
            [
              73.7524701,
              40.7555634
            ],
            [
              73.7512256,
              40.7551896
            ],
            [
              73.7491013,
              40.7545719
            ],
            [
              73.7466766,
              40.753873
            ],
            [
              73.7425138,
              40.7524913
            ],
            [
              73.7387587,
              40.7508658
            ],
            [
              73.7363125,
              40.7512559
            ],
            [
              73.7326647,
              40.7504594
            ],
            [
              73.7308193,
              40.7488664
            ],
            [
              73.7280513,
              40.7474358
            ],
            [
              73.7270642,
              40.7449323
            ],
            [
              73.7265278,
              40.7444934
            ],
            [
              73.7257339,
              40.744087
            ],
            [
              73.7259699,
              40.7434854
            ],
            [
              73.7269999,
              40.7425263
            ],
            [
              73.7266995,
              40.7420548
            ],
            [
              73.7256051,
              40.7420548
            ],
            [
              73.7236739,
              40.7424612
            ],
            [
              73.7225796,
              40.7426401
            ],
            [
              73.7214209,
              40.7419085
            ],
            [
              73.7210561,
              40.7403965
            ],
            [
              73.7203909,
              40.7404453
            ],
            [
              73.7173225,
              40.7393072
            ],
            [
              73.7166573,
              40.7380391
            ],
            [
              73.7158848,
              40.7358929
            ],
            [
              73.7130524,
              40.7357466
            ],
            [
              73.7122155,
              40.7333565
            ],
            [
              73.7123657,
              40.7327061
            ],
            [
              73.7123657,
              40.7320394
            ],
            [
              73.7103487,
              40.7310313
            ],
            [
              73.7078167,
              40.7306085
            ],
            [
              73.7055207,
              40.7303321
            ],
            [
              73.7028308,
              40.730398
            ],
            [
              73.7013288,
              40.7298126
            ],
            [
              73.7004705,
              40.7263653
            ],
            [
              73.6998267,
              40.7252433
            ],
            [
              73.699419,
              40.7235195
            ],
            [
              73.6989255,
              40.7225926
            ],
            [
              73.6960931,
              40.7214379
            ],
            [
              73.6952563,
              40.7200719
            ],
            [
              73.6936469,
              40.7183317
            ],
            [
              73.6905356,
              40.7181528
            ],
            [
              73.6884113,
              40.7199255
            ],
            [
              73.6844062,
              40.7207198
            ],
            [
              73.6814236,
              40.7203945
            ],
            [
              73.6785053,
              40.7199391
            ],
            [
              73.6760377,
              40.7201668
            ],
            [
              73.6754154,
              40.7215004
            ],
            [
              73.6748146,
              40.7215492
            ],
            [
              73.6740636,
              40.7203945
            ],
            [
              73.6720466,
              40.7171906
            ],
            [
              73.6696004,
              40.7158245
            ],
            [
              73.6679267,
              40.7147348
            ],
            [
              73.6651157,
              40.7133849
            ],
            [
              73.6636566,
              40.7126204
            ],
            [
              73.6629056,
              40.7127505
            ],
            [
              73.6600946,
              40.7147023
            ],
            [
              73.6593436,
              40.7157594
            ],
            [
              73.6578201,
              40.7174346
            ],
            [
              73.6562108,
              40.7168654
            ],
            [
              73.6546015,
              40.7156781
            ],
            [
              73.6530368,
              40.7157183
            ],
            [
              73.6515991,
              40.7098631
            ],
            [
              73.6499254,
              40.7092124
            ],
            [
              73.6479084,
              40.7096028
            ],
            [
              73.6465351,
              40.7095215
            ],
            [
              73.6455266,
              40.7087245
            ],
            [
              73.6445181,
              40.708513
            ],
            [
              73.6416428,
              40.7084317
            ],
            [
              73.6404626,
              40.7045441
            ],
            [
              73.6375658,
              40.7016811
            ],
            [
              73.6354415,
              40.7009978
            ],
            [
              73.6320512,
              40.7007376
            ],
            [
              73.6286394,
              40.7004773
            ],
            [
              73.6231248,
              40.7016648
            ],
            [
              73.6212365,
              40.7011605
            ],
            [
              73.6147992,
              40.703503
            ],
            [
              73.6096064,
              40.7032915
            ],
            [
              73.6066667,
              40.7044302
            ],
            [
              73.604757,
              40.7056177
            ],
            [
              73.6027185,
              40.7044953
            ],
            [
              73.6016457,
              40.7033078
            ],
            [
              73.6021392,
              40.7017461
            ],
            [
              73.6034481,
              40.70064
            ],
            [
              73.6085979,
              40.6984275
            ],
            [
              73.6132972,
              40.6962964
            ],
            [
              73.6095232,
              40.6928799
            ],
            [
              73.6023563,
              40.6778614
            ],
            [
              73.6017126,
              40.6770966
            ],
            [
              73.5999745,
              40.6767874
            ],
            [
              73.5996741,
              40.6760876
            ],
            [
              73.5984295,
              40.6747369
            ],
            [
              73.5965895,
              40.675227
            ],
            [
              73.5934781,
              40.6755199
            ],
            [
              73.5913538,
              40.6756664
            ],
            [
              73.5860109,
              40.6760732
            ],
            [
              73.5815477,
              40.6759268
            ],
            [
              73.5797023,
              40.6758779
            ],
            [
              73.5776853,
              40.6760732
            ],
            [
              73.5754108,
              40.6760244
            ],
            [
              73.5729002,
              40.6769845
            ],
            [
              73.5712265,
              40.6780911
            ],
            [
              73.5698318,
              40.6806785
            ],
            [
              73.5686087,
              40.682501
            ],
            [
              73.565154,
              40.6855601
            ],
            [
              73.5615277,
              40.6878868
            ],
            [
              73.5588884,
              40.6893349
            ],
            [
              73.555026,
              40.6923123
            ],
            [
              73.5478806,
              40.6929306
            ],
            [
              73.5377311,
              40.6923937
            ],
            [
              73.5326886,
              40.6917592
            ],
            [
              73.5263647,
              40.6919597
            ],
            [
              73.5243691,
              40.6923013
            ],
            [
              73.5234464,
              40.6929196
            ],
            [
              73.5221161,
              40.6949532
            ],
            [
              73.5185112,
              40.6984022
            ],
            [
              73.5170735,
              40.6997687
            ],
            [
              73.5146488,
              40.7010701
            ],
            [
              73.5124387,
              40.7035753
            ],
            [
              73.5105504,
              40.7040795
            ],
            [
              73.5079969,
              40.7046652
            ],
            [
              73.5057439,
              40.7056086
            ],
            [
              73.4891785,
              40.7081136
            ],
            [
              73.4889854,
              40.7056737
            ],
            [
              73.4912599,
              40.7039169
            ],
            [
              73.4893717,
              40.6991017
            ],
            [
              73.492762,
              40.6958806
            ],
            [
              73.4928049,
              40.6944164
            ],
            [
              73.4917535,
              40.6926267
            ],
            [
              73.4913672,
              40.6905117
            ],
            [
              73.4923757,
              40.6869321
            ],
            [
              73.4931911,
              40.6847192
            ],
            [
              73.4918393,
              40.6830595
            ],
            [
              73.488685,
              40.6833687
            ],
            [
              73.4811963,
              40.6849308
            ],
            [
              73.478042,
              40.6856589
            ],
            [
              73.4721841,
              40.6873348
            ],
            [
              73.4699095,
              40.6883274
            ],
            [
              73.4674205,
              40.6888317
            ],
            [
              73.4655966,
              40.6889456
            ],
            [
              73.4638585,
              40.6893687
            ],
            [
              73.4634508,
              40.6899544
            ],
            [
              73.4623564,
              40.6918417
            ],
            [
              73.4624637,
              40.6922973
            ],
            [
              73.4629787,
              40.6929643
            ],
            [
              73.463837,
              40.6941195
            ],
            [
              73.4648026,
              40.6961856
            ],
            [
              73.4654034,
              40.697357
            ],
            [
              73.4660901,
              40.6985283
            ],
            [
              73.4656609,
              40.7001388
            ],
            [
              73.4661759,
              40.7011637
            ],
            [
              73.4666909,
              40.7023024
            ],
            [
              73.4667767,
              40.7029043
            ],
            [
              73.4658755,
              40.7032784
            ],
            [
              73.4644808,
              40.7037013
            ],
            [
              73.4638585,
              40.7027741
            ],
            [
              73.4639229,
              40.7015541
            ],
            [
              73.4636868,
              40.7003015
            ],
            [
              73.4632362,
              40.6998622
            ],
            [
              73.4624208,
              40.7004967
            ],
            [
              73.4613694,
              40.7010498
            ],
            [
              73.4605325,
              40.700578
            ],
            [
              73.4582795,
              40.6999436
            ],
            [
              73.4557046,
              40.6996833
            ],
            [
              73.4537519,
              40.700822
            ],
            [
              73.4505333,
              40.7031971
            ],
            [
              73.4468211,
              40.706304
            ],
            [
              73.445362,
              40.7078655
            ],
            [
              73.4450616,
              40.707833
            ],
            [
              73.4395898,
              40.707345
            ],
            [
              73.4381736,
              40.7073938
            ],
            [
              73.4325088,
              40.7077517
            ],
            [
              73.4291829,
              40.7065643
            ],
            [
              73.4273161,
              40.7063365
            ],
            [
              73.4273161,
              40.7065317
            ],
            [
              73.4267582,
              40.7069709
            ],
            [
              73.4262861,
              40.7071824
            ],
            [
              73.4251059,
              40.7069709
            ],
            [
              73.424033,
              40.7079469
            ],
            [
              73.4232606,
              40.7090367
            ],
            [
              73.4199775,
              40.7098662
            ],
            [
              73.417703,
              40.7091993
            ],
            [
              73.4166087,
              40.7106469
            ],
            [
              73.4153212,
              40.7119644
            ],
            [
              73.4150208,
              40.7124198
            ],
            [
              73.4139479,
              40.7141439
            ],
            [
              73.4115018,
              40.715136
            ],
            [
              73.4093774,
              40.7138999
            ],
            [
              73.4087552,
              40.7133144
            ],
            [
              73.4067811,
              40.7136722
            ],
            [
              73.4063734,
              40.7133306
            ],
            [
              73.4063305,
              40.7128915
            ],
            [
              73.4059871,
              40.7128102
            ],
            [
              73.4054292,
              40.7128102
            ],
            [
              73.4050645,
              40.7127777
            ],
            [
              73.4049572,
              40.7124198
            ],
            [
              73.4055365,
              40.7110698
            ],
            [
              73.405043,
              40.7106795
            ],
            [
              73.4038199,
              40.7113301
            ],
            [
              73.3982195,
              40.7074589
            ],
            [
              73.3962668,
              40.7061739
            ],
            [
              73.3949793,
              40.7046285
            ],
            [
              73.391589,
              40.7009522
            ],
            [
              73.3894433,
              40.6993091
            ],
            [
              73.3851088,
              40.6973732
            ],
            [
              73.3837355,
              40.6968364
            ],
            [
              73.3825339,
              40.696267
            ],
            [
              73.3822979,
              40.6953722
            ],
            [
              73.3822335,
              40.6937615
            ],
            [
              73.3823837,
              40.6925576
            ],
            [
              73.3836701,
              40.6900494
            ],
            [
              73.3784559,
              40.6882271
            ],
            [
              73.3757308,
              40.6868929
            ],
            [
              73.3702359,
              40.6844441
            ],
            [
              73.3708943,
              40.683363
            ],
            [
              73.3760739,
              40.6817485
            ],
            [
              73.3771478,
              40.6806642
            ],
            [
              73.3772524,
              40.6788038
            ],
            [
              73.3778663,
              40.6769149
            ],
            [
              73.3789403,
              40.6755757
            ],
            [
              73.3800436,
              40.6751809
            ],
            [
              73.3817328,
              40.6750005
            ],
            [
              73.3830749,
              40.6744146
            ],
            [
              73.3823206,
              40.6717029
            ],
            [
              73.3835515,
              40.6698265
            ],
            [
              73.3820312,
              40.6676081
            ],
            [
              73.3821756,
              40.663682
            ],
            [
              73.3823687,
              40.6606544
            ],
            [
              73.3835436,
              40.6584376
            ],
            [
              73.3896591,
              40.6558494
            ],
            [
              73.3925654,
              40.653648
            ],
            [
              73.3892188,
              40.648895
            ],
            [
              73.3888111,
              40.6477391
            ],
            [
              73.388339,
              40.6470553
            ],
            [
              73.3866224,
              40.6462901
            ],
            [
              73.3820305,
              40.6453784
            ],
            [
              73.3799705,
              40.6449876
            ],
            [
              73.3777819,
              40.6444992
            ],
            [
              73.3767948,
              40.6431478
            ],
            [
              73.3766446,
              40.6421058
            ],
            [
              73.3765802,
              40.6405753
            ],
            [
              73.3765588,
              40.639582
            ],
            [
              73.3757863,
              40.6374815
            ],
            [
              73.3724818,
              40.6365371
            ],
            [
              73.3643923,
              40.6360161
            ],
            [
              73.3603797,
              40.6355927
            ],
            [
              73.3590922,
              40.6352996
            ],
            [
              73.3577619,
              40.6343063
            ],
            [
              73.3569896,
              40.6330449
            ],
            [
              73.3592641,
              40.630814
            ],
            [
              73.360058,
              40.6292995
            ],
            [
              73.3617747,
              40.6267101
            ],
            [
              73.3633196,
              40.6241369
            ],
            [
              73.3665383,
              40.6207493
            ],
            [
              73.3674395,
              40.6183387
            ],
            [
              73.3672034,
              40.6148368
            ],
            [
              73.3662379,
              40.6130124
            ],
            [
              73.3645856,
              40.6094939
            ],
            [
              73.3631265,
              40.6080115
            ],
            [
              73.360337,
              40.6061707
            ],
            [
              73.3594358,
              40.6030428
            ],
            [
              73.361839,
              40.6026518
            ],
            [
              73.3672678,
              40.601821
            ],
            [
              73.3701431,
              40.600208
            ],
            [
              73.3728254,
              40.5986277
            ],
            [
              73.3748424,
              40.5968681
            ],
            [
              73.3760011,
              40.5956135
            ],
            [
              73.3770311,
              40.594473
            ],
            [
              73.4025442,
              40.5711365
            ],
            [
              73.4038102,
              40.5681863
            ],
            [
              73.4058487,
              40.5670942
            ],
            [
              73.4104407,
              40.5666052
            ],
            [
              73.4122002,
              40.5664585
            ],
            [
              73.4152472,
              40.5668497
            ],
            [
              73.4176504,
              40.5675995
            ],
            [
              73.4211266,
              40.5681374
            ],
            [
              73.4236157,
              40.5699467
            ],
            [
              73.4238517,
              40.5712669
            ],
            [
              73.4192812,
              40.5769388
            ],
            [
              73.4430992,
              40.5726361
            ],
            [
              73.440932,
              40.5697022
            ],
            [
              73.4402668,
              40.5688872
            ],
            [
              73.4377777,
              40.5662466
            ],
            [
              73.4371769,
              40.5652197
            ],
            [
              73.4368336,
              40.5635733
            ],
            [
              73.4340226,
              40.5579003
            ],
            [
              73.4335077,
              40.5557157
            ],
            [
              73.4337008,
              40.5552755
            ],
            [
              73.434087,
              40.5535148
            ],
            [
              73.4340226,
              40.5519496
            ],
            [
              73.4343874,
              40.550629
            ],
            [
              73.4380881,
              40.5479701
            ],
            [
              73.4310186,
              40.5319907
            ],
            [
              73.4274995,
              40.5272283
            ],
            [
              73.4267839,
              40.5259461
            ],
            [
              73.4263977,
              40.5245923
            ],
            [
              73.4257325,
              40.522423
            ],
            [
              73.4241876,
              40.5204167
            ],
            [
              73.4228572,
              40.5200742
            ],
            [
              73.4217843,
              40.518916
            ],
            [
              73.420411,
              40.5176274
            ],
            [
              73.420647,
              40.5168607
            ],
            [
              73.4210118,
              40.5153436
            ],
            [
              73.4209474,
              40.5149195
            ],
            [
              73.4213766,
              40.5146585
            ],
            [
              73.421441,
              40.514267
            ],
            [
              73.4212264,
              40.5135981
            ],
            [
              73.4214839,
              40.5127172
            ],
            [
              73.4222564,
              40.5119015
            ],
            [
              73.4228357,
              40.510988
            ],
            [
              73.4229645,
              40.510678
            ],
            [
              73.4236297,
              40.5103191
            ],
            [
              73.4236726,
              40.5098297
            ],
            [
              73.423694,
              40.5091608
            ],
            [
              73.4246811,
              40.5088834
            ],
            [
              73.4249171,
              40.5084919
            ],
            [
              73.4252175,
              40.5081819
            ],
            [
              73.4254321,
              40.5076272
            ],
            [
              73.4257754,
              40.5071704
            ],
            [
              73.4264406,
              40.5068604
            ],
            [
              73.426505,
              40.5062568
            ],
            [
              73.427256,
              40.506012
            ],
            [
              73.4275779,
              40.5056857
            ],
            [
              73.4277495,
              40.5053431
            ],
            [
              73.4277495,
              40.5048537
            ],
            [
              73.4286937,
              40.5048047
            ],
            [
              73.4287313,
              40.5044451
            ],
            [
              73.4289031,
              40.5043266
            ],
            [
              73.4295468,
              40.5042124
            ],
            [
              73.4296112,
              40.5039024
            ],
            [
              73.4297829,
              40.5032661
            ],
            [
              73.4283237,
              40.5009655
            ],
            [
              73.4275083,
              40.4996928
            ],
            [
              73.4265642,
              40.4977511
            ],
            [
              73.4261136,
              40.4964294
            ],
            [
              73.4258561,
              40.4951077
            ],
            [
              73.4251909,
              40.4944713
            ],
            [
              73.425148,
              40.4938349
            ],
            [
              73.4254055,
              40.4925621
            ],
            [
              73.4265213,
              40.491126
            ],
            [
              73.4271436,
              40.4898532
            ],
            [
              73.4282808,
              40.4870789
            ],
            [
              73.4290104,
              40.4863445
            ],
            [
              73.4292035,
              40.4855611
            ],
            [
              73.4290748,
              40.4842229
            ],
            [
              73.4271436,
              40.4831784
            ],
            [
              73.4272723,
              40.4823623
            ],
            [
              73.4291582,
              40.4811854
            ],
            [
              73.4307246,
              40.4802061
            ],
            [
              73.4324841,
              40.4791126
            ],
            [
              73.4340505,
              40.4782312
            ],
            [
              73.4349517,
              40.477203
            ],
            [
              73.4356169,
              40.4758319
            ],
            [
              73.4359173,
              40.4745098
            ],
            [
              73.4358959,
              40.4724204
            ],
            [
              73.4371833,
              40.4715226
            ],
            [
              73.4376554,
              40.4706085
            ],
            [
              73.437591,
              40.469221
            ],
            [
              73.4378485,
              40.4669193
            ],
            [
              73.4384923,
              40.4660214
            ],
            [
              73.4387712,
              40.4646991
            ],
            [
              73.4392862,
              40.4639481
            ],
            [
              73.4398655,
              40.4634747
            ],
            [
              73.4404449,
              40.4597687
            ],
            [
              73.4416251,
              40.4571238
            ],
            [
              73.4425048,
              40.454642
            ],
            [
              73.4425048,
              40.453744
            ],
            [
              73.4420113,
              40.4513928
            ],
            [
              73.4417109,
              40.4474575
            ],
            [
              73.4412817,
              40.4462818
            ],
            [
              73.4424302,
              40.4430556
            ],
            [
              73.4435133,
              40.4431138
            ],
            [
              73.4452729,
              40.4439466
            ],
            [
              73.4485988,
              40.4429995
            ],
            [
              73.4514956,
              40.4429995
            ],
            [
              73.4541349,
              40.4434731
            ],
            [
              73.4555082,
              40.4445998
            ],
            [
              73.4588127,
              40.445204
            ],
            [
              73.4615378,
              40.4448938
            ],
            [
              73.4627609,
              40.4461512
            ],
            [
              73.4663261,
              40.4482055
            ],
            [
              73.4686006,
              40.4491526
            ],
            [
              73.4730638,
              40.4479279
            ],
            [
              73.4744586,
              40.4467849
            ],
            [
              73.4764541,
              40.4472911
            ],
            [
              73.4783853,
              40.447732
            ],
            [
              73.4809817,
              40.4478953
            ],
            [
              73.4819902,
              40.4479932
            ],
            [
              73.4847368,
              40.448728
            ],
            [
              73.4867109,
              40.4487607
            ],
            [
              73.4891785,
              40.4482382
            ],
            [
              73.4923328,
              40.448875
            ],
            [
              73.4919251,
              40.4479769
            ],
            [
              73.4926332,
              40.4466706
            ],
            [
              73.4922041,
              40.4421635
            ],
            [
              73.4924401,
              40.440955
            ],
            [
              73.4953154,
              40.441004
            ],
            [
              73.4999718,
              40.440759
            ],
            [
              73.5038127,
              40.4414449
            ],
            [
              73.505937,
              40.4410366
            ],
            [
              73.5086621,
              40.4413143
            ],
            [
              73.5114516,
              40.4413143
            ],
            [
              73.5144342,
              40.4413143
            ],
            [
              73.5149063,
              40.4423104
            ],
            [
              73.5165156,
              40.4434536
            ],
            [
              73.5181893,
              40.4437965
            ],
            [
              73.5208286,
              40.4463766
            ],
            [
              73.5276736,
              40.4470951
            ],
            [
              73.529755,
              40.4476013
            ],
            [
              73.5303129,
              40.4491852
            ],
            [
              73.5344328,
              40.4509651
            ],
            [
              73.5369648,
              40.4514713
            ],
            [
              73.5431017,
              40.4518305
            ],
            [
              73.5451616,
              40.4522387
            ],
            [
              73.5472645,
              40.4509324
            ],
            [
              73.5503758,
              40.4480096
            ],
            [
              73.5506333,
              40.446197
            ],
            [
              73.5498179,
              40.4433392
            ],
            [
              73.5491313,
              40.4404651
            ],
            [
              73.5487021,
              40.4360555
            ],
            [
              73.5545386,
              40.4356799
            ],
            [
              73.556105,
              40.43323
            ],
            [
              73.556856,
              40.4303064
            ],
            [
              73.5594095,
              40.4283954
            ],
            [
              73.5592593,
              40.4271866
            ],
            [
              73.5577217,
              40.4242224
            ],
            [
              73.5566488,
              40.4233566
            ],
            [
              73.5559193,
              40.4221968
            ],
            [
              73.5553399,
              40.4215761
            ],
            [
              73.5547391,
              40.4208736
            ],
            [
              73.5544816,
              40.4201712
            ],
            [
              73.5549751,
              40.4195178
            ],
            [
              73.5548249,
              40.4175901
            ],
            [
              73.5544387,
              40.4167406
            ],
            [
              73.5540954,
              40.415695
            ],
            [
              73.5542241,
              40.4139306
            ],
            [
              73.5544387,
              40.4128686
            ],
            [
              73.555812,
              40.4101729
            ],
            [
              73.5567776,
              40.4085553
            ],
            [
              73.559095,
              40.4078038
            ],
            [
              73.5596529,
              40.4070358
            ],
            [
              73.5599104,
              40.4043398
            ],
            [
              73.5595885,
              40.4036862
            ],
            [
              73.5613695,
              40.4020849
            ],
            [
              73.5614339,
              40.4012188
            ],
            [
              73.5614339,
              40.4004508
            ],
            [
              73.5613695,
              40.3997645
            ],
            [
              73.5613051,
              40.3982284
            ],
            [
              73.564159,
              40.3969865
            ],
            [
              73.5660044,
              40.3958099
            ],
            [
              73.5697166,
              40.3937018
            ],
            [
              73.5721413,
              40.3934403
            ],
            [
              73.5743085,
              40.3938325
            ],
            [
              73.5750166,
              40.3943228
            ],
            [
              73.576068,
              40.3959079
            ],
            [
              73.5769049,
              40.3970682
            ],
            [
              73.5793081,
              40.3970682
            ],
            [
              73.5807673,
              40.3952052
            ],
            [
              73.5831276,
              40.3932605
            ],
            [
              73.5843721,
              40.3934076
            ],
            [
              73.5874835,
              40.3940613
            ],
            [
              73.5906163,
              40.3928193
            ],
            [
              73.5946504,
              40.3904005
            ],
            [
              73.5966459,
              40.3916589
            ],
            [
              73.6012379,
              40.3915609
            ],
            [
              73.602933,
              40.3906947
            ],
            [
              73.6044565,
              40.3893913
            ],
            [
              73.6057879,
              40.3875489
            ],
            [
              73.6061956,
              40.3863558
            ],
            [
              73.6080409,
              40.3842473
            ],
            [
              73.6110235,
              40.381011
            ],
            [
              73.6103369,
              40.3797361
            ],
            [
              73.6084915,
              40.377987
            ],
            [
              73.607247,
              40.376336
            ],
            [
              73.6129976,
              40.3752245
            ],
            [
              73.614843,
              40.3757149
            ],
            [
              73.615594,
              40.3727397
            ],
            [
              73.6149503,
              40.3716117
            ],
            [
              73.6155082,
              40.3687835
            ],
            [
              73.6159159,
              40.3682767
            ],
            [
              73.6173536,
              40.3671486
            ],
            [
              73.6196495,
              40.3662168
            ],
            [
              73.6217953,
              40.3646472
            ],
            [
              73.6213447,
              40.3633883
            ],
            [
              73.6193062,
              40.3588429
            ],
            [
              73.6205293,
              40.3555236
            ],
            [
              73.621173,
              40.3541337
            ],
            [
              73.6229755,
              40.3542155
            ],
            [
              73.6268164,
              40.3545262
            ],
            [
              73.6283184,
              40.3553601
            ],
            [
              73.6321594,
              40.3561777
            ],
            [
              73.633876,
              40.3571261
            ],
            [
              73.635614,
              40.3580254
            ],
            [
              73.6398197,
              40.3599875
            ],
            [
              73.643725,
              40.3579763
            ],
            [
              73.6437894,
              40.3569789
            ],
            [
              73.6456348,
              40.3557362
            ],
            [
              73.6456562,
              40.3546897
            ],
            [
              73.6474362,
              40.3550164
            ],
            [
              73.6514488,
              40.3559321
            ],
            [
              73.6525217,
              40.3565044
            ],
            [
              73.6544958,
              40.356668
            ],
            [
              73.6572639,
              40.3557523
            ],
            [
              73.6573068,
              40.3535611
            ],
            [
              73.6577574,
              40.3510101
            ],
            [
              73.6580363,
              40.3480829
            ],
            [
              73.6587015,
              40.3473307
            ],
            [
              73.6605683,
              40.3473307
            ],
            [
              73.6615125,
              40.3471999
            ],
            [
              73.662757,
              40.3470527
            ],
            [
              73.6650315,
              40.3496038
            ],
            [
              73.6684004,
              40.3514026
            ],
            [
              73.6701599,
              40.3521058
            ],
            [
              73.6728207,
              40.348917
            ],
            [
              73.6888066,
              40.3530869
            ],
            [
              73.6962739,
              40.3507321
            ],
            [
              73.7062517,
              40.3510429
            ],
            [
              73.7144915,
              40.3432422
            ],
            [
              73.7244414,
              40.3426192
            ],
            [
              73.7352561,
              40.3465442
            ],
            [
              73.7522506,
              40.354786
            ],
            [
              73.76976,
              40.3617842
            ],
            [
              73.7746524,
              40.3623074
            ],
            [
              73.7778281,
              40.3572714
            ],
            [
              73.7842654,
              40.3521043
            ],
            [
              73.7897586,
              40.3449088
            ],
            [
              73.7904452,
              40.3397407
            ],
            [
              73.7982558,
              40.3345721
            ],
            [
              73.8030624,
              40.3313007
            ],
            [
              73.8058089,
              40.3270476
            ],
            [
              73.8088988,
              40.3255426
            ],
            [
              73.8109588,
              40.3222053
            ],
            [
              73.8139629,
              40.3207002
            ],
            [
              73.815937,
              40.3177553
            ],
            [
              73.8206906,
              40.3146476
            ],
            [
              73.8180399,
              40.3122251
            ],
            [
              73.818984,
              40.3090835
            ],
            [
              73.8183403,
              40.3062363
            ],
            [
              73.8131475,
              40.300247
            ],
            [
              73.8137054,
              40.2987741
            ],
            [
              73.8173103,
              40.2962865
            ],
            [
              73.8169241,
              40.2938643
            ],
            [
              73.8151645,
              40.2916384
            ],
            [
              73.8158941,
              40.2890851
            ],
            [
              73.8168382,
              40.287743
            ],
            [
              73.8226747,
              40.2859752
            ],
            [
              73.8234472,
              40.2847312
            ],
            [
              73.8231039,
              40.2826687
            ],
            [
              73.8237905,
              40.2808353
            ],
            [
              73.823018,
              40.2761206
            ],
            [
              73.8264769,
              40.2739581
            ],
            [
              73.8323663,
              40.2702759
            ],
            [
              73.8339614,
              40.2627279
            ],
            [
              73.8397048,
              40.2590108
            ],
            [
              73.8471365,
              40.2524442
            ],
            [
              73.8472223,
              40.251347
            ],
            [
              73.8493681,
              40.2472363
            ],
            [
              73.8503551,
              40.2439279
            ],
            [
              73.8500976,
              40.2419624
            ],
            [
              73.8527154,
              40.2383261
            ],
            [
              73.8521146,
              40.2350828
            ],
            [
              73.8536596,
              40.2319376
            ],
            [
              73.8539171,
              40.2290544
            ],
            [
              73.8550329,
              40.2263677
            ],
            [
              73.85499,
              40.2244344
            ],
            [
              73.857555,
              40.2206084
            ],
            [
              73.8601582,
              40.2199618
            ],
            [
              73.8628435,
              40.2148659
            ],
            [
              73.8628006,
              40.2134239
            ],
            [
              73.8667604,
              40.2116934
            ],
            [
              73.8688195,
              40.2103514
            ],
            [
              73.8712334,
              40.2082457
            ],
            [
              73.8741302,
              40.2079835
            ],
            [
              73.8755035,
              40.2057548
            ],
            [
              73.87619,
              40.20534
            ],
            [
              73.8785076,
              40.2041488
            ],
            [
              73.8821554,
              40.2033949
            ],
            [
              73.8873481,
              40.2033621
            ],
            [
              73.8902664,
              40.2030016
            ],
            [
              73.8937854,
              40.2036571
            ],
            [
              73.8974762,
              40.2031327
            ],
            [
              73.9007377,
              40.2048699
            ],
            [
              73.9040851,
              40.2049354
            ],
            [
              73.904128,
              40.1994616
            ],
            [
              73.9089989,
              40.1980029
            ],
            [
              73.910737,
              40.1956591
            ],
            [
              73.9117522,
              40.1929363
            ],
            [
              73.911767,
              40.1897256
            ],
            [
              73.9143848,
              40.1856931
            ],
            [
              73.9185905,
              40.181562
            ],
            [
              73.9230537,
              40.1794636
            ],
            [
              73.9258002,
              40.1760535
            ],
            [
              73.9320659,
              40.1734302
            ],
            [
              73.9316367,
              40.1706101
            ],
            [
              73.9219379,
              40.1653631
            ],
            [
              73.9229678,
              40.1590005
            ],
            [
              73.9260577,
              40.1571637
            ],
            [
              73.9296626,
              40.1562453
            ],
            [
              73.933125,
              40.1549139
            ],
            [
              73.9382457,
              40.1519156
            ],
            [
              73.9423656,
              40.1470608
            ],
            [
              73.9424514,
              40.145847
            ],
            [
              73.9438676,
              40.1418447
            ],
            [
              73.9457559,
              40.1392857
            ],
            [
              73.9473556,
              40.1362111
            ],
            [
              73.9477729,
              40.1339378
            ],
            [
              73.9489317,
              40.1322645
            ],
            [
              73.9490604,
              40.1308208
            ],
            [
              73.9500475,
              40.1293114
            ],
            [
              73.952794,
              40.1255707
            ],
            [
              73.9538669,
              40.121961
            ],
            [
              73.9566993,
              40.1185808
            ],
            [
              73.9621496,
              40.1158569
            ],
            [
              73.9653682,
              40.1127718
            ],
            [
              73.9716768,
              40.1133954
            ],
            [
              73.9732217,
              40.1159225
            ],
            [
              73.9780712,
              40.1176947
            ],
            [
              73.9869,
              40.11404
            ],
            [
              73.9974689,
              40.1146754
            ],
            [
              74.0002612,
              40.1151371
            ],
            [
              74.0006446,
              40.1152005
            ],
            [
              74.0087556,
              40.1148066
            ],
            [
              74.0134334,
              40.1155943
            ],
            [
              74.0179824,
              40.1175634
            ],
            [
              74.0182104,
              40.1164124
            ],
            [
              74.019458,
              40.1159293
            ],
            [
              74.0218012,
              40.1157671
            ],
            [
              74.0222354,
              40.11498
            ],
            [
              74.0245627,
              40.113672
            ],
            [
              74.0281104,
              40.1122139
            ],
            [
              74.0248275,
              40.1090629
            ],
            [
              74.0252781,
              40.1071756
            ],
            [
              74.0286684,
              40.1044676
            ],
            [
              74.0315866,
              40.1011851
            ],
            [
              74.0328741,
              40.1002003
            ],
            [
              74.0353846,
              40.0995273
            ],
            [
              74.0415845,
              40.0994957
            ],
            [
              74.0420571,
              40.0994968
            ],
            [
              74.0428655,
              40.0988336
            ],
            [
              74.0436079,
              40.0980742
            ],
            [
              74.0468065,
              40.0961273
            ],
            [
              74.0478176,
              40.0956967
            ],
            [
              74.0484803,
              40.095497
            ],
            [
              74.0507471,
              40.0949407
            ],
            [
              74.0511561,
              40.0949532
            ],
            [
              74.0515563,
              40.0950259
            ],
            [
              74.0520071,
              40.094878
            ],
            [
              74.0524691,
              40.0948264
            ],
            [
              74.0529389,
              40.0946163
            ],
            [
              74.0536757,
              40.0939276
            ],
            [
              74.0542216,
              40.0935642
            ],
            [
              74.0544202,
              40.0929848
            ],
            [
              74.0545173,
              40.091854
            ],
            [
              74.0547448,
              40.0914192
            ],
            [
              74.0548017,
              40.0900834
            ],
            [
              74.0552949,
              40.0896632
            ],
            [
              74.0560513,
              40.0894102
            ],
            [
              74.0567871,
              40.089282
            ],
            [
              74.057424,
              40.0888196
            ],
            [
              74.0588168,
              40.0879312
            ],
            [
              74.0603338,
              40.0872711
            ],
            [
              74.0603935,
              40.0869676
            ],
            [
              74.0616013,
              40.0870213
            ],
            [
              74.0619486,
              40.0869614
            ],
            [
              74.0632026,
              40.0859841
            ],
            [
              74.0638298,
              40.0853897
            ],
            [
              74.0644812,
              40.0846138
            ],
            [
              74.0646568,
              40.0837173
            ],
            [
              74.064699,
              40.0819982
            ],
            [
              74.0650765,
              40.0814739
            ],
            [
              74.0657483,
              40.0807598
            ],
            [
              74.065885,
              40.0796407
            ],
            [
              74.0661676,
              40.0784293
            ],
            [
              74.0667461,
              40.0779896
            ],
            [
              74.0673687,
              40.0777391
            ],
            [
              74.0682528,
              40.0774984
            ],
            [
              74.0686358,
              40.0775449
            ],
            [
              74.069508,
              40.0777483
            ],
            [
              74.0696204,
              40.0785012
            ],
            [
              74.0695593,
              40.0789666
            ],
            [
              74.0697132,
              40.0792835
            ],
            [
              74.0702887,
              40.0795575
            ],
            [
              74.0711128,
              40.079768
            ],
            [
              74.074454,
              40.0800213
            ],
            [
              74.0762389,
              40.0799781
            ],
            [
              74.0780327,
              40.080229
            ],
            [
              74.0791006,
              40.0804388
            ],
            [
              74.0800754,
              40.0810618
            ],
            [
              74.080731,
              40.0817623
            ],
            [
              74.0813448,
              40.0815919
            ],
            [
              74.0818215,
              40.0816766
            ],
            [
              74.0828976,
              40.0821743
            ],
            [
              74.083375,
              40.0823283
            ],
            [
              74.08417,
              40.0823067
            ],
            [
              74.0857742,
              40.082018
            ],
            [
              74.0866675,
              40.0820546
            ],
            [
              74.0873872,
              40.0822953
            ],
            [
              74.0877623,
              40.0825618
            ],
            [
              74.0879396,
              40.0827587
            ],
            [
              74.0888702,
              40.0831466
            ],
            [
              74.0894742,
              40.0835625
            ],
            [
              74.0902916,
              40.0848517
            ],
            [
              74.0906631,
              40.0852563
            ],
            [
              74.0905815,
              40.085751
            ],
            [
              74.0906637,
              40.0863547
            ],
            [
              74.0909047,
              40.0867652
            ],
            [
              74.0912405,
              40.0871249
            ],
            [
              74.0914127,
              40.0881201
            ],
            [
              74.0919948,
              40.0884988
            ],
            [
              74.0920397,
              40.0889383
            ],
            [
              74.0932867,
              40.0888369
            ],
            [
              74.0939916,
              40.0884988
            ],
            [
              74.0955393,
              40.0872574
            ],
            [
              74.0966468,
              40.0865817
            ],
            [
              74.0976031,
              40.086441
            ],
            [
              74.099429,
              40.0864994
            ],
            [
              74.1005052,
              40.0866391
            ],
            [
              74.1040286,
              40.0865713
            ],
            [
              74.1048964,
              40.0865924
            ],
            [
              74.1064267,
              40.0864097
            ],
            [
              74.1066428,
              40.0875945
            ],
            [
              74.1068798,
              40.0882449
            ],
            [
              74.1074434,
              40.0888519
            ],
            [
              74.1077309,
              40.08952
            ],
            [
              74.1078567,
              40.0905707
            ],
            [
              74.1077868,
              40.0915222
            ],
            [
              74.1078198,
              40.0923828
            ],
            [
              74.1081691,
              40.0931464
            ],
            [
              74.1084384,
              40.0949659
            ],
            [
              74.1087689,
              40.0956134
            ],
            [
              74.1092092,
              40.096208
            ],
            [
              74.1092194,
              40.0964251
            ],
            [
              74.1093385,
              40.096767
            ],
            [
              74.1101713,
              40.0967599
            ],
            [
              74.1108844,
              40.0969001
            ],
            [
              74.1114956,
              40.0970934
            ],
            [
              74.1119803,
              40.0973391
            ],
            [
              74.1125991,
              40.0975393
            ],
            [
              74.1130877,
              40.0978455
            ],
            [
              74.113459,
              40.0982107
            ],
            [
              74.113794,
              40.0983475
            ],
            [
              74.1140766,
              40.0985241
            ],
            [
              74.1144468,
              40.0990511
            ],
            [
              74.1155061,
              40.0996241
            ],
            [
              74.1146595,
              40.1006223
            ],
            [
              74.113789,
              40.1011242
            ],
            [
              74.1135929,
              40.1027337
            ],
            [
              74.113304,
              40.103862
            ],
            [
              74.1145873,
              40.1048626
            ],
            [
              74.1159126,
              40.1054201
            ],
            [
              74.1170013,
              40.1056099
            ],
            [
              74.1180727,
              40.1061687
            ],
            [
              74.1186448,
              40.1069145
            ],
            [
              74.1188382,
              40.107338
            ],
            [
              74.1197872,
              40.1077842
            ],
            [
              74.1208902,
              40.108447
            ],
            [
              74.1219169,
              40.1091334
            ],
            [
              74.1221667,
              40.1096045
            ],
            [
              74.1229031,
              40.1102726
            ],
            [
              74.1231119,
              40.1112414
            ],
            [
              74.1244744,
              40.1110786
            ],
            [
              74.1249147,
              40.1108403
            ],
            [
              74.1261778,
              40.1105689
            ],
            [
              74.1277919,
              40.1107605
            ],
            [
              74.1283069,
              40.1104298
            ],
            [
              74.129058,
              40.1098284
            ],
            [
              74.1296724,
              40.1091547
            ],
            [
              74.1304242,
              40.1085885
            ],
            [
              74.13147,
              40.1080572
            ],
            [
              74.1319331,
              40.1079431
            ],
            [
              74.1330041,
              40.108184
            ],
            [
              74.1342507,
              40.1082565
            ],
            [
              74.1350887,
              40.1081237
            ],
            [
              74.1362643,
              40.1080766
            ],
            [
              74.1371212,
              40.1082822
            ],
            [
              74.1379349,
              40.1081323
            ],
            [
              74.1388919,
              40.1081573
            ],
            [
              74.1402011,
              40.1073472
            ],
            [
              74.1408232,
              40.1066656
            ],
            [
              74.1420338,
              40.1065732
            ],
            [
              74.1426407,
              40.1060903
            ],
            [
              74.1431064,
              40.1059555
            ],
            [
              74.1434698,
              40.1056935
            ],
            [
              74.1459837,
              40.1050546
            ],
            [
              74.146435,
              40.1054429
            ],
            [
              74.1484798,
              40.1067159
            ],
            [
              74.1497681,
              40.1076532
            ],
            [
              74.151251,
              40.1083778
            ],
            [
              74.1520506,
              40.108849
            ],
            [
              74.153892,
              40.1094676
            ],
            [
              74.1554567,
              40.109788
            ],
            [
              74.1571364,
              40.1103537
            ],
            [
              74.1577325,
              40.1109744
            ],
            [
              74.1579757,
              40.1117663
            ],
            [
              74.1582674,
              40.1128684
            ],
            [
              74.1583979,
              40.1139375
            ],
            [
              74.1586241,
              40.114189
            ],
            [
              74.1586797,
              40.1156882
            ],
            [
              74.1597189,
              40.1156537
            ],
            [
              74.160057,
              40.1155454
            ],
            [
              74.1609887,
              40.1155793
            ],
            [
              74.1616112,
              40.115769
            ],
            [
              74.1621902,
              40.1160712
            ],
            [
              74.1635609,
              40.1161327
            ],
            [
              74.1643902,
              40.1164326
            ],
            [
              74.1647542,
              40.1166388
            ],
            [
              74.1654334,
              40.1167014
            ],
            [
              74.1661196,
              40.1166125
            ],
            [
              74.166719,
              40.1163965
            ],
            [
              74.1671488,
              40.1161815
            ],
            [
              74.167725,
              40.1162289
            ],
            [
              74.1687132,
              40.1158517
            ],
            [
              74.1698719,
              40.1157054
            ],
            [
              74.1703375,
              40.1155322
            ],
            [
              74.1715414,
              40.1154419
            ],
            [
              74.1729557,
              40.1148579
            ],
            [
              74.1733518,
              40.1145217
            ],
            [
              74.1737907,
              40.11425
            ],
            [
              74.1741334,
              40.1141641
            ],
            [
              74.1749062,
              40.1144959
            ],
            [
              74.1756453,
              40.1146429
            ],
            [
              74.1761492,
              40.1146523
            ],
            [
              74.176723,
              40.1148414
            ],
            [
              74.1776499,
              40.1158593
            ],
            [
              74.1788588,
              40.1160707
            ],
            [
              74.1804263,
              40.1162356
            ],
            [
              74.1817241,
              40.1166007
            ],
            [
              74.1824899,
              40.1166488
            ],
            [
              74.1830156,
              40.1167696
            ],
            [
              74.1834523,
              40.1170671
            ],
            [
              74.18393,
              40.1171467
            ],
            [
              74.1846215,
              40.1175581
            ],
            [
              74.1846375,
              40.1181322
            ],
            [
              74.1853236,
              40.1188634
            ],
            [
              74.1854364,
              40.1191244
            ],
            [
              74.1857302,
              40.1194964
            ],
            [
              74.1859251,
              40.119678
            ],
            [
              74.1862504,
              40.1197235
            ],
            [
              74.1864642,
              40.1200049
            ],
            [
              74.1867911,
              40.1201193
            ],
            [
              74.1872623,
              40.1201499
            ],
            [
              74.1875563,
              40.1200667
            ],
            [
              74.1881719,
              40.1195686
            ],
            [
              74.1890499,
              40.1194062
            ],
            [
              74.1894973,
              40.1194204
            ],
            [
              74.1899703,
              40.1196084
            ],
            [
              74.1903453,
              40.1196214
            ],
            [
              74.1907681,
              40.119535
            ],
            [
              74.1918202,
              40.1197086
            ],
            [
              74.192413,
              40.1197443
            ],
            [
              74.1928636,
              40.1195288
            ],
            [
              74.1932826,
              40.1196336
            ],
            [
              74.1935632,
              40.1198245
            ],
            [
              74.1949457,
              40.1198864
            ],
            [
              74.1955181,
              40.1198732
            ],
            [
              74.1960854,
              40.1199646
            ],
            [
              74.1962687,
              40.1200368
            ],
            [
              74.1970158,
              40.1207094
            ],
            [
              74.1979997,
              40.1218713
            ],
            [
              74.1984275,
              40.1219992
            ],
            [
              74.1987328,
              40.1220169
            ],
            [
              74.19909,
              40.1222295
            ],
            [
              74.1996415,
              40.1228678
            ],
            [
              74.2001234,
              40.1236475
            ],
            [
              74.2009822,
              40.1237856
            ],
            [
              74.2016155,
              40.1237428
            ],
            [
              74.2020303,
              40.1238599
            ],
            [
              74.2026685,
              40.1241676
            ],
            [
              74.2030926,
              40.1242639
            ],
            [
              74.2039387,
              40.124241
            ],
            [
              74.2056365,
              40.1235344
            ],
            [
              74.2064595,
              40.1231126
            ],
            [
              74.2078171,
              40.1232726
            ],
            [
              74.208245,
              40.1235067
            ],
            [
              74.2086175,
              40.1238282
            ],
            [
              74.2105945,
              40.1238443
            ],
            [
              74.2119839,
              40.1245845
            ],
            [
              74.2132114,
              40.1251104
            ],
            [
              74.2135761,
              40.1255728
            ],
            [
              74.2140149,
              40.1257547
            ],
            [
              74.2146362,
              40.1264671
            ],
            [
              74.2147876,
              40.1268507
            ],
            [
              74.2161838,
              40.127043
            ],
            [
              74.2167872,
              40.1268438
            ],
            [
              74.2175608,
              40.1262543
            ],
            [
              74.2179792,
              40.1261625
            ],
            [
              74.219177,
              40.1262305
            ],
            [
              74.2200207,
              40.1261964
            ],
            [
              74.2205163,
              40.1258593
            ],
            [
              74.2224104,
              40.1256288
            ],
            [
              74.2232866,
              40.1256635
            ],
            [
              74.2240222,
              40.125266
            ],
            [
              74.2247258,
              40.1250121
            ],
            [
              74.2259287,
              40.1243611
            ],
            [
              74.2264361,
              40.1238902
            ],
            [
              74.227097,
              40.1233746
            ],
            [
              74.2280131,
              40.122873
            ],
            [
              74.2285519,
              40.122271
            ],
            [
              74.2285979,
              40.1220628
            ],
            [
              74.22877,
              40.1218457
            ],
            [
              74.2289633,
              40.1211349
            ],
            [
              74.2299306,
              40.1214898
            ],
            [
              74.2306032,
              40.1221004
            ],
            [
              74.2333768,
              40.1234079
            ],
            [
              74.235215,
              40.1238778
            ],
            [
              74.2358329,
              40.1238634
            ],
            [
              74.2366838,
              40.1233878
            ],
            [
              74.237049,
              40.1230713
            ],
            [
              74.2375925,
              40.1229262
            ],
            [
              74.2390184,
              40.1233658
            ],
            [
              74.2398508,
              40.1233676
            ],
            [
              74.2414457,
              40.123959
            ],
            [
              74.2430828,
              40.124489
            ],
            [
              74.2443055,
              40.1246291
            ],
            [
              74.2460007,
              40.1252885
            ],
            [
              74.2463918,
              40.1257299
            ],
            [
              74.2476435,
              40.1263989
            ],
            [
              74.2485908,
              40.127862
            ],
            [
              74.2489943,
              40.1282623
            ],
            [
              74.2491369,
              40.1286905
            ],
            [
              74.2505257,
              40.1293097
            ],
            [
              74.2513602,
              40.129533
            ],
            [
              74.2519371,
              40.129994
            ],
            [
              74.2521991,
              40.1308538
            ],
            [
              74.2525114,
              40.1312649
            ],
            [
              74.2532661,
              40.1312743
            ],
            [
              74.2540981,
              40.1315205
            ],
            [
              74.2561419,
              40.1328427
            ],
            [
              74.2563997,
              40.1332255
            ],
            [
              74.2572009,
              40.1335889
            ],
            [
              74.2591577,
              40.1328662
            ],
            [
              74.260299,
              40.131241
            ],
            [
              74.2612126,
              40.1302525
            ],
            [
              74.2625124,
              40.1296982
            ],
            [
              74.2628261,
              40.1292184
            ],
            [
              74.2638009,
              40.1286952
            ],
            [
              74.2643129,
              40.1279841
            ],
            [
              74.2645424,
              40.1266788
            ],
            [
              74.265842,
              40.1253498
            ],
            [
              74.2661573,
              40.1246315
            ],
            [
              74.2661972,
              40.1243637
            ],
            [
              74.2652855,
              40.1237164
            ],
            [
              74.2649101,
              40.1227047
            ],
            [
              74.2649923,
              40.1217227
            ],
            [
              74.2648737,
              40.120826
            ],
            [
              74.2651423,
              40.1205219
            ],
            [
              74.265225,
              40.1197485
            ],
            [
              74.265173,
              40.1192789
            ],
            [
              74.2656608,
              40.1188372
            ],
            [
              74.2670882,
              40.1183854
            ],
            [
              74.2671437,
              40.1179321
            ],
            [
              74.2676221,
              40.1172527
            ],
            [
              74.2683984,
              40.1169992
            ],
            [
              74.2688878,
              40.1157497
            ],
            [
              74.2694479,
              40.1145767
            ],
            [
              74.2700571,
              40.1135151
            ],
            [
              74.2702138,
              40.1132571
            ],
            [
              74.27021,
              40.1127396
            ],
            [
              74.2705023,
              40.1123808
            ],
            [
              74.2708349,
              40.1119724
            ],
            [
              74.2714915,
              40.1113784
            ],
            [
              74.2719736,
              40.1108244
            ],
            [
              74.273041,
              40.1104071
            ],
            [
              74.274298,
              40.1096944
            ],
            [
              74.2749631,
              40.1091604
            ],
            [
              74.2751694,
              40.1085601
            ],
            [
              74.2756837,
              40.1080872
            ],
            [
              74.2759096,
              40.107494
            ],
            [
              74.2770946,
              40.1067683
            ],
            [
              74.2775044,
              40.1063534
            ],
            [
              74.2782307,
              40.1051565
            ],
            [
              74.2786139,
              40.1043326
            ],
            [
              74.2815182,
              40.1038793
            ],
            [
              74.2834793,
              40.1040333
            ],
            [
              74.2856743,
              40.1038034
            ],
            [
              74.287713,
              40.1035127
            ],
            [
              74.2885373,
              40.103507
            ],
            [
              74.2894264,
              40.1039281
            ],
            [
              74.2907088,
              40.105383
            ],
            [
              74.2909049,
              40.1072513
            ],
            [
              74.2912184,
              40.1077963
            ],
            [
              74.291948,
              40.1085788
            ],
            [
              74.2931524,
              40.1090814
            ],
            [
              74.2946213,
              40.1093052
            ],
            [
              74.2959135,
              40.110095
            ],
            [
              74.2962215,
              40.110502
            ],
            [
              74.2969137,
              40.111031
            ],
            [
              74.2972153,
              40.1115281
            ],
            [
              74.2976434,
              40.1118049
            ],
            [
              74.3001524,
              40.1118527
            ],
            [
              74.3011465,
              40.1125203
            ],
            [
              74.3023641,
              40.1131399
            ],
            [
              74.3026353,
              40.1140207
            ],
            [
              74.3029256,
              40.114138
            ],
            [
              74.3030327,
              40.1143881
            ],
            [
              74.303788,
              40.1147688
            ],
            [
              74.3045623,
              40.1140025
            ],
            [
              74.3058067,
              40.1141411
            ],
            [
              74.3069935,
              40.113414
            ],
            [
              74.3075195,
              40.1134048
            ],
            [
              74.3085967,
              40.1129565
            ],
            [
              74.3104772,
              40.1128045
            ],
            [
              74.3118738,
              40.1123155
            ],
            [
              74.3127144,
              40.1118057
            ],
            [
              74.3136224,
              40.1109084
            ],
            [
              74.3143821,
              40.107786
            ],
            [
              74.3153335,
              40.1058364
            ],
            [
              74.3160057,
              40.104661
            ],
            [
              74.3175128,
              40.1037335
            ],
            [
              74.3194045,
              40.102251
            ],
            [
              74.3210876,
              40.1020951
            ],
            [
              74.3234123,
              40.1010816
            ],
            [
              74.32521,
              40.1010529
            ],
            [
              74.3284429,
              40.1005547
            ],
            [
              74.3300776,
              40.0994849
            ],
            [
              74.3314377,
              40.098227
            ],
            [
              74.3321679,
              40.0976504
            ],
            [
              74.3328796,
              40.0972776
            ],
            [
              74.3335334,
              40.0964841
            ],
            [
              74.3345155,
              40.0957192
            ],
            [
              74.3348578,
              40.0953815
            ],
            [
              74.3351082,
              40.094739
            ],
            [
              74.3359259,
              40.0946447
            ],
            [
              74.3385001,
              40.0940496
            ],
            [
              74.3388709,
              40.0938591
            ],
            [
              74.340437,
              40.0936281
            ],
            [
              74.3445846,
              40.0935122
            ],
            [
              74.3448289,
              40.0940651
            ],
            [
              74.3456671,
              40.094121
            ],
            [
              74.3462254,
              40.094523
            ],
            [
              74.3469884,
              40.0946652
            ],
            [
              74.3476646,
              40.0951953
            ],
            [
              74.3483359,
              40.0956326
            ],
            [
              74.3484362,
              40.0962799
            ],
            [
              74.3489007,
              40.0968414
            ],
            [
              74.3493822,
              40.0969818
            ],
            [
              74.3498963,
              40.0972181
            ],
            [
              74.3507754,
              40.0972352
            ],
            [
              74.3512932,
              40.0973871
            ],
            [
              74.3533203,
              40.0973274
            ],
            [
              74.3545225,
              40.0977321
            ],
            [
              74.3556065,
              40.0987484
            ],
            [
              74.356035,
              40.0990268
            ],
            [
              74.3562588,
              40.099588
            ],
            [
              74.3562132,
              40.1005119
            ],
            [
              74.3565658,
              40.1012304
            ],
            [
              74.3565394,
              40.102116
            ],
            [
              74.3570206,
              40.1025221
            ],
            [
              74.3576825,
              40.1028389
            ],
            [
              74.358589,
              40.1024646
            ],
            [
              74.3591929,
              40.1023308
            ],
            [
              74.3594764,
              40.10237
            ],
            [
              74.3601303,
              40.1028549
            ],
            [
              74.36026,
              40.1031978
            ],
            [
              74.3606193,
              40.1033918
            ],
            [
              74.3607606,
              40.1036123
            ],
            [
              74.3616939,
              40.1034539
            ],
            [
              74.3621785,
              40.1032795
            ],
            [
              74.3634089,
              40.1032543
            ],
            [
              74.3647189,
              40.1037985
            ],
            [
              74.3651946,
              40.1038983
            ],
            [
              74.3661758,
              40.103701
            ],
            [
              74.3669941,
              40.1037961
            ],
            [
              74.3671965,
              40.1036178
            ],
            [
              74.3674766,
              40.1037049
            ],
            [
              74.3679426,
              40.1036132
            ],
            [
              74.3686622,
              40.1032763
            ],
            [
              74.3689664,
              40.1032427
            ],
            [
              74.3695328,
              40.10358
            ],
            [
              74.3697591,
              40.1043677
            ],
            [
              74.369761,
              40.1048508
            ],
            [
              74.3701166,
              40.1052665
            ],
            [
              74.3704751,
              40.1055559
            ],
            [
              74.3706509,
              40.1058948
            ],
            [
              74.3711298,
              40.1065017
            ],
            [
              74.3710592,
              40.1073382
            ],
            [
              74.3708093,
              40.1081468
            ],
            [
              74.3708819,
              40.109076
            ],
            [
              74.3710674,
              40.109801
            ],
            [
              74.3716637,
              40.1105112
            ],
            [
              74.371924,
              40.1106248
            ],
            [
              74.372115,
              40.1108169
            ],
            [
              74.3721499,
              40.1113417
            ],
            [
              74.3723036,
              40.1116621
            ],
            [
              74.3729362,
              40.1116873
            ],
            [
              74.3732071,
              40.1115745
            ],
            [
              74.3738136,
              40.111476
            ],
            [
              74.3739637,
              40.1115823
            ],
            [
              74.3742992,
              40.1116869
            ],
            [
              74.3748523,
              40.1122828
            ],
            [
              74.3752366,
              40.1124591
            ],
            [
              74.3754752,
              40.1128699
            ],
            [
              74.3754602,
              40.1142314
            ],
            [
              74.3755332,
              40.1147653
            ],
            [
              74.3759601,
              40.1156728
            ],
            [
              74.376056,
              40.1161856
            ],
            [
              74.3769462,
              40.1162813
            ],
            [
              74.3780331,
              40.116292
            ],
            [
              74.3789301,
              40.1162403
            ],
            [
              74.3807671,
              40.1163636
            ],
            [
              74.3832893,
              40.1168163
            ],
            [
              74.3839647,
              40.1167199
            ],
            [
              74.384651,
              40.1165065
            ],
            [
              74.3851533,
              40.1161513
            ],
            [
              74.3857612,
              40.1162789
            ],
            [
              74.38869,
              40.1177627
            ],
            [
              74.389576,
              40.1185439
            ],
            [
              74.3899129,
              40.1191175
            ],
            [
              74.3908516,
              40.1192931
            ],
            [
              74.3911313,
              40.120123
            ],
            [
              74.3916018,
              40.1208557
            ],
            [
              74.3921629,
              40.1226429
            ],
            [
              74.3930219,
              40.1239166
            ],
            [
              74.393232,
              40.1253266
            ],
            [
              74.3937568,
              40.12559
            ],
            [
              74.3946084,
              40.1254252
            ],
            [
              74.3954026,
              40.1255817
            ],
            [
              74.3964889,
              40.1253725
            ],
            [
              74.3978283,
              40.1259534
            ],
            [
              74.3988089,
              40.1262483
            ],
            [
              74.3996454,
              40.1269593
            ],
            [
              74.3996385,
              40.1278262
            ],
            [
              74.399738,
              40.1284289
            ],
            [
              74.3996437,
              40.129348
            ],
            [
              74.3995365,
              40.1295472
            ],
            [
              74.3995119,
              40.1300102
            ],
            [
              74.4012122,
              40.1311094
            ],
            [
              74.4029123,
              40.1326289
            ],
            [
              74.4047881,
              40.1350543
            ],
            [
              74.4053543,
              40.1354302
            ],
            [
              74.4059788,
              40.1356569
            ],
            [
              74.4064784,
              40.1355033
            ],
            [
              74.4069465,
              40.1354948
            ],
            [
              74.4076967,
              40.1356071
            ],
            [
              74.4087576,
              40.1356895
            ],
            [
              74.4093712,
              40.1356415
            ],
            [
              74.4102797,
              40.1353524
            ],
            [
              74.4110462,
              40.1351713
            ],
            [
              74.4118955,
              40.1353272
            ],
            [
              74.4143067,
              40.1352523
            ],
            [
              74.4148017,
              40.1357755
            ],
            [
              74.4153929,
              40.1360668
            ],
            [
              74.4160812,
              40.1362478
            ],
            [
              74.4174996,
              40.1364854
            ],
            [
              74.418785,
              40.1375809
            ],
            [
              74.4210124,
              40.1384354
            ],
            [
              74.4212289,
              40.1390854
            ],
            [
              74.4217027,
              40.1398411
            ],
            [
              74.4235827,
              40.141569
            ],
            [
              74.4237727,
              40.1419254
            ],
            [
              74.4239814,
              40.1427002
            ],
            [
              74.4242625,
              40.143152
            ],
            [
              74.4249056,
              40.1436137
            ],
            [
              74.4251603,
              40.1439197
            ],
            [
              74.4258041,
              40.1440051
            ],
            [
              74.4268903,
              40.1440247
            ],
            [
              74.4275972,
              40.144267
            ],
            [
              74.4287974,
              40.1443384
            ],
            [
              74.430042,
              40.1451531
            ],
            [
              74.4308648,
              40.1450012
            ],
            [
              74.4323215,
              40.1460854
            ],
            [
              74.4326196,
              40.1466037
            ],
            [
              74.4330296,
              40.1470657
            ],
            [
              74.4336271,
              40.1473385
            ],
            [
              74.4341884,
              40.1473621
            ],
            [
              74.4346305,
              40.1476184
            ],
            [
              74.4347845,
              40.147831
            ],
            [
              74.4355463,
              40.1483014
            ],
            [
              74.436636,
              40.1484737
            ],
            [
              74.4377332,
              40.1488275
            ],
            [
              74.4379953,
              40.1491047
            ],
            [
              74.4393106,
              40.1491273
            ],
            [
              74.4398257,
              40.1492223
            ],
            [
              74.4400407,
              40.150162
            ],
            [
              74.4402851,
              40.1503412
            ],
            [
              74.4403524,
              40.150858
            ],
            [
              74.44054,
              40.151106
            ],
            [
              74.4408604,
              40.1512835
            ],
            [
              74.4410669,
              40.1517441
            ],
            [
              74.44159,
              40.1522454
            ],
            [
              74.44166,
              40.1525984
            ],
            [
              74.4432815,
              40.1532526
            ],
            [
              74.4450723,
              40.1543324
            ],
            [
              74.447978,
              40.1552383
            ],
            [
              74.4491954,
              40.1555055
            ],
            [
              74.4498248,
              40.1559658
            ],
            [
              74.4507044,
              40.1559224
            ],
            [
              74.4519297,
              40.1560353
            ],
            [
              74.4536126,
              40.156957
            ],
            [
              74.4537017,
              40.1574674
            ],
            [
              74.4539513,
              40.158265
            ],
            [
              74.4538289,
              40.1590464
            ],
            [
              74.4546805,
              40.1603943
            ],
            [
              74.4552472,
              40.1609048
            ],
            [
              74.4572415,
              40.161922
            ],
            [
              74.4578792,
              40.1630687
            ],
            [
              74.4585213,
              40.1633441
            ],
            [
              74.4594908,
              40.1634858
            ],
            [
              74.4605571,
              40.1644716
            ],
            [
              74.4620992,
              40.1650603
            ],
            [
              74.4634074,
              40.1667357
            ],
            [
              74.4636696,
              40.1673651
            ],
            [
              74.4637466,
              40.1681789
            ],
            [
              74.4635767,
              40.1694559
            ],
            [
              74.4642618,
              40.1710541
            ],
            [
              74.4646016,
              40.1713463
            ],
            [
              74.4648385,
              40.1718549
            ],
            [
              74.4648772,
              40.1728101
            ],
            [
              74.4650659,
              40.1731018
            ],
            [
              74.4655923,
              40.1736382
            ],
            [
              74.4659026,
              40.1741653
            ],
            [
              74.4659537,
              40.1745943
            ],
            [
              74.4662523,
              40.1750287
            ],
            [
              74.4674012,
              40.1755041
            ],
            [
              74.4681681,
              40.176005
            ],
            [
              74.4690472,
              40.1769871
            ],
            [
              74.4691805,
              40.177485
            ],
            [
              74.4690857,
              40.1782373
            ],
            [
              74.4695071,
              40.1788921
            ],
            [
              74.4699843,
              40.1794353
            ],
            [
              74.4708219,
              40.1796684
            ],
            [
              74.4715877,
              40.1799961
            ],
            [
              74.4721877,
              40.1804478
            ],
            [
              74.4725518,
              40.1809714
            ],
            [
              74.4729009,
              40.1817445
            ],
            [
              74.4734145,
              40.1821135
            ],
            [
              74.4749936,
              40.1816844
            ],
            [
              74.4759022,
              40.181614
            ],
            [
              74.4767439,
              40.1818988
            ],
            [
              74.4772526,
              40.1823791
            ],
            [
              74.4786316,
              40.1826329
            ],
            [
              74.4792204,
              40.1829794
            ],
            [
              74.4802308,
              40.1841515
            ],
            [
              74.4803298,
              40.1846307
            ],
            [
              74.4809883,
              40.1850485
            ],
            [
              74.4838259,
              40.1851373
            ],
            [
              74.4844114,
              40.1848414
            ],
            [
              74.484898,
              40.1852886
            ],
            [
              74.4849388,
              40.1860781
            ],
            [
              74.4848215,
              40.1865333
            ],
            [
              74.48518,
              40.188513
            ],
            [
              74.4846456,
              40.1903289
            ],
            [
              74.484727,
              40.190774
            ],
            [
              74.4863785,
              40.192437
            ],
            [
              74.4881347,
              40.1936619
            ],
            [
              74.488697,
              40.1947085
            ],
            [
              74.4897239,
              40.1961714
            ],
            [
              74.4902061,
              40.1974551
            ],
            [
              74.4913979,
              40.1996832
            ],
            [
              74.492716,
              40.2006723
            ],
            [
              74.4944247,
              40.2016249
            ],
            [
              74.4956825,
              40.2021001
            ],
            [
              74.4970809,
              40.2032567
            ],
            [
              74.4982746,
              40.2044498
            ],
            [
              74.5003498,
              40.2050072
            ],
            [
              74.5011228,
              40.2052686
            ],
            [
              74.5026163,
              40.2047491
            ],
            [
              74.5036464,
              40.2047527
            ],
            [
              74.5058618,
              40.2044261
            ],
            [
              74.5066938,
              40.2047494
            ],
            [
              74.508105,
              40.205426
            ],
            [
              74.5105886,
              40.2056327
            ],
            [
              74.5127538,
              40.2064812
            ],
            [
              74.5134036,
              40.2065076
            ],
            [
              74.51379,
              40.2069134
            ],
            [
              74.515531,
              40.2072058
            ],
            [
              74.5170809,
              40.207105
            ],
            [
              74.5187456,
              40.2076294
            ],
            [
              74.5210638,
              40.2081548
            ],
            [
              74.5232512,
              40.2082698
            ],
            [
              74.525516,
              40.2089619
            ],
            [
              74.5261196,
              40.2111173
            ],
            [
              74.5265438,
              40.2117898
            ],
            [
              74.5283461,
              40.2126634
            ],
            [
              74.5297188,
              40.2136915
            ],
            [
              74.5310373,
              40.2142046
            ],
            [
              74.5319732,
              40.2149048
            ],
            [
              74.5325576,
              40.2161924
            ],
            [
              74.5344528,
              40.2178717
            ],
            [
              74.536358,
              40.2191531
            ],
            [
              74.5366967,
              40.2202766
            ],
            [
              74.5377467,
              40.2207975
            ],
            [
              74.5387106,
              40.2214188
            ],
            [
              74.5398159,
              40.2236895
            ],
            [
              74.5404104,
              40.2243935
            ],
            [
              74.5409056,
              40.2251274
            ],
            [
              74.5419941,
              40.2261377
            ],
            [
              74.5430362,
              40.2275269
            ],
            [
              74.54347,
              40.2283818
            ],
            [
              74.5435883,
              40.2292799
            ],
            [
              74.5431389,
              40.2300097
            ],
            [
              74.5426597,
              40.2305875
            ],
            [
              74.5427732,
              40.2312761
            ],
            [
              74.5435816,
              40.2323106
            ],
            [
              74.5452669,
              40.2336309
            ],
            [
              74.5463835,
              40.2340215
            ],
            [
              74.546744,
              40.2342588
            ],
            [
              74.5473178,
              40.2345316
            ],
            [
              74.5476145,
              40.235005
            ],
            [
              74.5481273,
              40.2356559
            ],
            [
              74.5496873,
              40.2396918
            ],
            [
              74.5514517,
              40.2405541
            ],
            [
              74.5530399,
              40.2412568
            ],
            [
              74.5534232,
              40.2423229
            ],
            [
              74.5544409,
              40.2432981
            ],
            [
              74.5546781,
              40.2437999
            ],
            [
              74.5580992,
              40.245512
            ],
            [
              74.5584414,
              40.2467882
            ],
            [
              74.5603623,
              40.2490142
            ],
            [
              74.560685,
              40.2510834
            ],
            [
              74.5605369,
              40.2533945
            ],
            [
              74.561069,
              40.253935
            ],
            [
              74.5623061,
              40.2555214
            ],
            [
              74.5626391,
              40.2560397
            ],
            [
              74.5630853,
              40.2582705
            ],
            [
              74.5643248,
              40.2595898
            ],
            [
              74.5655971,
              40.2600969
            ],
            [
              74.5672026,
              40.2604637
            ],
            [
              74.5681971,
              40.2605301
            ],
            [
              74.5696156,
              40.2614461
            ],
            [
              74.5709731,
              40.2620359
            ],
            [
              74.572723,
              40.261986
            ],
            [
              74.5738707,
              40.2633933
            ],
            [
              74.5746111,
              40.2644391
            ],
            [
              74.5752647,
              40.2652369
            ],
            [
              74.5768723,
              40.2663789
            ],
            [
              74.577742,
              40.2670837
            ],
            [
              74.5791253,
              40.2671455
            ],
            [
              74.5813429,
              40.2689707
            ],
            [
              74.5823555,
              40.2704519
            ],
            [
              74.5833264,
              40.2713525
            ],
            [
              74.5840547,
              40.2732009
            ],
            [
              74.5837975,
              40.2744484
            ],
            [
              74.5840997,
              40.275088
            ],
            [
              74.5846998,
              40.2758625
            ],
            [
              74.5847462,
              40.2767884
            ],
            [
              74.5850219,
              40.2775201
            ],
            [
              74.5862665,
              40.278518
            ],
            [
              74.5869557,
              40.2787585
            ],
            [
              74.5884165,
              40.2791701
            ],
            [
              74.5888597,
              40.2799115
            ],
            [
              74.5896614,
              40.280635
            ],
            [
              74.5904952,
              40.2822165
            ],
            [
              74.5909737,
              40.2824649
            ],
            [
              74.5922172,
              40.2823706
            ],
            [
              74.5937979,
              40.2818621
            ],
            [
              74.5978771,
              40.2808175
            ],
            [
              74.5989421,
              40.2813424
            ],
            [
              74.5999504,
              40.2812221
            ],
            [
              74.6020004,
              40.2819136
            ],
            [
              74.6044992,
              40.2837763
            ],
            [
              74.6063028,
              40.2844138
            ],
            [
              74.6078954,
              40.2836333
            ],
            [
              74.6090314,
              40.2824308
            ],
            [
              74.6108312,
              40.2821128
            ],
            [
              74.6125506,
              40.2813876
            ],
            [
              74.6136668,
              40.2807217
            ],
            [
              74.6147507,
              40.2802908
            ],
            [
              74.6167697,
              40.2803043
            ],
            [
              74.6180516,
              40.2808901
            ],
            [
              74.6193937,
              40.2811781
            ],
            [
              74.6207428,
              40.2809171
            ],
            [
              74.6219771,
              40.2805973
            ],
            [
              74.6244726,
              40.28194
            ],
            [
              74.6262127,
              40.2822657
            ],
            [
              74.6276866,
              40.2831197
            ],
            [
              74.6279039,
              40.2833694
            ],
            [
              74.6288298,
              40.2837592
            ],
            [
              74.629536,
              40.2837136
            ],
            [
              74.6303719,
              40.2838122
            ],
            [
              74.6327702,
              40.2824907
            ],
            [
              74.6336819,
              40.2816211
            ],
            [
              74.6351659,
              40.2808281
            ],
            [
              74.6371418,
              40.2800818
            ],
            [
              74.638793,
              40.279198
            ],
            [
              74.638474,
              40.2786302
            ],
            [
              74.63852,
              40.2780446
            ],
            [
              74.6388716,
              40.2774653
            ],
            [
              74.6391404,
              40.2765492
            ],
            [
              74.6403105,
              40.2738424
            ],
            [
              74.6411824,
              40.2724867
            ],
            [
              74.6414378,
              40.2721776
            ],
            [
              74.6436332,
              40.2723286
            ],
            [
              74.6450492,
              40.2725394
            ],
            [
              74.6468076,
              40.2728795
            ],
            [
              74.6482235,
              40.2729246
            ],
            [
              74.6505576,
              40.2727603
            ],
            [
              74.6524157,
              40.2727409
            ],
            [
              74.6543429,
              40.2728269
            ],
            [
              74.6605188,
              40.2728815
            ],
            [
              74.6612539,
              40.2735136
            ],
            [
              74.6614342,
              40.2743717
            ],
            [
              74.6621168,
              40.2750002
            ],
            [
              74.6626352,
              40.276083
            ],
            [
              74.6637015,
              40.2766651
            ],
            [
              74.6638993,
              40.2768559
            ],
            [
              74.6646079,
              40.2771238
            ],
            [
              74.6656062,
              40.2770167
            ],
            [
              74.667001,
              40.2775644
            ],
            [
              74.6684812,
              40.2794983
            ],
            [
              74.670792,
              40.2800682
            ],
            [
              74.671,
              40.280836
            ],
            [
              74.6717457,
              40.2814544
            ],
            [
              74.6721916,
              40.2825261
            ],
            [
              74.6723248,
              40.2832223
            ],
            [
              74.6723075,
              40.283879
            ],
            [
              74.674237,
              40.2843267
            ],
            [
              74.6760266,
              40.2843487
            ],
            [
              74.6766779,
              40.2845396
            ],
            [
              74.6779504,
              40.2850224
            ],
            [
              74.679983,
              40.2864413
            ],
            [
              74.6813651,
              40.2871303
            ],
            [
              74.6819116,
              40.2877505
            ],
            [
              74.6826184,
              40.2880187
            ],
            [
              74.6837452,
              40.2887004
            ],
            [
              74.684728,
              40.2894059
            ],
            [
              74.6839881,
              40.2899521
            ],
            [
              74.6806797,
              40.2929623
            ],
            [
              74.6800932,
              40.2933122
            ],
            [
              74.6792486,
              40.2936288
            ],
            [
              74.678462,
              40.2940765
            ],
            [
              74.6786825,
              40.2953356
            ],
            [
              74.6790777,
              40.2964786
            ],
            [
              74.6791707,
              40.2976892
            ],
            [
              74.6796612,
              40.2979838
            ],
            [
              74.6798412,
              40.298211
            ],
            [
              74.679856,
              40.2985381
            ],
            [
              74.6796732,
              40.2998172
            ],
            [
              74.6800506,
              40.3000982
            ],
            [
              74.6821603,
              40.3011163
            ],
            [
              74.6836324,
              40.3021103
            ],
            [
              74.6843408,
              40.3028011
            ],
            [
              74.6851526,
              40.3032339
            ],
            [
              74.6869024,
              40.3052023
            ],
            [
              74.6874484,
              40.306233
            ],
            [
              74.6880878,
              40.3066947
            ],
            [
              74.6892701,
              40.3091088
            ],
            [
              74.6902867,
              40.3095941
            ],
            [
              74.6904306,
              40.3100092
            ],
            [
              74.6913253,
              40.3112215
            ],
            [
              74.6915419,
              40.3118187
            ],
            [
              74.6924024,
              40.3121844
            ],
            [
              74.6936936,
              40.313722
            ],
            [
              74.6942554,
              40.3139477
            ],
            [
              74.6946978,
              40.3151381
            ],
            [
              74.6950993,
              40.3156112
            ],
            [
              74.6952193,
              40.3159659
            ],
            [
              74.6952887,
              40.3167793
            ],
            [
              74.6958789,
              40.3179693
            ],
            [
              74.6962668,
              40.3182281
            ],
            [
              74.6967838,
              40.3187164
            ],
            [
              74.6968401,
              40.3194714
            ],
            [
              74.6971399,
              40.319918
            ],
            [
              74.697347,
              40.3205433
            ],
            [
              74.6977696,
              40.3208196
            ],
            [
              74.6983649,
              40.3210735
            ],
            [
              74.699426,
              40.3225148
            ],
            [
              74.6999459,
              40.3233747
            ],
            [
              74.7003106,
              40.3238652
            ],
            [
              74.7006265,
              40.3245621
            ],
            [
              74.7007503,
              40.3251452
            ],
            [
              74.7007554,
              40.3262647
            ],
            [
              74.7006628,
              40.3275176
            ],
            [
              74.7004422,
              40.3281557
            ],
            [
              74.7004322,
              40.3285459
            ],
            [
              74.7009948,
              40.330489
            ],
            [
              74.7010178,
              40.3308158
            ],
            [
              74.7008097,
              40.3314765
            ],
            [
              74.7008294,
              40.3318068
            ],
            [
              74.701484,
              40.3330013
            ],
            [
              74.701536,
              40.3347585
            ],
            [
              74.7017335,
              40.3360163
            ],
            [
              74.7017471,
              40.3364999
            ],
            [
              74.7016724,
              40.3368145
            ],
            [
              74.7011807,
              40.3370675
            ],
            [
              74.7005231,
              40.3370841
            ],
            [
              74.7002807,
              40.3371557
            ],
            [
              74.6997924,
              40.3374739
            ],
            [
              74.6994852,
              40.3374766
            ],
            [
              74.6990093,
              40.3376734
            ],
            [
              74.698438,
              40.3377751
            ],
            [
              74.6980403,
              40.3379342
            ],
            [
              74.6975373,
              40.3382612
            ],
            [
              74.6967213,
              40.3386406
            ],
            [
              74.6963069,
              40.3387469
            ],
            [
              74.6963028,
              40.3390884
            ],
            [
              74.6964659,
              40.3396219
            ],
            [
              74.6968386,
              40.3401052
            ],
            [
              74.6968703,
              40.3405512
            ],
            [
              74.6966682,
              40.3417652
            ],
            [
              74.6962586,
              40.3426975
            ],
            [
              74.6961161,
              40.3434253
            ],
            [
              74.6955882,
              40.3435351
            ],
            [
              74.6946372,
              40.3438681
            ],
            [
              74.6938428,
              40.3443482
            ],
            [
              74.6927969,
              40.3457651
            ],
            [
              74.6922441,
              40.3471374
            ],
            [
              74.6919209,
              40.3477283
            ],
            [
              74.6915987,
              40.3489004
            ],
            [
              74.6916965,
              40.3498523
            ],
            [
              74.6922569,
              40.3498208
            ],
            [
              74.6939193,
              40.3495475
            ],
            [
              74.6952899,
              40.3491458
            ],
            [
              74.6970559,
              40.3490887
            ],
            [
              74.7046562,
              40.3494554
            ],
            [
              74.7079353,
              40.3494642
            ],
            [
              74.7090329,
              40.3491611
            ],
            [
              74.7094663,
              40.3492306
            ],
            [
              74.7108141,
              40.3495754
            ],
            [
              74.7115117,
              40.349564
            ],
            [
              74.7118746,
              40.349397
            ],
            [
              74.7120544,
              40.3490602
            ],
            [
              74.7171642,
              40.3482307
            ],
            [
              74.718983,
              40.3479425
            ],
            [
              74.7216959,
              40.3477304
            ],
            [
              74.723795,
              40.3474059
            ],
            [
              74.7258028,
              40.3472856
            ],
            [
              74.7272129,
              40.3470463
            ],
            [
              74.7279714,
              40.3466007
            ],
            [
              74.7289243,
              40.346219
            ],
            [
              74.729743,
              40.3458079
            ],
            [
              74.730644,
              40.3455011
            ],
            [
              74.7321676,
              40.3450932
            ],
            [
              74.733959,
              40.3447237
            ],
            [
              74.7352923,
              40.3445079
            ],
            [
              74.7360008,
              40.3445743
            ],
            [
              74.7374251,
              40.3451327
            ],
            [
              74.7376449,
              40.3456054
            ],
            [
              74.7380754,
              40.3468372
            ],
            [
              74.7384915,
              40.347477
            ],
            [
              74.7393514,
              40.3483069
            ],
            [
              74.7405316,
              40.3491943
            ],
            [
              74.74192,
              40.3500527
            ],
            [
              74.7427812,
              40.3503342
            ],
            [
              74.7446352,
              40.3510656
            ],
            [
              74.7458921,
              40.3517127
            ],
            [
              74.7466102,
              40.3522108
            ],
            [
              74.748087,
              40.352583
            ],
            [
              74.7487339,
              40.3523632
            ],
            [
              74.7494528,
              40.3519964
            ],
            [
              74.7499807,
              40.3519774
            ],
            [
              74.7513978,
              40.3517881
            ],
            [
              74.7524977,
              40.3518544
            ],
            [
              74.7533203,
              40.351509
            ],
            [
              74.7540911,
              40.3507331
            ],
            [
              74.7545902,
              40.3499121
            ],
            [
              74.7558189,
              40.3493072
            ],
            [
              74.7565455,
              40.349015
            ],
            [
              74.7574166,
              40.3489139
            ],
            [
              74.7597154,
              40.3489823
            ],
            [
              74.7601574,
              40.3490356
            ],
            [
              74.760548,
              40.3488368
            ],
            [
              74.7609742,
              40.348313
            ],
            [
              74.761568,
              40.3479491
            ],
            [
              74.7644315,
              40.3472143
            ],
            [
              74.7648705,
              40.3472692
            ],
            [
              74.7656238,
              40.3476764
            ],
            [
              74.7667547,
              40.3479113
            ],
            [
              74.7678643,
              40.3482178
            ],
            [
              74.7687754,
              40.3483866
            ],
            [
              74.7698352,
              40.3484672
            ],
            [
              74.7711452,
              40.3486837
            ],
            [
              74.772271,
              40.3488092
            ],
            [
              74.7731577,
              40.3486615
            ],
            [
              74.774066,
              40.348412
            ],
            [
              74.7749583,
              40.3484074
            ],
            [
              74.7787385,
              40.3486547
            ],
            [
              74.7813252,
              40.3494395
            ],
            [
              74.7837975,
              40.3502928
            ],
            [
              74.7848034,
              40.3507484
            ],
            [
              74.7862601,
              40.3517832
            ],
            [
              74.7868136,
              40.3520506
            ],
            [
              74.7881146,
              40.3530439
            ],
            [
              74.7890206,
              40.3534964
            ],
            [
              74.7897874,
              40.3537452
            ],
            [
              74.7906847,
              40.3532511
            ],
            [
              74.7921173,
              40.3527934
            ],
            [
              74.795512,
              40.3515735
            ],
            [
              74.7968118,
              40.351885
            ],
            [
              74.7993631,
              40.351568
            ],
            [
              74.7997956,
              40.3512708
            ],
            [
              74.8015492,
              40.3506499
            ],
            [
              74.8026252,
              40.3504879
            ],
            [
              74.8049437,
              40.3506903
            ],
            [
              74.8058275,
              40.3506968
            ],
            [
              74.8065841,
              40.3505669
            ],
            [
              74.807127,
              40.3501767
            ],
            [
              74.8076001,
              40.3500221
            ],
            [
              74.8086357,
              40.3498854
            ],
            [
              74.8093356,
              40.3499544
            ],
            [
              74.8108011,
              40.3498815
            ],
            [
              74.8115652,
              40.3496043
            ],
            [
              74.8123881,
              40.3488325
            ],
            [
              74.8130491,
              40.3479624
            ],
            [
              74.8139,
              40.3465413
            ],
            [
              74.8147989,
              40.3459329
            ],
            [
              74.8156131,
              40.3458481
            ],
            [
              74.8163591,
              40.3456068
            ],
            [
              74.8168,
              40.3456239
            ],
            [
              74.8176029,
              40.3454844
            ],
            [
              74.8191089,
              40.3453884
            ],
            [
              74.8197082,
              40.3455431
            ],
            [
              74.8205204,
              40.3454908
            ],
            [
              74.8215085,
              40.3453626
            ],
            [
              74.8215826,
              40.3440741
            ],
            [
              74.8219031,
              40.3437061
            ],
            [
              74.822178,
              40.3435172
            ],
            [
              74.822273,
              40.3427234
            ],
            [
              74.8227667,
              40.3417056
            ],
            [
              74.8230999,
              40.3414298
            ],
            [
              74.8238819,
              40.3412386
            ],
            [
              74.8296736,
              40.3408447
            ],
            [
              74.8311526,
              40.3405545
            ],
            [
              74.8323654,
              40.3404175
            ],
            [
              74.8325817,
              40.3399794
            ],
            [
              74.8329008,
              40.3395447
            ],
            [
              74.833312,
              40.3391585
            ],
            [
              74.8339627,
              40.3386236
            ],
            [
              74.8350571,
              40.3381053
            ],
            [
              74.8348993,
              40.3370843
            ],
            [
              74.8349862,
              40.3364652
            ],
            [
              74.8355941,
              40.3353014
            ],
            [
              74.8363951,
              40.3347211
            ],
            [
              74.836982,
              40.3339495
            ],
            [
              74.838123,
              40.3332098
            ],
            [
              74.8397138,
              40.3327176
            ],
            [
              74.8402616,
              40.3323157
            ],
            [
              74.841865,
              40.3313078
            ],
            [
              74.8429939,
              40.3303558
            ],
            [
              74.8451655,
              40.3300833
            ],
            [
              74.8467007,
              40.3293652
            ],
            [
              74.8480756,
              40.328118
            ],
            [
              74.8489531,
              40.3274064
            ],
            [
              74.8501395,
              40.326703
            ],
            [
              74.8512898,
              40.3261393
            ],
            [
              74.8545926,
              40.3250845
            ],
            [
              74.8557899,
              40.325018
            ],
            [
              74.8564101,
              40.3247545
            ],
            [
              74.8574356,
              40.3244387
            ],
            [
              74.8585936,
              40.3241664
            ],
            [
              74.8605145,
              40.3240737
            ],
            [
              74.8614549,
              40.3237906
            ],
            [
              74.8617605,
              40.3237651
            ],
            [
              74.862425,
              40.3241592
            ],
            [
              74.8629475,
              40.3248898
            ],
            [
              74.8638358,
              40.3255552
            ],
            [
              74.8648357,
              40.3257703
            ],
            [
              74.8655359,
              40.3260985
            ],
            [
              74.8664028,
              40.3270515
            ],
            [
              74.8672158,
              40.3280957
            ],
            [
              74.8674554,
              40.3282748
            ],
            [
              74.867968,
              40.3291488
            ],
            [
              74.868104,
              40.329596
            ],
            [
              74.86817,
              40.3315636
            ],
            [
              74.8680218,
              40.33226
            ],
            [
              74.8682909,
              40.3332403
            ],
            [
              74.8689083,
              40.3335515
            ],
            [
              74.8699258,
              40.3336601
            ],
            [
              74.8720283,
              40.3325842
            ],
            [
              74.8731718,
              40.3323656
            ],
            [
              74.8741091,
              40.3324944
            ],
            [
              74.8760172,
              40.3329298
            ],
            [
              74.8773597,
              40.3330512
            ],
            [
              74.8797214,
              40.3330834
            ],
            [
              74.8804238,
              40.3331619
            ],
            [
              74.8814304,
              40.3338169
            ],
            [
              74.8821032,
              40.33449
            ],
            [
              74.8828815,
              40.3349709
            ],
            [
              74.883273,
              40.3357575
            ],
            [
              74.8836953,
              40.3359815
            ],
            [
              74.8845371,
              40.337189
            ],
            [
              74.8851803,
              40.3373554
            ],
            [
              74.8854259,
              40.337593
            ],
            [
              74.8855881,
              40.338
            ],
            [
              74.8863501,
              40.3385245
            ],
            [
              74.8872173,
              40.3394441
            ],
            [
              74.8877704,
              40.3397446
            ],
            [
              74.8884259,
              40.3398548
            ],
            [
              74.8895949,
              40.3399132
            ],
            [
              74.8910517,
              40.3395446
            ],
            [
              74.8934812,
              40.3391443
            ],
            [
              74.8958482,
              40.3389387
            ],
            [
              74.8993023,
              40.3389302
            ],
            [
              74.8999151,
              40.338676
            ],
            [
              74.9007127,
              40.3380378
            ],
            [
              74.9014454,
              40.3377327
            ],
            [
              74.9022567,
              40.341326
            ],
            [
              74.9029429,
              40.3426357
            ],
            [
              74.9030092,
              40.3436123
            ],
            [
              74.903951,
              40.3442623
            ],
            [
              74.9047185,
              40.3449185
            ],
            [
              74.9050923,
              40.3448792
            ],
            [
              74.9061704,
              40.3442741
            ],
            [
              74.9069486,
              40.3440764
            ],
            [
              74.9081399,
              40.3439745
            ],
            [
              74.9093422,
              40.3443197
            ],
            [
              74.9102293,
              40.3448175
            ],
            [
              74.9105793,
              40.3452616
            ],
            [
              74.9105733,
              40.3461275
            ],
            [
              74.9100222,
              40.3472188
            ],
            [
              74.9082163,
              40.3498719
            ],
            [
              74.9067683,
              40.3512112
            ],
            [
              74.9060947,
              40.3520589
            ],
            [
              74.9055906,
              40.3530082
            ],
            [
              74.905515,
              40.3534593
            ],
            [
              74.905347,
              40.3536979
            ],
            [
              74.9045436,
              40.3538054
            ],
            [
              74.9035094,
              40.3541446
            ],
            [
              74.9027266,
              40.3546419
            ],
            [
              74.9010809,
              40.3552133
            ],
            [
              74.9009216,
              40.3551086
            ],
            [
              74.8997569,
              40.3550104
            ],
            [
              74.8973584,
              40.3552814
            ],
            [
              74.8966123,
              40.3555743
            ],
            [
              74.8954585,
              40.3558036
            ],
            [
              74.8946048,
              40.3563817
            ],
            [
              74.8936984,
              40.3571752
            ],
            [
              74.8931768,
              40.3573492
            ],
            [
              74.8927401,
              40.3575752
            ],
            [
              74.892264,
              40.3581521
            ],
            [
              74.8919859,
              40.3587281
            ],
            [
              74.8918656,
              40.3593831
            ],
            [
              74.8910874,
              40.359568
            ],
            [
              74.8905625,
              40.3599453
            ],
            [
              74.8890058,
              40.3602528
            ],
            [
              74.8886041,
              40.36021
            ],
            [
              74.8874185,
              40.3604615
            ],
            [
              74.8867924,
              40.3604662
            ],
            [
              74.8850002,
              40.3614156
            ],
            [
              74.8842677,
              40.361681
            ],
            [
              74.8833446,
              40.3618487
            ],
            [
              74.8815397,
              40.3622858
            ],
            [
              74.8795918,
              40.3630689
            ],
            [
              74.87913,
              40.3634681
            ],
            [
              74.8789204,
              40.363723
            ],
            [
              74.8781632,
              40.3639423
            ],
            [
              74.8778764,
              40.3640625
            ],
            [
              74.8776518,
              40.3642258
            ],
            [
              74.8756072,
              40.3660005
            ],
            [
              74.8752071,
              40.3662292
            ],
            [
              74.874733,
              40.366599
            ],
            [
              74.874672,
              40.367807
            ],
            [
              74.8745703,
              40.3683149
            ],
            [
              74.874437,
              40.3685401
            ],
            [
              74.8743983,
              40.3691252
            ],
            [
              74.8733971,
              40.3697864
            ],
            [
              74.8728824,
              40.3698838
            ],
            [
              74.872051,
              40.3703162
            ],
            [
              74.8716897,
              40.3703394
            ],
            [
              74.8710677,
              40.3707463
            ],
            [
              74.8709512,
              40.3721375
            ],
            [
              74.8710845,
              40.372497
            ],
            [
              74.8710811,
              40.3727237
            ],
            [
              74.8709702,
              40.3732658
            ],
            [
              74.8705714,
              40.3742089
            ],
            [
              74.869738,
              40.3747451
            ],
            [
              74.8672312,
              40.3758236
            ],
            [
              74.8665992,
              40.375773
            ],
            [
              74.866217,
              40.3759117
            ],
            [
              74.866071,
              40.3761865
            ],
            [
              74.8658214,
              40.3763012
            ],
            [
              74.865652,
              40.3764369
            ],
            [
              74.8657355,
              40.3772274
            ],
            [
              74.8659673,
              40.3776531
            ],
            [
              74.8661546,
              40.377832
            ],
            [
              74.8662886,
              40.3782904
            ],
            [
              74.8660726,
              40.3794861
            ],
            [
              74.8656885,
              40.3800087
            ],
            [
              74.8648345,
              40.3806528
            ],
            [
              74.8647144,
              40.3809506
            ],
            [
              74.8646431,
              40.3812675
            ],
            [
              74.8647297,
              40.3816294
            ],
            [
              74.8646434,
              40.3819479
            ],
            [
              74.8646945,
              40.3826569
            ],
            [
              74.8645151,
              40.3830696
            ],
            [
              74.8643399,
              40.3832346
            ],
            [
              74.8636144,
              40.3835128
            ],
            [
              74.8611056,
              40.3849195
            ],
            [
              74.860538,
              40.3852928
            ],
            [
              74.8598709,
              40.3854022
            ],
            [
              74.8594849,
              40.3856848
            ],
            [
              74.8589774,
              40.385885
            ],
            [
              74.8580164,
              40.3860806
            ],
            [
              74.8577318,
              40.3869718
            ],
            [
              74.8573113,
              40.3879979
            ],
            [
              74.8572632,
              40.388401
            ],
            [
              74.8574911,
              40.3907959
            ],
            [
              74.8574616,
              40.3913266
            ],
            [
              74.8566782,
              40.3924105
            ],
            [
              74.8553123,
              40.393763
            ],
            [
              74.8547564,
              40.3941048
            ],
            [
              74.8541884,
              40.3942733
            ],
            [
              74.8537208,
              40.3944859
            ],
            [
              74.8528914,
              40.3946276
            ],
            [
              74.8516123,
              40.3946381
            ],
            [
              74.8512084,
              40.394474
            ],
            [
              74.8485962,
              40.3948546
            ],
            [
              74.8476279,
              40.3951197
            ],
            [
              74.8466588,
              40.395242
            ],
            [
              74.8460909,
              40.3954386
            ],
            [
              74.8456506,
              40.3955034
            ],
            [
              74.8448096,
              40.3954883
            ],
            [
              74.8443347,
              40.3964375
            ],
            [
              74.8437078,
              40.3968415
            ],
            [
              74.8433453,
              40.3972439
            ],
            [
              74.843123,
              40.398269
            ],
            [
              74.8432608,
              40.3989797
            ],
            [
              74.8436027,
              40.3993465
            ],
            [
              74.843654,
              40.3996681
            ],
            [
              74.843624,
              40.4004683
            ],
            [
              74.8436889,
              40.4011926
            ],
            [
              74.8435437,
              40.4035378
            ],
            [
              74.8430208,
              40.4037436
            ],
            [
              74.842676,
              40.4041089
            ],
            [
              74.8424194,
              40.4042632
            ],
            [
              74.8419938,
              40.4047078
            ],
            [
              74.83993,
              40.4053689
            ],
            [
              74.8394526,
              40.4056061
            ],
            [
              74.8389163,
              40.4074
            ],
            [
              74.8384568,
              40.4079508
            ],
            [
              74.8376027,
              40.4083936
            ],
            [
              74.8370527,
              40.4087859
            ],
            [
              74.8366179,
              40.4089793
            ],
            [
              74.8357196,
              40.4089571
            ],
            [
              74.8353772,
              40.4091166
            ],
            [
              74.8345196,
              40.4092288
            ],
            [
              74.8336588,
              40.4099725
            ],
            [
              74.8326546,
              40.4103395
            ],
            [
              74.8304758,
              40.4103798
            ],
            [
              74.8288594,
              40.410662
            ],
            [
              74.8281611,
              40.4106356
            ],
            [
              74.8272617,
              40.4108369
            ],
            [
              74.8271393,
              40.4109561
            ],
            [
              74.8266261,
              40.4110783
            ],
            [
              74.8262706,
              40.4122781
            ],
            [
              74.8260192,
              40.4134362
            ],
            [
              74.8255287,
              40.4136718
            ],
            [
              74.8239755,
              40.4140669
            ],
            [
              74.8234946,
              40.4141223
            ],
            [
              74.8226537,
              40.4154083
            ],
            [
              74.8221724,
              40.416472
            ],
            [
              74.8216978,
              40.4168568
            ],
            [
              74.8199158,
              40.4173855
            ],
            [
              74.819493,
              40.4176457
            ],
            [
              74.8187551,
              40.4177352
            ],
            [
              74.8175319,
              40.4177443
            ],
            [
              74.8170819,
              40.4180083
            ],
            [
              74.8159942,
              40.4184865
            ],
            [
              74.8152821,
              40.4185522
            ],
            [
              74.8151454,
              40.4189856
            ],
            [
              74.8152268,
              40.4192696
            ],
            [
              74.8151327,
              40.419936
            ],
            [
              74.8153938,
              40.4204585
            ],
            [
              74.8146149,
              40.421843
            ],
            [
              74.8142574,
              40.4235688
            ],
            [
              74.8139013,
              40.4238843
            ],
            [
              74.812463,
              40.424156
            ],
            [
              74.8110236,
              40.4246704
            ],
            [
              74.8098058,
              40.4252396
            ],
            [
              74.8089406,
              40.4252057
            ],
            [
              74.8083035,
              40.4252753
            ],
            [
              74.8071328,
              40.425616
            ],
            [
              74.8044507,
              40.4271397
            ],
            [
              74.8034966,
              40.4279244
            ],
            [
              74.8032731,
              40.4283443
            ],
            [
              74.8030868,
              40.4288515
            ],
            [
              74.8018029,
              40.429277
            ],
            [
              74.8009272,
              40.4305212
            ],
            [
              74.8002334,
              40.4309642
            ],
            [
              74.7995399,
              40.4317457
            ],
            [
              74.7992664,
              40.4324527
            ],
            [
              74.7976313,
              40.4332536
            ],
            [
              74.7976983,
              40.4336868
            ],
            [
              74.7976418,
              40.4339716
            ],
            [
              74.7967267,
              40.4344292
            ],
            [
              74.7960845,
              40.4348778
            ],
            [
              74.7958118,
              40.4359145
            ],
            [
              74.7958542,
              40.4371218
            ],
            [
              74.7957641,
              40.4379842
            ],
            [
              74.7955215,
              40.4385387
            ],
            [
              74.7949849,
              40.4389757
            ],
            [
              74.794943,
              40.4401517
            ],
            [
              74.7954512,
              40.4406765
            ],
            [
              74.7952572,
              40.4408997
            ],
            [
              74.7945927,
              40.44143
            ],
            [
              74.7939206,
              40.4418442
            ],
            [
              74.7934859,
              40.4420127
            ],
            [
              74.79322,
              40.442423
            ],
            [
              74.793213,
              40.4426992
            ],
            [
              74.7928985,
              40.4430946
            ],
            [
              74.7928113,
              40.4433789
            ],
            [
              74.7930104,
              40.4442398
            ],
            [
              74.79209,
              40.4448417
            ],
            [
              74.7911508,
              40.4461949
            ],
            [
              74.7906547,
              40.4470146
            ],
            [
              74.7900388,
              40.4477852
            ],
            [
              74.7895769,
              40.4487688
            ],
            [
              74.7891383,
              40.4505901
            ],
            [
              74.7890687,
              40.4513096
            ],
            [
              74.7883683,
              40.4516544
            ],
            [
              74.7878982,
              40.4519618
            ],
            [
              74.7876023,
              40.4522324
            ],
            [
              74.7875547,
              40.4524161
            ],
            [
              74.7877433,
              40.4525289
            ],
            [
              74.7879144,
              40.4527417
            ],
            [
              74.7880033,
              40.4532537
            ],
            [
              74.7883936,
              40.4539018
            ],
            [
              74.7886766,
              40.4547718
            ],
            [
              74.7891756,
              40.4553523
            ],
            [
              74.7903122,
              40.455878
            ],
            [
              74.7907812,
              40.4559884
            ],
            [
              74.7913196,
              40.4557359
            ],
            [
              74.7927743,
              40.4558995
            ],
            [
              74.7954044,
              40.4552778
            ],
            [
              74.7963841,
              40.4548578
            ],
            [
              74.7972603,
              40.4547924
            ],
            [
              74.7986403,
              40.4541155
            ],
            [
              74.7993669,
              40.4539032
            ],
            [
              74.8007038,
              40.4538546
            ],
            [
              74.8021991,
              40.454087
            ],
            [
              74.8030693,
              40.454023
            ],
            [
              74.8038231,
              40.4541513
            ],
            [
              74.8042555,
              40.4546899
            ],
            [
              74.8046932,
              40.454995
            ],
            [
              74.8062752,
              40.4555233
            ],
            [
              74.8078662,
              40.455491
            ],
            [
              74.808337,
              40.4555942
            ],
            [
              74.8084166,
              40.4557755
            ],
            [
              74.8083368,
              40.4562665
            ],
            [
              74.8083469,
              40.4575723
            ],
            [
              74.8086974,
              40.4590365
            ],
            [
              74.8088704,
              40.4591762
            ],
            [
              74.8092818,
              40.4592672
            ],
            [
              74.8096292,
              40.4592692
            ],
            [
              74.8108618,
              40.4595059
            ],
            [
              74.8110856,
              40.460024
            ],
            [
              74.8110865,
              40.4606533
            ],
            [
              74.8114165,
              40.4610384
            ],
            [
              74.8114391,
              40.4619838
            ],
            [
              74.8106001,
              40.4625444
            ],
            [
              74.8102281,
              40.4629091
            ],
            [
              74.8106193,
              40.4648318
            ],
            [
              74.8110029,
              40.4651999
            ],
            [
              74.8116992,
              40.4655543
            ],
            [
              74.8123215,
              40.4663268
            ],
            [
              74.8134501,
              40.4668001
            ],
            [
              74.8146009,
              40.4679295
            ],
            [
              74.8149248,
              40.4685927
            ],
            [
              74.8149986,
              40.4690298
            ],
            [
              74.8147393,
              40.4694479
            ],
            [
              74.8142414,
              40.4711634
            ],
            [
              74.8123185,
              40.4724412
            ],
            [
              74.8122459,
              40.473037
            ],
            [
              74.8115026,
              40.4742185
            ],
            [
              74.8132742,
              40.4759064
            ],
            [
              74.8135362,
              40.4763456
            ],
            [
              74.8137366,
              40.476464
            ],
            [
              74.8141374,
              40.4784094
            ],
            [
              74.8146995,
              40.4790894
            ],
            [
              74.8151589,
              40.4793958
            ],
            [
              74.8158131,
              40.4803751
            ],
            [
              74.8168544,
              40.4810662
            ],
            [
              74.8172164,
              40.481649
            ],
            [
              74.8172904,
              40.4820713
            ],
            [
              74.8171897,
              40.4823687
            ],
            [
              74.8168188,
              40.4825524
            ],
            [
              74.8172478,
              40.4834143
            ],
            [
              74.8176057,
              40.4837362
            ],
            [
              74.8178511,
              40.4838541
            ],
            [
              74.8178175,
              40.4842093
            ],
            [
              74.8175495,
              40.4844328
            ],
            [
              74.8176374,
              40.4851238
            ],
            [
              74.81756,
              40.4853867
            ],
            [
              74.8172404,
              40.4857569
            ],
            [
              74.8172248,
              40.4861185
            ],
            [
              74.8173071,
              40.4867007
            ],
            [
              74.8177001,
              40.4871754
            ],
            [
              74.8178515,
              40.4876657
            ],
            [
              74.8188031,
              40.4885182
            ],
            [
              74.8194372,
              40.4894556
            ],
            [
              74.8191896,
              40.4917005
            ],
            [
              74.8191638,
              40.4926122
            ],
            [
              74.8188563,
              40.4934302
            ],
            [
              74.8186056,
              40.4943737
            ],
            [
              74.8183066,
              40.4946183
            ],
            [
              74.8175742,
              40.494975
            ],
            [
              74.8171772,
              40.4953223
            ],
            [
              74.8166032,
              40.4953799
            ],
            [
              74.8160018,
              40.4963273
            ],
            [
              74.8162998,
              40.4969524
            ],
            [
              74.8171847,
              40.497863
            ],
            [
              74.8176185,
              40.4991182
            ],
            [
              74.8175998,
              40.5004367
            ],
            [
              74.8177613,
              40.5007985
            ],
            [
              74.817759,
              40.5016591
            ],
            [
              74.8172417,
              40.5019254
            ],
            [
              74.8169052,
              40.5022216
            ],
            [
              74.8167872,
              40.5032794
            ],
            [
              74.8164575,
              40.5039685
            ],
            [
              74.8163504,
              40.5043724
            ],
            [
              74.8163705,
              40.5052849
            ],
            [
              74.8167236,
              40.5058655
            ],
            [
              74.8177298,
              40.506749
            ],
            [
              74.8193361,
              40.5073995
            ],
            [
              74.8204073,
              40.5084166
            ],
            [
              74.8207467,
              40.5086538
            ],
            [
              74.8237835,
              40.51047
            ],
            [
              74.8247088,
              40.5122917
            ],
            [
              74.8253543,
              40.5125035
            ],
            [
              74.827943,
              40.5152818
            ],
            [
              74.8342506,
              40.5171521
            ],
            [
              74.8356569,
              40.518987
            ],
            [
              74.8356785,
              40.5198927
            ],
            [
              74.8377619,
              40.5219397
            ],
            [
              74.8362493,
              40.5235048
            ],
            [
              74.8350262,
              40.5245161
            ],
            [
              74.8325164,
              40.5260163
            ],
            [
              74.8303825,
              40.5276818
            ],
            [
              74.8303349,
              40.529493
            ],
            [
              74.8285246,
              40.5315456
            ],
            [
              74.8264861,
              40.5331112
            ],
            [
              74.823899,
              40.531841
            ],
            [
              74.8208516,
              40.5306465
            ],
            [
              74.815607,
              40.5329807
            ],
            [
              74.8069017,
              40.5355208
            ],
            [
              74.8029566,
              40.535184
            ],
            [
              74.7992134,
              40.5368294
            ],
            [
              74.7960269,
              40.5386763
            ],
            [
              74.7942631,
              40.5367321
            ],
            [
              74.7921378,
              40.5328958
            ],
            [
              74.791887,
              40.5312914
            ],
            [
              74.7906602,
              40.5291045
            ],
            [
              74.7899876,
              40.528802
            ],
            [
              74.7893643,
              40.5269952
            ],
            [
              74.7882684,
              40.5266004
            ],
            [
              74.787004,
              40.5255926
            ],
            [
              74.7854161,
              40.524092
            ],
            [
              74.7838712,
              40.5221347
            ],
            [
              74.7824225,
              40.5211936
            ],
            [
              74.7818459,
              40.5180247
            ],
            [
              74.7794265,
              40.5162177
            ],
            [
              74.7770468,
              40.5129468
            ],
            [
              74.7753796,
              40.5122315
            ],
            [
              74.774891,
              40.510251
            ],
            [
              74.773244,
              40.5088091
            ],
            [
              74.7701322,
              40.5078889
            ],
            [
              74.7675595,
              40.5079845
            ],
            [
              74.7662238,
              40.5092706
            ],
            [
              74.7661131,
              40.5106811
            ],
            [
              74.7626524,
              40.5125291
            ],
            [
              74.7591058,
              40.513692
            ],
            [
              74.7562688,
              40.5126706
            ],
            [
              74.7514123,
              40.5119684
            ],
            [
              74.7462909,
              40.5131573
            ],
            [
              74.7449979,
              40.512919
            ],
            [
              74.7385051,
              40.5136348
            ],
            [
              74.7362524,
              40.5166206
            ],
            [
              74.7349262,
              40.516866
            ],
            [
              74.7325571,
              40.517787
            ],
            [
              74.7301626,
              40.5200305
            ],
            [
              74.7282529,
              40.5218574
            ],
            [
              74.7251006,
              40.5225295
            ],
            [
              74.7207064,
              40.5221827
            ],
            [
              74.7190663,
              40.522499
            ],
            [
              74.7146822,
              40.5216277
            ],
            [
              74.7126961,
              40.5215312
            ],
            [
              74.7081685,
              40.5212376
            ],
            [
              74.7059037,
              40.5214066
            ],
            [
              74.7042488,
              40.5200474
            ],
            [
              74.7037868,
              40.5190374
            ],
            [
              74.6984539,
              40.5180952
            ],
            [
              74.6935987,
              40.518432
            ],
            [
              74.6872473,
              40.5170291
            ],
            [
              74.6833986,
              40.5159137
            ],
            [
              74.6818667,
              40.5161
            ],
            [
              74.6784101,
              40.5169255
            ],
            [
              74.6744432,
              40.5171773
            ],
            [
              74.671905,
              40.5192639
            ],
            [
              74.6721196,
              40.519949
            ],
            [
              74.6719241,
              40.5218798
            ],
            [
              74.6731091,
              40.5234561
            ],
            [
              74.6730595,
              40.5250927
            ],
            [
              74.6724629,
              40.525723
            ],
            [
              74.6702099,
              40.5268648
            ],
            [
              74.6680212,
              40.5279249
            ],
            [
              74.6666676,
              40.5283732
            ],
            [
              74.6643531,
              40.528822
            ],
            [
              74.6614833,
              40.5315
            ],
            [
              74.65976,
              40.5310563
            ],
            [
              74.6558944,
              40.5335524
            ],
            [
              74.6548462,
              40.5353454
            ],
            [
              74.653151,
              40.5359977
            ],
            [
              74.6473472,
              40.5349433
            ],
            [
              74.6448898,
              40.5365685
            ],
            [
              74.6427464,
              40.537141
            ],
            [
              74.640212,
              40.5367968
            ],
            [
              74.6383486,
              40.5361763
            ],
            [
              74.6361878,
              40.5349659
            ],
            [
              74.6333887,
              40.535135
            ],
            [
              74.629859,
              40.5353483
            ],
            [
              74.6283833,
              40.5364333
            ],
            [
              74.6275091,
              40.5378079
            ],
            [
              74.6256308,
              40.5399998
            ],
            [
              74.6229846,
              40.5406458
            ],
            [
              74.6212864,
              40.5433032
            ],
            [
              74.6204924,
              40.5447055
            ],
            [
              74.6202604,
              40.5459644
            ],
            [
              74.6152858,
              40.5461483
            ],
            [
              74.6122956,
              40.5447544
            ],
            [
              74.6095061,
              40.5436293
            ],
            [
              74.6083903,
              40.5426673
            ],
            [
              74.6058167,
              40.5404167
            ],
            [
              74.6048498,
              40.5397973
            ],
            [
              74.6016311,
              40.5398789
            ],
            [
              74.6010089,
              40.5419661
            ],
            [
              74.6009445,
              40.5439229
            ],
            [
              74.5991635,
              40.5441837
            ],
            [
              74.5963218,
              40.5445699
            ],
            [
              74.595344,
              40.5446566
            ],
            [
              74.5937667,
              40.5444333
            ],
            [
              74.5927262,
              40.5441674
            ],
            [
              74.590044,
              40.5448034
            ],
            [
              74.5885634,
              40.5456839
            ],
            [
              74.5878339,
              40.5468741
            ],
            [
              74.5864936,
              40.5478153
            ],
            [
              74.5876528,
              40.5509944
            ],
            [
              74.5859498,
              40.55177
            ],
            [
              74.584229,
              40.5526785
            ],
            [
              74.5821798,
              40.5531921
            ],
            [
              74.5797443,
              40.5515373
            ],
            [
              74.5775986,
              40.550184
            ],
            [
              74.5746667,
              40.5502833
            ],
            [
              74.5729208,
              40.5511297
            ],
            [
              74.5706677,
              40.5499394
            ],
            [
              74.5695734,
              40.5492384
            ],
            [
              74.5689064,
              40.5487658
            ],
            [
              74.5676636,
              40.5478851
            ],
            [
              74.5661831,
              40.5464502
            ],
            [
              74.5642176,
              40.547355
            ],
            [
              74.56323,
              40.54721
            ],
            [
              74.5610118,
              40.5467437
            ],
            [
              74.55744,
              40.54649
            ],
            [
              74.5561194,
              40.5482112
            ],
            [
              74.557436,
              40.5491228
            ],
            [
              74.5573668,
              40.550089
            ],
            [
              74.5580721,
              40.5509177
            ],
            [
              74.5585227,
              40.5521894
            ],
            [
              74.5603037,
              40.5533633
            ],
            [
              74.5612631,
              40.5542945
            ],
            [
              74.5619942,
              40.5562773
            ],
            [
              74.5629215,
              40.5594442
            ],
            [
              74.5634579,
              40.5607321
            ],
            [
              74.5638442,
              40.5623948
            ],
            [
              74.5643377,
              40.5629654
            ],
            [
              74.5651911,
              40.5644113
            ],
            [
              74.5648279,
              40.566451
            ],
            [
              74.56496,
              40.5674481
            ],
            [
              74.565678,
              40.5683965
            ],
            [
              74.5660543,
              40.5703168
            ],
            [
              74.5662689,
              40.5723216
            ],
            [
              74.5666542,
              40.5735424
            ],
            [
              74.5672717,
              40.5764647
            ],
            [
              74.5679847,
              40.5798393
            ],
            [
              74.5688224,
              40.5811551
            ],
            [
              74.5696592,
              40.5824914
            ],
            [
              74.5708608,
              40.5835018
            ],
            [
              74.5722556,
              40.5843166
            ],
            [
              74.5741009,
              40.5849358
            ],
            [
              74.5755386,
              40.5859462
            ],
            [
              74.5775556,
              40.5872498
            ],
            [
              74.5788623,
              40.589166
            ],
            [
              74.5799833,
              40.5913
            ],
            [
              74.580602,
              40.5927817
            ],
            [
              74.580236,
              40.5958333
            ],
            [
              74.5817613,
              40.5974336
            ],
            [
              74.5819556,
              40.5987411
            ],
            [
              74.5801496,
              40.6029773
            ],
            [
              74.5753277,
              40.6060915
            ],
            [
              74.575471,
              40.60765
            ],
            [
              74.5757417,
              40.6095143
            ],
            [
              74.5763889,
              40.6113889
            ],
            [
              74.575548,
              40.6122726
            ],
            [
              74.5745973,
              40.6132718
            ],
            [
              74.5732554,
              40.6136261
            ],
            [
              74.5710325,
              40.6142131
            ],
            [
              74.5702596,
              40.6142059
            ],
            [
              74.5675563,
              40.6141805
            ],
            [
              74.5657539,
              40.6153207
            ],
            [
              74.5638442,
              40.6163469
            ],
            [
              74.5634794,
              40.6191647
            ],
            [
              74.5624494,
              40.6203374
            ],
            [
              74.561438,
              40.6221627
            ],
            [
              74.5597887,
              40.6223895
            ],
            [
              74.5576,
              40.6231713
            ],
            [
              74.5567846,
              40.6243765
            ],
            [
              74.5554971,
              40.6266565
            ],
            [
              74.5504331,
              40.6259074
            ],
            [
              74.5458412,
              40.6251908
            ],
            [
              74.5424509,
              40.6252559
            ],
            [
              74.5383897,
              40.627274
            ],
            [
              74.5347802,
              40.6269838
            ],
            [
              74.5328333,
              40.6288333
            ],
            [
              74.5320895,
              40.6294919
            ],
            [
              74.5317147,
              40.6298237
            ],
            [
              74.5303917,
              40.6317049
            ],
            [
              74.5291667,
              40.6327778
            ],
            [
              74.5253179,
              40.6332941
            ],
            [
              74.5243835,
              40.6345058
            ],
            [
              74.5237183,
              40.6356456
            ],
            [
              74.5195438,
              40.6360125
            ],
            [
              74.5147244,
              40.6340831
            ],
            [
              74.5119748,
              40.6353128
            ],
            [
              74.5089055,
              40.6366855
            ],
            [
              74.5072603,
              40.6389511
            ],
            [
              74.5056081,
              40.6394721
            ],
            [
              74.5043635,
              40.6404654
            ],
            [
              74.5029902,
              40.6409538
            ],
            [
              74.5015955,
              40.6422238
            ],
            [
              74.5010681,
              40.6437351
            ],
            [
              74.4992875,
              40.6431143
            ],
            [
              74.4969971,
              40.6423158
            ],
            [
              74.493177,
              40.640984
            ],
            [
              74.4904757,
              40.6409577
            ],
            [
              74.4879338,
              40.6437344
            ],
            [
              74.486618,
              40.6456592
            ],
            [
              74.4857383,
              40.6471408
            ],
            [
              74.483558,
              40.6485141
            ],
            [
              74.4820905,
              40.649827
            ],
            [
              74.4815326,
              40.6508852
            ],
            [
              74.4816667,
              40.6527778
            ],
            [
              74.4800712,
              40.6532637
            ],
            [
              74.4795217,
              40.6532363
            ],
            [
              74.477756,
              40.6531481
            ],
            [
              74.4763156,
              40.6533672
            ],
            [
              74.4751062,
              40.6534006
            ],
            [
              74.4731862,
              40.6534535
            ],
            [
              74.4717937,
              40.6529973
            ],
            [
              74.4701171,
              40.6524481
            ],
            [
              74.4682944,
              40.6510281
            ],
            [
              74.4666624,
              40.6500061
            ],
            [
              74.4653106,
              40.6484921
            ],
            [
              74.4633792,
              40.6473036
            ],
            [
              74.4614267,
              40.6470756
            ],
            [
              74.4584112,
              40.6463493
            ],
            [
              74.4548482,
              40.643807
            ],
            [
              74.4515776,
              40.6446172
            ],
            [
              74.4487881,
              40.6459197
            ],
            [
              74.4485736,
              40.6469617
            ],
            [
              74.4482302,
              40.648085
            ],
            [
              74.4482854,
              40.6491239
            ],
            [
              74.4481658,
              40.6508202
            ],
            [
              74.4462991,
              40.6513411
            ],
            [
              74.4443034,
              40.6527737
            ],
            [
              74.4426727,
              40.6526271
            ],
            [
              74.441278,
              40.6533272
            ],
            [
              74.4379949,
              40.6551504
            ],
            [
              74.4346046,
              40.6577875
            ],
            [
              74.4303862,
              40.6590791
            ],
            [
              74.4259572,
              40.6606849
            ],
            [
              74.4222235,
              40.6627196
            ],
            [
              74.4195628,
              40.665861
            ],
            [
              74.4146597,
              40.6661214
            ],
            [
              74.4116878,
              40.6672363
            ],
            [
              74.4078254,
              40.6690998
            ],
            [
              74.4044459,
              40.6711342
            ],
            [
              74.4019782,
              40.6737137
            ],
            [
              74.3998861,
              40.6745844
            ],
            [
              74.3984163,
              40.6755608
            ],
            [
              74.3930147,
              40.6741005
            ],
            [
              74.3869661,
              40.6726838
            ],
            [
              74.3828434,
              40.6757358
            ],
            [
              74.3810677,
              40.677058
            ],
            [
              74.3793726,
              40.6798325
            ],
            [
              74.3772912,
              40.6803614
            ],
            [
              74.375993,
              40.6812564
            ],
            [
              74.3736112,
              40.6823222
            ],
            [
              74.3714547,
              40.6832253
            ],
            [
              74.3686706,
              40.6871305
            ],
            [
              74.3671524,
              40.6874396
            ],
            [
              74.3633641,
              40.6875016
            ],
            [
              74.3630163,
              40.6879381
            ],
            [
              74.3626356,
              40.6884159
            ],
            [
              74.3623352,
              40.689327
            ],
            [
              74.3631506,
              40.691735
            ],
            [
              74.3621888,
              40.6928486
            ],
            [
              74.360876,
              40.6935897
            ],
            [
              74.3582582,
              40.6943707
            ],
            [
              74.3554816,
              40.6952768
            ],
            [
              74.3559631,
              40.6979833
            ],
            [
              74.3564343,
              40.6989096
            ],
            [
              74.3549537,
              40.6995603
            ],
            [
              74.354074,
              40.7012847
            ],
            [
              74.3530869,
              40.7036109
            ],
            [
              74.353044,
              40.7059207
            ],
            [
              74.3534946,
              40.7071244
            ],
            [
              74.3515205,
              40.7054002
            ],
            [
              74.3488145,
              40.7041239
            ],
            [
              74.3456907,
              40.701949
            ],
            [
              74.3424481,
              40.6996914
            ],
            [
              74.3389463,
              40.7000646
            ],
            [
              74.3355167,
              40.7004
            ],
            [
              74.332293,
              40.702682
            ],
            [
              74.3314361,
              40.7045056
            ],
            [
              74.3313418,
              40.7051429
            ],
            [
              74.3311786,
              40.7062461
            ],
            [
              74.3296337,
              40.7078402
            ],
            [
              74.3274665,
              40.7085233
            ],
            [
              74.3258571,
              40.7109306
            ],
            [
              74.3240547,
              40.7116788
            ],
            [
              74.3215106,
              40.7127394
            ],
            [
              74.3221342,
              40.7142974
            ],
            [
              74.3230676,
              40.7152082
            ],
            [
              74.3209648,
              40.7163304
            ],
            [
              74.3195167,
              40.7172167
            ],
            [
              74.3180176,
              40.7181048
            ],
            [
              74.3149721,
              40.7198025
            ],
            [
              74.3149959,
              40.7212127
            ],
            [
              74.3149996,
              40.723047
            ],
            [
              74.3124676,
              40.7246082
            ],
            [
              74.3119955,
              40.725657
            ],
            [
              74.3121779,
              40.7266571
            ],
            [
              74.3095867,
              40.7293484
            ],
            [
              74.3089914,
              40.7298605
            ],
            [
              74.3073606,
              40.7316654
            ],
            [
              74.3073177,
              40.7324947
            ],
            [
              74.3081331,
              40.7333239
            ],
            [
              74.3083477,
              40.733828
            ],
            [
              74.3091201,
              40.7354539
            ],
            [
              74.3093776,
              40.7365595
            ],
            [
              74.3089485,
              40.7389008
            ],
            [
              74.309206,
              40.7397787
            ],
            [
              74.3108367,
              40.7414695
            ],
            [
              74.3121671,
              40.7427701
            ],
            [
              74.3133258,
              40.7441032
            ],
            [
              74.3128538,
              40.7442007
            ],
            [
              74.3106651,
              40.7453387
            ],
            [
              74.3082618,
              40.7461516
            ],
            [
              74.3062448,
              40.7465742
            ],
            [
              74.3034124,
              40.7467368
            ],
            [
              74.301095,
              40.7460865
            ],
            [
              74.2980352,
              40.7456482
            ],
            [
              74.2971038,
              40.7476471
            ],
            [
              74.2956876,
              40.7494028
            ],
            [
              74.2940139,
              40.7502481
            ],
            [
              74.29165,
              40.7521
            ],
            [
              74.2912163,
              40.7528351
            ],
            [
              74.2907095,
              40.7536942
            ],
            [
              74.2881862,
              40.7565799
            ],
            [
              74.2880639,
              40.7575992
            ],
            [
              74.28792,
              40.7587979
            ],
            [
              74.28792,
              40.7607158
            ],
            [
              74.28689,
              40.7628287
            ],
            [
              74.2847942,
              40.7624105
            ],
            [
              74.2819482,
              40.7618917
            ],
            [
              74.2806193,
              40.7605
            ],
            [
              74.2789936,
              40.7601307
            ],
            [
              74.2761612,
              40.7599682
            ],
            [
              74.2732,
              40.7600982
            ],
            [
              74.2703966,
              40.7592609
            ],
            [
              74.2685956,
              40.7582539
            ],
            [
              74.2660167,
              40.7617167
            ],
            [
              74.2637801,
              40.7645026
            ],
            [
              74.2601378,
              40.7676536
            ],
            [
              74.2582225,
              40.7696543
            ],
            [
              74.2566776,
              40.7704587
            ],
            [
              74.2549825,
              40.7715638
            ],
            [
              74.2522488,
              40.7726111
            ],
            [
              74.249661,
              40.7753743
            ],
            [
              74.2490816,
              40.7760893
            ],
            [
              74.2479647,
              40.7772014
            ],
            [
              74.2472795,
              40.7780951
            ],
            [
              74.2450904,
              40.7769018
            ],
            [
              74.2411422,
              40.7737169
            ],
            [
              74.2386531,
              40.7722219
            ],
            [
              74.2332458,
              40.7713769
            ],
            [
              74.2312717,
              40.7691668
            ],
            [
              74.2280959,
              40.7699469
            ],
            [
              74.2248344,
              40.7683218
            ],
            [
              74.2241477,
              40.7655265
            ],
            [
              74.2215728,
              40.7642914
            ],
            [
              74.2202853,
              40.7620161
            ],
            [
              74.2183971,
              40.7602608
            ],
            [
              74.2158221,
              40.7582453
            ],
            [
              74.2132472,
              40.7570101
            ],
            [
              74.2114448,
              40.7558398
            ],
            [
              74.2099856,
              40.7551246
            ],
            [
              74.207754,
              40.7517436
            ],
            [
              74.2038917,
              40.7508333
            ],
            [
              74.1996001,
              40.7494678
            ],
            [
              74.1961669,
              40.7481023
            ],
            [
              74.1929053,
              40.7457614
            ],
            [
              74.1908454,
              40.7441358
            ],
            [
              74.1878413,
              40.7417297
            ],
            [
              74.1849231,
              40.7406241
            ],
            [
              74.1828418,
              40.7395673
            ],
            [
              74.181919,
              40.7386732
            ],
            [
              74.1791724,
              40.7380228
            ],
            [
              74.1755675,
              40.7376977
            ],
            [
              74.1711043,
              40.7380228
            ],
            [
              74.1673278,
              40.7375676
            ],
            [
              74.1620921,
              40.7368522
            ],
            [
              74.1575431,
              40.7373075
            ],
            [
              74.1528224,
              40.7369823
            ],
            [
              74.149475,
              40.7371124
            ],
            [
              74.1461276,
              40.7365921
            ],
            [
              74.1439818,
              40.7332752
            ],
            [
              74.1413211,
              40.7285272
            ],
            [
              74.1400336,
              40.7261205
            ]
          ]
        ]
      },
      "id": "relation/15570761"
    },
    {
      "type": "Feature",
      "properties": {
        "@id": "node/2040579496",
        "@relations": [
          {
            "role": "admin_centre",
            "rel": 15570761,
            "reltags": {
              "admin_level": "6",
              "boundary": "administrative",
              "name": "Кара-Кулжа району",
              "name:en": "Kara-Kulja District",
              "name:fa": "ناحیه‌ی قره‌کولجه",
              "name:kk": "Қарақұлжа ауданы",
              "name:kk-Arab": "قاراقۇلجا اۋدانى",
              "name:kk-Cyrl": "Қарақұлжа ауданы",
              "name:kk-Latn": "Qaraqūlja audany",
              "name:ky": "Кара-Кулжа району",
              "name:ky-Arab": "قارا قۇلجا وودانى",
              "name:ru": "Кара-Кульджинский район",
              "name:tg": "Ноҳияи Қоракулча",
              "name:tr": "Kara-Kulca ilçesi",
              "name:uz": "Qorakulcha tumani",
              "name:uz-Arab": "قره کولچه تومنی",
              "name:uz-Cyrl": "Қоракулча тумани",
              "name:uz-Latn": "Qorakulcha tumani",
              "type": "boundary",
              "wikidata": "Q117224",
              "wikipedia": "ky:Кара-Кулжа району"
            }
          }
        ]
      },
      "geometry": {
        "type": "Point",
        "coordinates": [
          73.5909741,
          40.6334207
        ]
      },
      "id": "node/2040579496"
    }
  ]
}