{"type":"FeatureCollection","name":"kara-kulja-pois-natural","features":[{"type":"Feature","geometry":{"type":"Polygon","coordinates":[[[74.3463492,40.7308849],[74.3449974,40.7303646],[74.3432164,40.7297142],[74.3415212,40.7284621],[74.3404483,40.727584],[74.3389892,40.7276165],[74.336071,40.7276491],[74.3342256,40.7277141],[74.3322515,40.7280068],[74.3306207,40.7286898],[74.3293333,40.7292752],[74.3267154,40.7301857],[74.3252563,40.7304459],[74.3242693,40.7307386],[74.3234818,40.73243],[74.3225956,40.7328849],[74.3202781,40.7339906],[74.3186044,40.7353889],[74.3165874,40.7360718],[74.3137121,40.736592],[74.3115234,40.7360718],[74.3093776,40.7365595],[74.3091201,40.7354539],[74.3083477,40.733828],[74.3081331,40.7333239],[74.3073177,40.7324947],[74.3073606,40.7316654],[74.3095867,40.7293484],[74.3121779,40.7266571],[74.3119955,40.725657],[74.3124676,40.7246082],[74.3149996,40.723047],[74.3158578,40.7236813],[74.3169307,40.7241041],[74.3194198,40.7238439],[74.3199777,40.7233235],[74.319334,40.7229332],[74.317789,40.7224453],[74.3159866,40.7216647],[74.3149959,40.7212127],[74.3149721,40.7198025],[74.3180176,40.7181048],[74.3195167,40.7172167],[74.3209648,40.7163304],[74.3230676,40.7152082],[74.3221342,40.7142974],[74.3215106,40.7127394],[74.3240547,40.7116788],[74.3248675,40.7104616],[74.326656,40.7092479],[74.3270158,40.7082631],[74.3296337,40.7078402],[74.3319082,40.7071895],[74.3306207,40.7060834],[74.3313418,40.7051429],[74.332293,40.702682],[74.3355167,40.7004],[74.3389463,40.7000646],[74.3424481,40.6996914],[74.3456907,40.701949],[74.3488145,40.7041239],[74.3519173,40.7051426],[74.3534946,40.7071244],[74.3527221,40.7082305],[74.3509197,40.7082305],[74.3474865,40.7082631],[74.3464565,40.7078889],[74.3438601,40.707466],[74.3422508,40.7079377],[74.3417358,40.708507],[74.3419075,40.7093203],[74.342916,40.7114999],[74.3445253,40.7133703],[74.3444395,40.7165906],[74.3448257,40.7191928],[74.3452978,40.7214208],[74.3467569,40.7260392],[74.3481517,40.726901],[74.3484521,40.7278279],[74.348731,40.7284946],[74.3483662,40.7292588],[74.3481302,40.7299093],[74.3474865,40.7303158],[74.3466919,40.7307134],[74.3463492,40.7308849]],[[74.3383884,40.7187049],[74.3369293,40.7165256],[74.3343544,40.7166882],[74.3322944,40.7164605],[74.3293762,40.7164931],[74.3280029,40.7180869],[74.3304491,40.7177291],[74.3333673,40.7173713],[74.3352556,40.7182495],[74.3370151,40.7189976],[74.3383884,40.7187049]]]},"properties":{"@id":"relation/14350174","name":"Кичи-Коман","natural":"glacier","ref":"64","type":"multipolygon"}},{"type":"Feature","geometry":{"type":"Polygon","coordinates":[[[74.3154716,40.750053],[74.3148708,40.7513209],[74.3134975,40.7523938],[74.3123817,40.7529789],[74.3122959,40.754897],[74.3125534,40.7566524],[74.3113088,40.7572051],[74.3108367,40.7582778],[74.3112659,40.7599032],[74.3113088,40.7608458],[74.3106222,40.7608133],[74.3087339,40.7626336],[74.3073606,40.7624711],[74.305129,40.7611059],[74.303627,40.7595781],[74.3022108,40.7584078],[74.3007516,40.75701],[74.29955,40.756685],[74.2981338,40.7569775],[74.2968893,40.7578877],[74.2957735,40.7585379],[74.2941856,40.7603257],[74.2938852,40.7611384],[74.2916965,40.761691],[74.2901086,40.761821],[74.28792,40.7607158],[74.28792,40.7587979],[74.2880639,40.7575992],[74.2897653,40.7561648],[74.2920398,40.7551571],[74.2912674,40.7545719],[74.2912163,40.7528351],[74.2919367,40.7517469],[74.2940139,40.7502481],[74.2956876,40.7494028],[74.2971038,40.7476471],[74.2980352,40.7456482],[74.301095,40.7460865],[74.3034124,40.7467368],[74.3062448,40.7465742],[74.3082618,40.7461516],[74.3106651,40.7453387],[74.3128538,40.7442007],[74.3133258,40.7441032],[74.315257,40.745924],[74.31502,40.74741],[74.3154716,40.750053]],[[74.298563,40.7501831],[74.2979192,40.7495979],[74.2966318,40.7503781],[74.2953014,40.7507357],[74.296031,40.7511909],[74.2972755,40.7509958],[74.298563,40.7501831]],[[74.3023395,40.7506707],[74.3048715,40.7488826],[74.3046999,40.7474846],[74.3027257,40.7475171],[74.3014383,40.7482649],[74.3012237,40.750118],[74.3023395,40.7506707]]]},"properties":{"@id":"relation/14350175","name":"Кызыл-Белес","natural":"glacier","ref":"58","type":"multipolygon"}},{"type":"Feature","geometry":{"type":"Polygon","coordinates":[[[74.4028472,40.7025048],[74.3977832,40.6986005],[74.39435,40.6968436],[74.3895434,40.6966483],[74.3859386,40.6971689],[74.3824195,40.6976895],[74.3791579,40.6974943],[74.3769693,40.6985029],[74.3699741,40.6992187],[74.3656396,40.6989909],[74.3621206,40.6990072],[74.3593526,40.6990723],[74.3581509,40.699056],[74.3564343,40.6989096],[74.3559631,40.6979833],[74.3554816,40.6952768],[74.3582582,40.6943707],[74.360876,40.6935897],[74.3621888,40.6928486],[74.3627,40.6915072],[74.3623566,40.690352],[74.3623352,40.689327],[74.3626356,40.6884159],[74.3630163,40.6879381],[74.3644595,40.688367],[74.3646526,40.688123],[74.3633641,40.6875016],[74.3671524,40.6874396],[74.3686706,40.6871305],[74.3714547,40.6832253],[74.3736112,40.6823222],[74.375993,40.6812564],[74.3772912,40.6803614],[74.3793726,40.6798325],[74.3810677,40.677058],[74.3828434,40.6757358],[74.3869661,40.6726838],[74.3984163,40.6755608],[74.4005298,40.6764071],[74.4031905,40.6790759],[74.4042326,40.6800418],[74.4047355,40.6805079],[74.40654,40.68164],[74.4093703,40.6823955],[74.41111,40.68311],[74.4125843,40.6842864],[74.4108724,40.6861379],[74.4089412,40.6873745],[74.4080829,40.6882857],[74.40701,40.6885135],[74.4062376,40.6900429],[74.4049501,40.690954],[74.4043922,40.6901731],[74.4043064,40.6889365],[74.4034051,40.6881555],[74.4022464,40.6879603],[74.4004869,40.6886111],[74.399929,40.6915723],[74.4018173,40.6932318],[74.4027185,40.6941429],[74.4025039,40.6956722],[74.4037485,40.6966158],[74.4052505,40.6982101],[74.4066667,40.7000321],[74.4076538,40.7015938],[74.4083833,40.7029928],[74.4088125,40.7039688],[74.4085121,40.7051074],[74.4068813,40.7050098],[74.4044351,40.7038386],[74.4028472,40.7025048]],[[74.3702745,40.6856823],[74.3700599,40.6878301],[74.3716478,40.688904],[74.3736648,40.6902056],[74.3764584,40.6904248],[74.3774414,40.6897175],[74.3762397,40.688481],[74.3737506,40.6878952],[74.3723344,40.6871793],[74.3720769,40.6855196],[74.3702745,40.6856823]],[[74.3994569,40.6838599],[74.3985986,40.6849339],[74.3983841,40.6857474],[74.3989849,40.686984],[74.3994569,40.6862356],[74.4001436,40.6855196],[74.4008302,40.6838599],[74.3994569,40.6838599]]]},"properties":{"@id":"relation/14350265","name":"Очи-Коман","natural":"glacier","ref":"70","type":"multipolygon"}},{"type":"Feature","geometry":{"type":"Polygon","coordinates":[[[74.3479156,40.701366],[74.3481302,40.7002924],[74.3469715,40.6995115],[74.3454265,40.6977871],[74.3455123,40.6969086],[74.3447399,40.696388],[74.3436241,40.6965182],[74.3429374,40.6958349],[74.34165,40.6948913],[74.3394613,40.6935572],[74.3371439,40.6925485],[74.3368434,40.6919628],[74.336071,40.6910191],[74.3359851,40.6900104],[74.3361997,40.6887087],[74.3364572,40.6871142],[74.3378734,40.6859101],[74.3411349,40.68578],[74.3432807,40.6866261],[74.3449517,40.6878228],[74.344654,40.6891643],[74.345684,40.6906286],[74.3469286,40.6918001],[74.3475723,40.6925159],[74.3483018,40.6934921],[74.3486881,40.6943707],[74.349761,40.6938826],[74.3506193,40.6937524],[74.3515683,40.6928627],[74.3519496,40.6922882],[74.353795,40.6931993],[74.355812,40.692581],[74.3555975,40.6935897],[74.3554816,40.6952768],[74.3559631,40.6979833],[74.3537521,40.6987307],[74.3527221,40.6987957],[74.3520784,40.6999019],[74.3510913,40.7010407],[74.3496322,40.7015612],[74.3479156,40.701366]],[[74.3510913,40.6972014],[74.3514347,40.6963229],[74.3518638,40.6945659],[74.3496322,40.6950214],[74.3493747,40.6960952],[74.3498897,40.6970713],[74.3510913,40.6972014]],[[74.352808,40.696388],[74.3526792,40.6967784],[74.3545246,40.6981125],[74.3547821,40.695965],[74.3543529,40.6958023],[74.352808,40.696388]]]},"properties":{"@id":"relation/14361519","name":"№ 54","natural":"glacier","ref":"54","type":"multipolygon"}},{"type":"Feature","geometry":{"type":"Polygon","coordinates":[[[73.8737219,40.3424014],[73.8736922,40.3423801],[73.8735665,40.3422123],[73.8734922,40.3420565],[73.8734555,40.3418602],[73.8734372,40.3418422],[73.8734215,40.3418216],[73.873432,40.341763],[73.8734084,40.3417337],[73.8732992,40.3416991],[73.8732267,40.3416305],[73.8732119,40.3415899],[73.8732276,40.341526],[73.8732215,40.341325],[73.8731892,40.3412771],[73.873121,40.3410394],[73.8730966,40.340839],[73.8730957,40.3407219],[73.8730695,40.3404962],[73.8731237,40.3402919],[73.8731298,40.3401188],[73.8731586,40.3400056],[73.8732058,40.3397813],[73.8732311,40.3397267],[73.8732643,40.339515],[73.8732521,40.3393792],[73.8732503,40.3390543],[73.8732695,40.3390224],[73.8732774,40.3389492],[73.873335,40.3388407],[73.87339,40.3387608],[73.8735149,40.3386782],[73.8736608,40.3386216],[73.8737979,40.3386456],[73.8740442,40.3386509],[73.87419,40.338581],[73.8742477,40.3385711],[73.8743857,40.3385165],[73.8744634,40.3385351],[73.8745149,40.338607],[73.8745857,40.338631],[73.8746547,40.3387315],[73.8746573,40.3387728],[73.8745988,40.3388666],[73.8746023,40.3389478],[73.874549,40.3390683],[73.8743813,40.3392108],[73.8743673,40.33929],[73.8744057,40.3394158],[73.8744791,40.3395157],[73.8744389,40.3395789],[73.8743472,40.3396395],[73.8743437,40.3396828],[73.874363,40.339724],[73.8743411,40.3398166],[73.8743298,40.3398818],[73.8743673,40.3399537],[73.8744311,40.339993],[73.8744267,40.3401214],[73.8744424,40.3402106],[73.874514,40.3402892],[73.874597,40.3403365],[73.8746817,40.3403564],[73.874687,40.3403924],[73.8747114,40.3404283],[73.8747717,40.3404563],[73.8748485,40.3404543],[73.8749001,40.3404742],[73.8750197,40.3404656],[73.8750415,40.3404836],[73.8750407,40.3405322],[73.875018,40.3406127],[73.874914,40.3407032],[73.8748241,40.3407811],[73.8747743,40.3407998],[73.874618,40.3409455],[73.8745568,40.3409662],[73.8744616,40.3410454],[73.8744215,40.3411719],[73.8744066,40.3413323],[73.8743638,40.3413889],[73.874266,40.3415566],[73.8741516,40.3417623],[73.8739665,40.3419381],[73.8738931,40.3420705],[73.8738398,40.3422602],[73.8737927,40.3423468],[73.8737822,40.3423754],[73.8737586,40.342396],[73.8737219,40.3424014]]]},"properties":{"@id":"way/275504503","name":"Дардан-Көл","name:en":"Dardan-Köl","natural":"water","source":"mapbox","water":"lake"}},{"type":"Feature","geometry":{"type":"Polygon","coordinates":[[[73.8733018,40.3467673],[73.8732852,40.3466714],[73.8733062,40.3465782],[73.8733525,40.3464764],[73.873459,40.3463619],[73.8735114,40.3462894],[73.8735656,40.3460497],[73.8736145,40.3458973],[73.873701,40.3458134],[73.8738782,40.3457016],[73.8740704,40.3456896],[73.8742704,40.3456617],[73.8744913,40.3455119],[73.8748022,40.3453954],[73.8751236,40.3453502],[73.8752808,40.3453808],[73.8753481,40.3454181],[73.8754049,40.3454933],[73.8754677,40.3455186],[73.8755297,40.3455652],[73.8756057,40.3455944],[73.8756852,40.3456603],[73.8757027,40.3457209],[73.8757332,40.3457569],[73.8757324,40.3458926],[73.8756861,40.3459605],[73.8756319,40.3460524],[73.8755193,40.3461609],[73.875356,40.3462694],[73.8751385,40.3464358],[73.8750127,40.346511],[73.8747551,40.3466355],[73.8746127,40.34673],[73.8745228,40.3467806],[73.8743315,40.3468019],[73.8740931,40.3468072],[73.8737586,40.3468531],[73.8735761,40.3468511],[73.8734608,40.3468345],[73.8733813,40.3468318],[73.8733455,40.3468172],[73.8733018,40.3467673]]]},"properties":{"@id":"way/275504504","natural":"water","source":"mapbox","water":"lake"}},{"type":"Feature","geometry":{"type":"Polygon","coordinates":[[[74.296283,40.5470551],[74.296204,40.546485],[74.2958881,40.5459748],[74.2956511,40.5458548],[74.2953945,40.5454797],[74.2954537,40.5445044],[74.295276,40.5442944],[74.2950785,40.5443094],[74.2947626,40.5438442],[74.2948811,40.5435892],[74.2947231,40.5432141],[74.2942887,40.543064],[74.294269,40.542929],[74.294427,40.5427339],[74.2943282,40.5423288],[74.2932817,40.5416536],[74.2933607,40.5413535],[74.2929461,40.540078],[74.2927881,40.539958],[74.2928473,40.5396129],[74.2928473,40.5392827],[74.2925907,40.5393578],[74.2921958,40.5396879],[74.2917132,40.5397584],[74.2912725,40.5394946],[74.2911364,40.5392267],[74.2914645,40.5391603],[74.2920773,40.5387725],[74.2924722,40.5383074],[74.2926499,40.5368068],[74.2923155,40.5361964],[74.2923444,40.5352811],[74.2925777,40.5350122],[74.2926959,40.5345764],[74.2929219,40.5344751],[74.2931803,40.5345062],[74.2937145,40.5347033],[74.2943079,40.535054],[74.2950588,40.5353397],[74.2958289,40.5354562],[74.2959473,40.5360565],[74.2962632,40.5366867],[74.2968951,40.537317],[74.2978626,40.5377672],[74.2980008,40.5380073],[74.2988498,40.5382023],[74.2988498,40.5384874],[74.2999951,40.5388776],[74.3004887,40.5388176],[74.3008836,40.5382624],[74.3013744,40.5372346],[74.3024307,40.5364117],[74.3030906,40.5362587],[74.3036148,40.5360951],[74.3039133,40.5361854],[74.3044757,40.5364869],[74.3042186,40.5370426],[74.3043785,40.5375421],[74.304418,40.5391627],[74.304181,40.5395078],[74.3065746,40.5393137],[74.3089446,40.5389594],[74.310756,40.5396015],[74.3120403,40.5393295],[74.312558,40.5391834],[74.3137967,40.5391946],[74.314357,40.5388441],[74.3149316,40.53871],[74.3159633,40.5387819],[74.3173282,40.5393912],[74.3185559,40.5396803],[74.3189006,40.5396601],[74.319219,40.5398665],[74.3194999,40.5401907],[74.3199655,40.5403543],[74.320373,40.5404928],[74.3220148,40.5412011],[74.3231067,40.5415021],[74.3238357,40.5414822],[74.325136,40.5411747],[74.3257456,40.5408721],[74.326531,40.5405184],[74.3280739,40.5405608],[74.328286,40.5414207],[74.3279738,40.5422387],[74.3278923,40.5428219],[74.3281717,40.5430247],[74.3300107,40.5435508],[74.3306313,40.5435253],[74.331544,40.5437154],[74.3324778,40.5436469],[74.3330972,40.543791],[74.3339648,40.5436015],[74.3352077,40.5438944],[74.3354549,40.5438776],[74.3360345,40.5435618],[74.3363687,40.5436678],[74.3367137,40.5439153],[74.3375562,40.5444973],[74.3377936,40.544534],[74.3381644,40.5444941],[74.3384767,40.5445848],[74.3386035,40.5451042],[74.3394057,40.5456615],[74.3412205,40.5460167],[74.3425026,40.5456762],[74.3428385,40.545576],[74.343142,40.5454774],[74.3437429,40.5455554],[74.34436,40.545535],[74.344616,40.5456906],[74.3439611,40.5471469],[74.3438077,40.5474141],[74.3433975,40.5484696],[74.3433179,40.5486743],[74.3431186,40.5489711],[74.3425702,40.5491385],[74.3422618,40.549414],[74.3419754,40.5498984],[74.3413372,40.5499092],[74.3403188,40.5495387],[74.3376484,40.5495908],[74.3364056,40.549244],[74.3354277,40.5487236],[74.3341547,40.5488431],[74.3337048,40.5486889],[74.3331169,40.5491736],[74.3319323,40.5496996],[74.3317649,40.5492456],[74.3308814,40.5494819],[74.3304336,40.5488929],[74.3293894,40.5485057],[74.3284605,40.5485081],[74.3279344,40.5486755],[74.3276184,40.5497257],[74.3275987,40.5505209],[74.3268929,40.5507308],[74.3266396,40.5506679],[74.325855,40.5502834],[74.3257216,40.5500448],[74.3251492,40.5496308],[74.3251454,40.5493376],[74.3253774,40.5484504],[74.3250516,40.5482104],[74.3245185,40.5483154],[74.3240595,40.5481691],[74.3239853,40.5478353],[74.3224057,40.5476553],[74.3219213,40.5475506],[74.3217197,40.5473252],[74.3207077,40.5471451],[74.32053,40.5468901],[74.3189701,40.546665],[74.3183975,40.5463199],[74.3175682,40.5461399],[74.3165414,40.5462749],[74.3156332,40.5475202],[74.315416,40.5474752],[74.3152778,40.5479253],[74.3146784,40.5488392],[74.3143037,40.5487637],[74.3138584,40.5486406],[74.312865,40.5482966],[74.3130792,40.5460742],[74.3128886,40.5453747],[74.3120001,40.5451346],[74.311467,40.5453897],[74.3107561,40.5451046],[74.3105982,40.5448045],[74.3097689,40.5447745],[74.3079918,40.5450896],[74.3071428,40.5447445],[74.3069651,40.5447745],[74.3068071,40.5444894],[74.3050696,40.5444594],[74.3047141,40.5448495],[74.3039836,40.5444294],[74.3028976,40.5448495],[74.3026014,40.5448045],[74.3021275,40.5450146],[74.3018708,40.5452546],[74.3015747,40.5452096],[74.301239,40.5450296],[74.3011205,40.5456298],[74.3001925,40.546455],[74.2997384,40.54659],[74.2995607,40.5470251],[74.2989881,40.5471601],[74.2982378,40.5469351],[74.2974874,40.5469801],[74.2967569,40.5472052],[74.296283,40.5470551]]]},"properties":{"@id":"way/574360411","alt_name":"Чоң Кулун-Ата көлү","alt_name2":"Чоң көлү","alt_name3":"Башкы-Көл","ele":"2856","intermittent":"no","name":"Кулун-Ата көлү","name:en":"Kulun-Ata Köl","name:ky":"Кулун-Ата көлү","natural":"water","water":"lake","wikidata":"Q4246465","wikipedia":"ky:Кулун көлү"}},{"type":"Feature","geometry":{"type":"Polygon","coordinates":[[[74.2611247,40.5277185],[74.2609804,40.5278234],[74.2607681,40.5277952],[74.2606065,40.5278299],[74.2604803,40.5278353],[74.2603128,40.5277824],[74.2601222,40.527826],[74.2599705,40.5277708],[74.2598169,40.5277777],[74.259547,40.5277273],[74.2593767,40.5278339],[74.2589941,40.5277623],[74.2579898,40.5279134],[74.2573524,40.5281116],[74.2570501,40.5281701],[74.2567083,40.5280715],[74.2561871,40.5279418],[74.2558315,40.5275606],[74.2555723,40.5274096],[74.2554908,40.5272129],[74.2552544,40.5271603],[74.2552632,40.5269079],[74.2547121,40.5266555],[74.2544659,40.5265442],[74.2543909,40.5263668],[74.2542632,40.5262326],[74.2542073,40.5260897],[74.2542671,40.5259141],[74.254025,40.5257727],[74.2538894,40.5255193],[74.2536992,40.525532],[74.2533843,40.5249201],[74.2533957,40.5245631],[74.2534899,40.524338],[74.253467,40.5239184],[74.2533358,40.5237134],[74.2531384,40.5236467],[74.2529518,40.5235411],[74.2528382,40.5233656],[74.2528546,40.5232639],[74.252646,40.5230969],[74.2525562,40.5229475],[74.2522846,40.5228249],[74.2521941,40.5227824],[74.25212,40.5226146],[74.2522175,40.5224664],[74.2523423,40.5222145],[74.2523313,40.5220324],[74.2524077,40.522043],[74.2525488,40.5221527],[74.2527532,40.5221063],[74.2529629,40.5216372],[74.2531484,40.5213102],[74.2534607,40.5211781],[74.2537843,40.5212136],[74.254563,40.5212595],[74.2554195,40.5212688],[74.2559828,40.5218075],[74.2563094,40.5223966],[74.2564915,40.522498],[74.2566914,40.5228571],[74.256851,40.5230614],[74.2570903,40.524036],[74.2572978,40.5244205],[74.2572023,40.5245592],[74.2572183,40.5247216],[74.2570525,40.5248511],[74.2576725,40.5258403],[74.258472,40.5257298],[74.2591806,40.5261165],[74.2596893,40.5259508],[74.2617908,40.5265114],[74.2618237,40.5266713],[74.2616214,40.5271961],[74.2613656,40.5272707],[74.2612886,40.5275047],[74.2611247,40.5277185]]]},"properties":{"@id":"way/574389388","alt_name":"Кичи Кулун-Ата көлү","ele":"2453.6","name":"Орто-Көл","name:en":"Orto-Köl","name:ky":"Орто-Көл","natural":"water","water":"lake"}},{"type":"Feature","geometry":{"type":"Polygon","coordinates":[[[74.0940619,40.4342904],[74.0938143,40.4343011],[74.0937396,40.4342335],[74.0937676,40.4341198],[74.0938237,40.4340522],[74.0939965,40.4340451],[74.0940945,40.4340842],[74.0941039,40.4341553],[74.0941039,40.434198],[74.0940619,40.4342904]]]},"properties":{"@id":"way/783153698","natural":"water"}},{"type":"Feature","geometry":{"type":"Polygon","coordinates":[[[74.2952156,40.7391609],[74.2976188,40.7395511],[74.2992496,40.7397787],[74.3003225,40.7401039],[74.3024683,40.7407542],[74.3039703,40.7412419],[74.3065019,40.7405514],[74.3081331,40.7405591],[74.3084764,40.7412419],[74.3104505,40.7416646],[74.3095922,40.7406891],[74.309206,40.7397787],[74.3108367,40.7414695],[74.3121671,40.7427701],[74.3133258,40.7441032],[74.3128538,40.7442007],[74.3106651,40.7453387],[74.3088197,40.744786],[74.3060302,40.7454363],[74.3037128,40.7457939],[74.3022966,40.7454688],[74.29955,40.7442007],[74.2984342,40.7430953],[74.2968034,40.7421198],[74.295516,40.7416321],[74.2936706,40.7411769],[74.2907095,40.7401364],[74.2908811,40.7388032],[74.2931556,40.7391609],[74.2952156,40.7391609]]]},"properties":{"@id":"way/1078232611","name":"№ 46","natural":"glacier","ref":"46"}},{"type":"Feature","geometry":{"type":"Polygon","coordinates":[[[74.2908811,40.7388032],[74.2924261,40.7380878],[74.2940568,40.7378602],[74.2940998,40.7369823],[74.2931985,40.7367871],[74.2907095,40.7378602],[74.2889928,40.7379903],[74.2877054,40.7386406],[74.2857742,40.7382829],[74.2850446,40.7369823],[74.2862033,40.7358441],[74.2862463,40.7340556],[74.2865896,40.7320069],[74.2862852,40.7304556],[74.2879629,40.7301207],[74.288907,40.7296654],[74.2883715,40.7287059],[74.2890357,40.7278768],[74.2905807,40.7259905],[74.2947005,40.7261856],[74.2962455,40.7274214],[74.2941427,40.7293402],[74.2940998,40.730576],[74.2944002,40.7323646],[74.2942285,40.73308],[74.2950439,40.7331776],[74.2956876,40.7327874],[74.297533,40.7333402],[74.2996787,40.7324297],[74.3031978,40.7323646],[74.3073177,40.7324947],[74.3081331,40.7333239],[74.3083477,40.733828],[74.3091201,40.7354539],[74.3093776,40.7365595],[74.3089485,40.7389008],[74.309206,40.7397787],[74.3083824,40.7394194],[74.3072319,40.7393235],[74.3055152,40.7398112],[74.3045282,40.740299],[74.3032836,40.7404615],[74.3019962,40.7399088],[74.2999792,40.7391934],[74.2977905,40.7388032],[74.2962884,40.7386406],[74.2952156,40.7391609],[74.2931556,40.7391609],[74.2908811,40.7388032]]]},"properties":{"@id":"way/1078232612","name":"№ 47","natural":"glacier","ref":"47"}},{"type":"Feature","geometry":{"type":"Polygon","coordinates":[[[74.4846439,40.6404654],[74.4826269,40.6411492],[74.4798374,40.6406608],[74.477005,40.6399443],[74.4768333,40.6386092],[74.4785499,40.6377624],[74.4810819,40.6375019],[74.4826698,40.6381532],[74.4844293,40.639293],[74.4846439,40.6404654]]]},"properties":{"@id":"way/1079216415","natural":"glacier"}},{"type":"Feature","geometry":{"type":"Polygon","coordinates":[[[74.4339179,40.6536202],[74.4316005,40.6530993],[74.4286822,40.6530993],[74.4291114,40.6511458],[74.431343,40.6506248],[74.4329738,40.6489317],[74.4352912,40.6486061],[74.4383811,40.6486061],[74.4357204,40.6521225],[74.4339179,40.6536202]]]},"properties":{"@id":"way/1079216416","natural":"glacier"}},{"type":"Feature","geometry":{"type":"Polygon","coordinates":[[[74.4216442,40.659806],[74.4196271,40.6608477],[74.4165372,40.6619546],[74.4148206,40.6616616],[74.4128465,40.6606198],[74.4133615,40.65922],[74.4147823,40.6568388],[74.4175243,40.6563551],[74.4206142,40.6555737],[74.4246482,40.654597],[74.4250345,40.6533923],[74.4286822,40.6530993],[74.4305705,40.6554435],[74.4346046,40.6577875],[74.4303862,40.6590791],[74.4259572,40.6606849],[74.4222235,40.6627196],[74.4228029,40.6607175],[74.4216442,40.659806]]]},"properties":{"@id":"way/1079216417","natural":"glacier"}},{"type":"Feature","geometry":{"type":"Polygon","coordinates":[[[74.4110441,40.6652425],[74.4092845,40.6650797],[74.4073534,40.6634195],[74.4073963,40.6621825],[74.4085121,40.661629],[74.4102716,40.6614663],[74.4112157,40.6629312],[74.411602,40.664331],[74.4110441,40.6652425]]]},"properties":{"@id":"way/1079216418","natural":"glacier"}},{"type":"Feature","geometry":{"type":"Polygon","coordinates":[[[74.3896722,40.6590246],[74.387226,40.6581782],[74.3856811,40.6572666],[74.3873548,40.6542388],[74.3883418,40.6530993],[74.3897581,40.6545644],[74.3899726,40.6555411],[74.3909597,40.6564853],[74.3924617,40.6573968],[74.3940925,40.6576573],[74.3960666,40.6567783],[74.3970108,40.6583735],[74.3955516,40.6595781],[74.3943071,40.6605222],[74.3927192,40.6606198],[74.3914318,40.6601315],[74.3896722,40.6590246]]]},"properties":{"@id":"way/1079216419","natural":"glacier"}},{"type":"Feature","geometry":{"type":"Polygon","coordinates":[[[74.4025898,40.6674886],[74.400959,40.6694416],[74.3995428,40.6704507],[74.3977832,40.6714597],[74.395895,40.6720782],[74.393363,40.6716876],[74.3912601,40.6704507],[74.3883848,40.6696695],[74.3860673,40.6684976],[74.3816471,40.6660563],[74.3834495,40.6651448],[74.3860244,40.6642333],[74.3895434,40.6638427],[74.3916892,40.6648193],[74.393835,40.6661865],[74.3941354,40.6669352],[74.3962383,40.6654703],[74.3974828,40.6637776],[74.398942,40.663094],[74.3988561,40.6611733],[74.4004011,40.6602292],[74.4022893,40.6586665],[74.4040918,40.6576573],[74.4047784,40.6562574],[74.4048214,40.6538155],[74.4053363,40.6520574],[74.4061517,40.6507876],[74.4072675,40.652676],[74.40701,40.6557039],[74.4073963,40.6573317],[74.407525,40.6589921],[74.4061517,40.6607826],[74.4050788,40.6618244],[74.4050359,40.663094],[74.4043064,40.6649169],[74.4033193,40.6663167],[74.4025898,40.6674886]]]},"properties":{"@id":"way/1079216420","name":"№60","natural":"glacier"}},{"type":"Feature","geometry":{"type":"Polygon","coordinates":[[[74.3851232,40.6619546],[74.3834924,40.6628335],[74.3820333,40.6631265],[74.3797159,40.6624429],[74.377098,40.6623778],[74.3747377,40.6620197],[74.3707895,40.6609454],[74.366498,40.6599036],[74.3683862,40.6589921],[74.3703603,40.6588944],[74.3725919,40.6594479],[74.3748235,40.6600664],[74.3780851,40.6591549],[74.3803596,40.6591549],[74.3813037,40.6585038],[74.3843936,40.6579178],[74.3868827,40.6587316],[74.3850803,40.6597734],[74.3855953,40.6609128],[74.3851232,40.6619546]]]},"properties":{"@id":"way/1079216421","natural":"glacier"}},{"type":"Feature","geometry":{"type":"Polygon","coordinates":[[[74.3622493,40.6701577],[74.3601894,40.6694742],[74.3586444,40.6690836],[74.3592023,40.6684325],[74.3619918,40.6684976],[74.3642234,40.6685953],[74.3662834,40.6684976],[74.3678283,40.6677164],[74.3692874,40.6664144],[74.3708444,40.6653851],[74.3717765,40.6657308],[74.375553,40.6661214],[74.3795013,40.6665771],[74.3829345,40.6680094],[74.3800592,40.669702],[74.3770122,40.6720782],[74.3736219,40.6738032],[74.3709611,40.6719805],[74.3684291,40.6714597],[74.3655538,40.6707436],[74.364953,40.6700601],[74.3641805,40.6699624],[74.3632793,40.6704181],[74.3622493,40.6701577]]]},"properties":{"@id":"way/1079216422","natural":"glacier"}},{"type":"Feature","geometry":{"type":"Polygon","coordinates":[[[74.3676567,40.6814191],[74.3656396,40.6813866],[74.3640089,40.6804102],[74.3623352,40.6787179],[74.3601894,40.677416],[74.3578291,40.6754306],[74.3555116,40.6734127],[74.3539238,40.6722735],[74.3536663,40.6716876],[74.3557691,40.6721433],[74.3574857,40.6730872],[74.3605327,40.6745519],[74.3628501,40.6757561],[74.3655109,40.6768302],[74.3677854,40.677058],[74.3686008,40.6759189],[74.3680429,40.6749099],[74.3680429,40.6740636],[74.3707037,40.6740962],[74.3736219,40.6738032],[74.3770122,40.6720782],[74.3800592,40.669702],[74.3829345,40.6680094],[74.3852519,40.670939],[74.3869661,40.6726838],[74.3828434,40.6757358],[74.3811321,40.6756585],[74.3795871,40.6762118],[74.3780851,40.6774486],[74.3758964,40.6785226],[74.3739652,40.6792386],[74.3725061,40.6797268],[74.3703174,40.6806706],[74.3676567,40.6814191]]]},"properties":{"@id":"way/1079216423","name":"№ 56","natural":"glacier","ref":"56"}},{"type":"Feature","geometry":{"type":"Polygon","coordinates":[[[74.3559408,40.6917025],[74.3545246,40.6904659],[74.352808,40.6891969],[74.3516063,40.6895548],[74.3496751,40.6892619],[74.3483448,40.6870166],[74.3484306,40.6857474],[74.3501043,40.6866586],[74.3518209,40.6873745],[74.3537521,40.6868213],[74.3545246,40.6857474],[74.3556833,40.6841528],[74.3561983,40.6830138],[74.3575286,40.6856823],[74.3569278,40.6866261],[74.3574428,40.6874071],[74.3580865,40.6891318],[74.3577003,40.6905961],[74.3559408,40.6917025]]]},"properties":{"@id":"way/1079216424","natural":"glacier"}},{"type":"Feature","geometry":{"type":"Polygon","coordinates":[[[74.3374872,40.6976569],[74.3359851,40.6984053],[74.3344402,40.6990885],[74.3336248,40.6991211],[74.3329382,40.698568],[74.3315219,40.6983402],[74.3315219,40.6972665],[74.3319082,40.6964205],[74.3334961,40.6975268],[74.3338394,40.6965507],[74.3338394,40.6959976],[74.3333673,40.6949889],[74.3336677,40.6944357],[74.3348264,40.6951516],[74.3359851,40.6954119],[74.3369722,40.6957698],[74.3373584,40.696388],[74.3382597,40.6966808],[74.3389892,40.6968761],[74.3374872,40.6976569]]]},"properties":{"@id":"way/1079216428","natural":"glacier"}},{"type":"Feature","geometry":{"type":"Polygon","coordinates":[[[74.3222522,40.7034482],[74.3201065,40.7046194],[74.3186044,40.7050424],[74.3168449,40.7047821],[74.3159866,40.7039688],[74.316802,40.703676],[74.3174886,40.7028626],[74.3173599,40.7021794],[74.3162441,40.7026023],[74.314785,40.7024722],[74.3141841,40.7018215],[74.3155574,40.700455],[74.3164587,40.6995441],[74.315772,40.698633],[74.3167205,40.6977664],[74.3183898,40.6986005],[74.3225955,40.6987307],[74.3243382,40.6998254],[74.3223381,40.7004225],[74.322381,40.7023095],[74.3222522,40.7034482]]]},"properties":{"@id":"way/1079216429","natural":"glacier"}},{"type":"Feature","geometry":{"type":"Polygon","coordinates":[[[74.3287324,40.7040664],[74.3283891,40.7050749],[74.3268442,40.7064738],[74.3252992,40.7074173],[74.3236684,40.7083932],[74.3217372,40.7088486],[74.3196773,40.7092715],[74.3172741,40.7097595],[74.3155145,40.7082631],[74.3140983,40.7072221],[74.3133258,40.7064738],[74.3125534,40.7049773],[74.3128109,40.7040013],[74.31324,40.7035458],[74.3145275,40.7043266],[74.3163299,40.7050749],[74.317832,40.7053677],[74.3196773,40.7052376],[74.3214798,40.7050749],[74.3225526,40.7045544],[74.3240118,40.7035458],[74.3246555,40.7024722],[74.3248965,40.7001762],[74.3255996,40.7006178],[74.3290328,40.7003575],[74.3291187,40.7019191],[74.3298482,40.7025373],[74.3312645,40.7025698],[74.3312645,40.7034157],[74.3295049,40.7035784],[74.3287324,40.7040664]]]},"properties":{"@id":"way/1079216430","natural":"glacier"}},{"type":"Feature","geometry":{"type":"Polygon","coordinates":[[[74.3195056,40.7166557],[74.3177461,40.7166557],[74.316802,40.7160702],[74.3159008,40.7161678],[74.3153429,40.7165581],[74.3140983,40.7164605],[74.3128538,40.715875],[74.3129825,40.7147365],[74.3131542,40.7137932],[74.3114805,40.7123294],[74.3088626,40.7109306],[74.3090772,40.7100198],[74.3119096,40.7091414],[74.3136759,40.7095379],[74.3126821,40.7109957],[74.3140554,40.7120692],[74.3146562,40.7126547],[74.3156004,40.7134679],[74.3171453,40.7137932],[74.3190121,40.7121152],[74.3215106,40.7127394],[74.3221342,40.7142974],[74.3230676,40.7152082],[74.3209648,40.7163304],[74.3195056,40.7166557]]]},"properties":{"@id":"way/1079216431","natural":"glacier"}},{"type":"Feature","geometry":{"type":"Polygon","coordinates":[[[74.306631,40.7292427],[74.3033694,40.7304785],[74.3001079,40.7306085],[74.2967467,40.7291938],[74.2962455,40.7274214],[74.2973613,40.7262506],[74.2991637,40.7260555],[74.3002795,40.7265108],[74.2998504,40.7250148],[74.2998504,40.723909],[74.3009662,40.7220225],[74.3009662,40.7211118],[74.302082,40.721372],[74.3028545,40.7230633],[74.3041419,40.7237789],[74.3060302,40.723974],[74.3077468,40.7233235],[74.3124676,40.7246082],[74.3113517,40.7259254],[74.3091201,40.726771],[74.3074035,40.7281369],[74.306631,40.7292427]]]},"properties":{"@id":"way/1079216432","name":"№ 49","natural":"glacier","ref":"49"}},{"type":"Feature","geometry":{"type":"Polygon","coordinates":[[[74.5561409,40.5294906],[74.5541668,40.5292949],[74.552536,40.5284468],[74.552021,40.5270116],[74.5536089,40.5270116],[74.555068,40.5269463],[74.5545959,40.5257394],[74.5556688,40.5253479],[74.5569562,40.5265223],[74.5573425,40.5278923],[74.5571708,40.5288383],[74.5561409,40.5294906]]]},"properties":{"@id":"way/1079219451","natural":"glacier"}},{"type":"Feature","geometry":{"type":"Polygon","coordinates":[[[74.4906091,40.5339103],[74.4900512,40.5330297],[74.4892359,40.5326872],[74.4888496,40.5318554],[74.4882273,40.5305996],[74.4875622,40.5293275],[74.4860601,40.530355],[74.4851804,40.530567],[74.4852018,40.5299147],[74.485867,40.5287567],[74.4864893,40.5271583],[74.4872188,40.5261308],[74.4880342,40.525038],[74.4885921,40.5249565],[74.489429,40.5253805],[74.4905019,40.5267832],[74.490652,40.5275661],[74.491167,40.5279575],[74.4914889,40.5286588],[74.4914245,40.529458],[74.4919395,40.529882],[74.492197,40.5307954],[74.4924116,40.5322632],[74.4921541,40.5337635],[74.4917249,40.5323447],[74.4914245,40.5323936],[74.491167,40.5337146],[74.4906091,40.5339103]]]},"properties":{"@id":"way/1079219452","natural":"glacier"}},{"type":"Feature","geometry":{"type":"Polygon","coordinates":[[[74.4766187,40.5271094],[74.4753313,40.5260656],[74.4742584,40.5240105],[74.4731964,40.5227219],[74.4727019,40.5212557],[74.4725417,40.5207809],[74.4750308,40.5204547],[74.479494,40.5203894],[74.4796657,40.5211397],[74.4816398,40.5218574],[74.4828844,40.5212702],[74.4837856,40.5216291],[74.4832706,40.5228687],[74.482584,40.5243041],[74.4835281,40.5250543],[74.4828414,40.5267832],[74.4813823,40.527142],[74.4803094,40.528773],[74.4798803,40.5307954],[74.4792795,40.5321001],[74.478507,40.5331112],[74.4779706,40.5331764],[74.4773912,40.5325893],[74.4773912,40.5309911],[74.4774341,40.5291644],[74.4775629,40.5279575],[74.4766187,40.5271094]]]},"properties":{"@id":"way/1079219453","name":"№ 98","natural":"glacier","ref":"98"}},{"type":"Feature","geometry":{"type":"Polygon","coordinates":[[[74.4979906,40.5295559],[74.4979906,40.5279575],[74.4971323,40.5262939],[74.4965744,40.5270116],[74.4955873,40.5283164],[74.4942569,40.5269137],[74.4939565,40.5257068],[74.4939994,40.5242714],[74.494729,40.5228687],[74.4955444,40.5217269],[74.4939136,40.5197043],[74.4928407,40.5187908],[74.4924974,40.5176816],[74.4918536,40.5162135],[74.4958877,40.515039],[74.4982164,40.5158356],[74.4970893,40.5170291],[74.498291,40.5174859],[74.4997501,40.5180731],[74.5002222,40.5168986],[74.5013123,40.516459],[74.5024966,40.516605],[74.5062732,40.5166703],[74.5054149,40.5186277],[74.5039558,40.5202263],[74.5038271,40.5216617],[74.5042133,40.5231949],[74.5034837,40.5247608],[74.5037841,40.5262613],[74.5039987,40.5284794],[74.5032262,40.528773],[74.5027971,40.5302082],[74.5020675,40.5306975],[74.5009946,40.5306649],[74.500308,40.5298168],[74.4998359,40.5278597],[74.4993209,40.5289687],[74.4992351,40.5302409],[74.4987201,40.5316761],[74.4980764,40.530567],[74.4979906,40.5295559]]]},"properties":{"@id":"way/1079219454","name":"№ 96","natural":"glacier","ref":"96"}},{"type":"Feature","geometry":{"type":"Polygon","coordinates":[[[74.51756,40.5191823],[74.5163154,40.517649],[74.5192336,40.5174533],[74.5206928,40.5183341],[74.5208644,40.5192149],[74.5216798,40.5202915],[74.5227527,40.5206178],[74.5247268,40.5205362],[74.5226669,40.5217922],[74.5219802,40.5227708],[74.5203065,40.5229992],[74.5188474,40.5211723],[74.51756,40.5191823]]]},"properties":{"@id":"way/1079219455","natural":"glacier"}},{"type":"Feature","geometry":{"type":"Polygon","coordinates":[[[74.5176887,40.5313173],[74.5152425,40.5313173],[74.5137834,40.5308606],[74.5136547,40.5299799],[74.5142655,40.529121],[74.514513,40.528773],[74.5161867,40.5281533],[74.5170021,40.5275661],[74.5173025,40.5264896],[74.5189354,40.5250708],[74.5200061,40.5257394],[74.5232677,40.5280228],[74.5203065,40.5289035],[74.5201778,40.529719],[74.5197916,40.5310889],[74.5176887,40.5313173]]]},"properties":{"@id":"way/1079219456","natural":"glacier"}},{"type":"Feature","geometry":{"type":"Polygon","coordinates":[[[74.506402,40.5351987],[74.5066165,40.5328829],[74.5068311,40.5305997],[74.5068311,40.5286425],[74.5067882,40.5268158],[74.506874,40.5251196],[74.5071315,40.5235864],[74.5066165,40.5222163],[74.5061016,40.5208135],[74.5054149,40.5186277],[74.5062732,40.5166703],[74.5110797,40.516344],[74.5145129,40.515822],[74.5163154,40.517649],[74.5149421,40.5182362],[74.5142126,40.5192149],[74.5130109,40.5210745],[74.5123672,40.5220858],[74.5131826,40.5234233],[74.5136118,40.5252174],[74.5131397,40.5266854],[74.5124458,40.527894],[74.5121097,40.5284794],[74.5107364,40.5302409],[74.5102644,40.5323284],[74.5097065,40.5341223],[74.5090627,40.5353944],[74.5083761,40.536699],[74.5076894,40.5373187],[74.5062732,40.536699],[74.506402,40.5351987]]]},"properties":{"@id":"way/1079219457","name":"№ 95","natural":"glacier","ref":"95"}},{"type":"Feature","geometry":{"type":"Polygon","coordinates":[[[74.5472145,40.5355574],[74.545412,40.5355574],[74.5432233,40.5342854],[74.541893,40.532622],[74.5409059,40.5310237],[74.5418072,40.5298168],[74.5430517,40.5300452],[74.5447254,40.5298821],[74.5458841,40.5295233],[74.546957,40.5310237],[74.547944,40.5321327],[74.5493602,40.5325893],[74.5496606,40.5339593],[74.5497036,40.5351987],[74.548974,40.5358184],[74.5472145,40.5355574]]]},"properties":{"@id":"way/1079219458","natural":"glacier"}},{"type":"Feature","geometry":{"type":"Polygon","coordinates":[[[74.5271301,40.5428304],[74.526658,40.5422107],[74.5242977,40.5423738],[74.5231819,40.5404496],[74.5233106,40.5392103],[74.5251131,40.5382971],[74.5249414,40.5373187],[74.5232677,40.5370251],[74.5206927,40.5368295],[74.5224094,40.5347421],[74.5244693,40.5327198],[74.529705,40.5334374],[74.5327949,40.533046],[74.5373439,40.5338941],[74.5427512,40.5357858],[74.5477294,40.5370904],[74.5524931,40.5379384],[74.5510768,40.5388516],[74.5497036,40.5398952],[74.5501756,40.5407432],[74.5507335,40.5415585],[74.5535311,40.5400882],[74.55397,40.54087],[74.5545959,40.5426347],[74.5547247,40.5441675],[74.5562696,40.5450154],[74.5563554,40.5460915],[74.5558834,40.5472003],[74.5548105,40.5475916],[74.5533514,40.5472003],[74.5533514,40.5455697],[74.553051,40.5445914],[74.550476,40.5441022],[74.5487165,40.5434826],[74.5470857,40.5427978],[74.5448112,40.5418846],[74.5420646,40.5417215],[74.5405197,40.5418194],[74.5396614,40.5424064],[74.5373439,40.542276],[74.5350265,40.5421781],[74.5327091,40.5427325],[74.5306921,40.5432869],[74.5283317,40.5436457],[74.5271301,40.5428304]]]},"properties":{"@id":"way/1079219459","name":"Кулун","natural":"glacier","ref":"93"}},{"type":"Feature","geometry":{"type":"Polygon","coordinates":[[[74.5691442,40.5329807],[74.5681572,40.5348399],[74.5668697,40.5366664],[74.5656681,40.5391451],[74.5654535,40.539993],[74.5645093,40.5405149],[74.5639514,40.5423086],[74.5645952,40.543874],[74.5652389,40.5450154],[74.5653006,40.5466148],[74.5642176,40.547355],[74.56323,40.54721],[74.5610118,40.5467437],[74.5574608,40.5463287],[74.558072,40.545211],[74.5579433,40.5440044],[74.5600462,40.5439066],[74.5609045,40.5431891],[74.5609045,40.5421781],[74.5596599,40.5421455],[74.5576429,40.5421455],[74.5557975,40.5419172],[74.55397,40.54087],[74.5535311,40.5400882],[74.5529651,40.5390799],[74.5524931,40.5379384],[74.55451,40.5346116],[74.5549392,40.5335026],[74.5561409,40.5333395],[74.5569133,40.5338941],[74.5582008,40.5365686],[74.5610332,40.5374491],[74.561162,40.5353618],[74.5622348,40.5334048],[74.5637369,40.5319696],[74.5654535,40.5303061],[74.5666122,40.5290666],[74.5684146,40.5285121],[74.5707321,40.5280554],[74.5719766,40.527142],[74.5742082,40.5255437],[74.5757961,40.5245976],[74.5774269,40.5246629],[74.5761823,40.5253805],[74.5749807,40.5267832],[74.5735216,40.5284142],[74.5719766,40.529719],[74.5703888,40.5314477],[74.5691442,40.5329807]]]},"properties":{"@id":"way/1079219460","name":"№ 111","natural":"glacier","ref":"111"}},{"type":"Feature","geometry":{"type":"Polygon","coordinates":[[[74.4641304,40.581041],[74.4636154,40.5794765],[74.46177,40.5793135],[74.4615554,40.5784987],[74.4652461,40.5778468],[74.4664097,40.5780348],[74.4662761,40.5795417],[74.4641304,40.581041]]]},"properties":{"@id":"way/1079219461","natural":"glacier"}},{"type":"Feature","geometry":{"type":"Polygon","coordinates":[[[74.4833993,40.5755651],[74.4818544,40.5761192],[74.4792366,40.5763148],[74.476962,40.5762822],[74.4763183,40.5747501],[74.4742522,40.5726326],[74.4746875,40.5724358],[74.4809531,40.5719142],[74.4839176,40.5721144],[74.4832706,40.5729573],[74.4833993,40.5755651]]]},"properties":{"@id":"way/1079219462","natural":"glacier"}},{"type":"Feature","geometry":{"type":"Polygon","coordinates":[[[74.5120668,40.5731529],[74.510436,40.5708058],[74.5100069,40.5691107],[74.5090198,40.5679045],[74.5086765,40.5665353],[74.5074749,40.5639598],[74.5074713,40.563433],[74.5102214,40.5623297],[74.5124481,40.5618598],[74.5155429,40.5635034],[74.5167445,40.5660463],[74.5164442,40.5672525],[74.5158433,40.5675785],[74.5160579,40.5692085],[74.5159292,40.5704798],[74.5151996,40.5717186],[74.5154142,40.5731855],[74.5142984,40.5750109],[74.5133971,40.5749784],[74.5120668,40.5731529]]]},"properties":{"@id":"way/1079219463","name":"№77","natural":"glacier"}},{"type":"Feature","geometry":{"type":"Polygon","coordinates":[[[74.5219802,40.5710014],[74.5203065,40.5696975],[74.5193624,40.5681001],[74.5183324,40.5667309],[74.5177316,40.5659811],[74.5177316,40.5645466],[74.517045,40.5634055],[74.5155,40.5619384],[74.5150279,40.5607647],[74.5172595,40.5604387],[74.5204352,40.5601779],[74.5236968,40.5590041],[74.527645,40.5574391],[74.5307349,40.5569174],[74.533739,40.5575043],[74.5344206,40.5586249],[74.5343065,40.5597694],[74.5327091,40.5605039],[74.5309066,40.5612211],[74.5310354,40.5624927],[74.5314645,40.5637968],[74.5323228,40.563699],[74.5328378,40.562297],[74.533267,40.5614168],[74.5342095,40.5607424],[74.5355415,40.5607973],[74.5356702,40.5595584],[74.5359706,40.5575695],[74.5387172,40.5562653],[74.5407771,40.5595258],[74.5406484,40.5607321],[74.5403909,40.5623623],[74.5390176,40.564188],[74.5368719,40.565492],[74.5344257,40.5665679],[74.5319366,40.5681001],[74.5303917,40.5695997],[74.5289754,40.5710666],[74.5268726,40.5730551],[74.5258426,40.5736744],[74.5243406,40.5730551],[74.5229243,40.5732181],[74.5222377,40.5727943],[74.5232677,40.5711644],[74.5219802,40.5710014]]]},"properties":{"@id":"way/1079219464","name":"№ 76","natural":"glacier","ref":"76"}},{"type":"Feature","geometry":{"type":"Polygon","coordinates":[[[74.5385456,40.5857343],[74.5373439,40.5843003],[74.535284,40.5831922],[74.5355844,40.5815625],[74.5355415,40.5800958],[74.5354127,40.5789876],[74.5345115,40.5779119],[74.5339508,40.5759956],[74.5359113,40.5743159],[74.5387784,40.5736728],[74.538846,40.5750435],[74.5410775,40.5759236],[74.5421504,40.5767385],[74.5427416,40.5782821],[74.5414209,40.5793787],[74.5406913,40.5811062],[74.5412492,40.5833225],[74.5411205,40.5851151],[74.5394897,40.5866469],[74.5385456,40.5857343]]]},"properties":{"@id":"way/1079219465","natural":"glacier"}},{"type":"Feature","geometry":{"type":"Polygon","coordinates":[[[74.5803451,40.5767385],[74.5809888,40.5778794],[74.5802164,40.5782053],[74.5784998,40.5776512],[74.5761823,40.5761844],[74.5743799,40.5747827],[74.5727062,40.5731203],[74.5714616,40.5709688],[74.5698738,40.5681979],[74.5689296,40.5652964],[74.5666551,40.5630143],[74.5654535,40.5617428],[74.5643806,40.5587759],[74.5635652,40.556787],[74.562664,40.5542111],[74.562149,40.5528579],[74.5611191,40.551309],[74.5600462,40.5502981],[74.5592093,40.5498416],[74.5586514,40.5503634],[74.5573668,40.550089],[74.557436,40.5491228],[74.5561194,40.5482112],[74.55744,40.54649],[74.5610118,40.5467437],[74.56323,40.54721],[74.5642176,40.547355],[74.5661831,40.5464502],[74.5676636,40.5478851],[74.5689064,40.5487658],[74.5692515,40.5494503],[74.569745,40.5499068],[74.5696163,40.5503144],[74.5699382,40.5507057],[74.5703029,40.5508688],[74.5712471,40.5506079],[74.5720196,40.5514068],[74.5721698,40.5521242],[74.5715904,40.5527437],[74.5709038,40.5533144],[74.5711398,40.5536078],[74.5721912,40.5528742],[74.5726633,40.5519612],[74.5729208,40.5511297],[74.5728564,40.5504612],[74.5746667,40.5502833],[74.5775986,40.550184],[74.5797443,40.5515373],[74.5821798,40.5531921],[74.5779418,40.5552219],[74.5760535,40.5569174],[74.5730495,40.5573087],[74.5735644,40.5593302],[74.5752811,40.563373],[74.5758819,40.5667635],[74.5785426,40.5729573],[74.5803451,40.5767385]]]},"properties":{"@id":"way/1079219466","name":"Каракол","natural":"glacier","ref":"90"}},{"type":"Feature","geometry":{"type":"Polygon","coordinates":[[[74.548931,40.5727617],[74.5478152,40.5698279],[74.5477294,40.5652639],[74.5469569,40.5619384],[74.543867,40.5588737],[74.5431804,40.5551567],[74.5426654,40.5523525],[74.5418929,40.5504612],[74.5450687,40.5465481],[74.5465594,40.5465743],[74.547429,40.5466459],[74.5492744,40.5468416],[74.5516777,40.5478199],[74.5539093,40.5485373],[74.5561194,40.5482112],[74.557436,40.5491228],[74.5573668,40.550089],[74.5569992,40.5516025],[74.5566558,40.5534937],[74.5568275,40.5548306],[74.558072,40.5570478],[74.5593166,40.5591345],[74.5598316,40.5607973],[74.5593166,40.5627535],[74.5574283,40.5639598],[74.5556259,40.5658507],[74.5553683,40.5689151],[74.5542955,40.5699257],[74.5532655,40.571849],[74.5528364,40.5746198],[74.553008,40.5762822],[74.5518922,40.5782705],[74.5507335,40.577749],[74.5492744,40.5748479],[74.548931,40.5727617]]]},"properties":{"@id":"way/1079219467","alt_name":"Каракульджа","name":"Каракол Западный","natural":"glacier"}},{"type":"Feature","geometry":{"type":"Polygon","coordinates":[[[74.3078756,40.7205263],[74.3064165,40.7193554],[74.3059444,40.7181519],[74.3067598,40.7172737],[74.3086052,40.7174038],[74.3089914,40.7187049],[74.3099784,40.7196482],[74.3092489,40.7202336],[74.3078756,40.7205263]]]},"properties":{"@id":"way/1079219474","natural":"glacier"}},{"type":"Feature","geometry":{"type":"Polygon","coordinates":[[[74.3871831,40.5152674],[74.3865394,40.513995],[74.3896949,40.513142],[74.3927254,40.514339],[74.3934059,40.5153326],[74.3930625,40.5166702],[74.3936204,40.5178121],[74.3912172,40.5175837],[74.3889427,40.5164745],[74.3871831,40.5152674]]]},"properties":{"@id":"way/1079221310","natural":"glacier"}},{"type":"Feature","geometry":{"type":"Polygon","coordinates":[[[74.3977832,40.5118742],[74.3951654,40.5116784],[74.3941783,40.5109606],[74.3952083,40.5095576],[74.3962382,40.507861],[74.4000929,40.5069926],[74.4006586,40.5074367],[74.3992424,40.5093619],[74.3977832,40.5105691],[74.3977832,40.5118742]]]},"properties":{"@id":"way/1079221311","natural":"glacier"}},{"type":"Feature","geometry":{"type":"Polygon","coordinates":[[[74.4031047,40.5065884],[74.4022883,40.5060326],[74.4059371,40.5040106],[74.4092845,40.5050548],[74.4107866,40.5069799],[74.411244,40.5077057],[74.4110265,40.5079296],[74.4112369,40.5079749],[74.4115236,40.5078523],[74.4117736,40.5085461],[74.4128894,40.5103733],[74.4113016,40.5112217],[74.4104649,40.5111422],[74.4105128,40.5092822],[74.4095366,40.5089041],[74.4082117,40.510928],[74.40701,40.5117763],[74.4059801,40.5126573],[74.4057655,40.5116458],[74.4051218,40.5091335],[74.4052505,40.5074367],[74.4031047,40.5065884]]]},"properties":{"@id":"way/1079221312","natural":"glacier"}},{"type":"Feature","geometry":{"type":"Polygon","coordinates":[[[74.4216013,40.5179426],[74.4202709,40.5172901],[74.4194126,40.5160504],[74.4182539,40.5146475],[74.4182968,40.513375],[74.4176052,40.5127234],[74.4182967,40.5115806],[74.4226767,40.5117343],[74.4224596,40.5139949],[74.4242191,40.5129509],[74.4249891,40.5119626],[74.4268165,40.5122683],[74.4264936,40.5135382],[74.4279098,40.515039],[74.4265365,40.5162461],[74.4253349,40.5175837],[74.4246482,40.5190845],[74.4233608,40.5195086],[74.4216013,40.5179426]]]},"properties":{"@id":"way/1079221313","natural":"glacier"}},{"type":"Feature","geometry":{"type":"Polygon","coordinates":[[[74.4343042,40.5190845],[74.4330167,40.5185298],[74.431343,40.5184646],[74.4303989,40.5171596],[74.4292402,40.516344],[74.4281813,40.5166647],[74.4279098,40.515039],[74.4281673,40.5124942],[74.4301414,40.5112543],[74.4316434,40.5127551],[74.4333171,40.5127225],[74.4349908,40.5131467],[74.4359779,40.5141255],[74.4381236,40.513995],[74.4394111,40.5149738],[74.4387674,40.5162135],[74.4388961,40.517388],[74.4385957,40.5190192],[74.4383382,40.520161],[74.4372654,40.5199979],[74.4371795,40.5191497],[74.43542,40.5186277],[74.4343042,40.5190845]]]},"properties":{"@id":"way/1079221314","natural":"glacier"}},{"type":"Feature","geometry":{"type":"Polygon","coordinates":[[[74.4442606,40.5266854],[74.4437027,40.5256741],[74.4431448,40.5244345],[74.4429302,40.5227708],[74.4431877,40.52189],[74.4447755,40.5207809],[74.4464219,40.5213955],[74.4473075,40.5220206],[74.4462347,40.5230644],[74.4464922,40.5242062],[74.4468355,40.5249891],[74.4470071,40.5258372],[74.4458913,40.526718],[74.4442606,40.5266854]]]},"properties":{"@id":"way/1079221315","natural":"glacier"}},{"type":"Feature","geometry":{"type":"Polygon","coordinates":[[[74.4652033,40.5236353],[74.4661903,40.5246955],[74.4668555,40.5259514],[74.4682288,40.5246629],[74.469645,40.525299],[74.4695592,40.5263591],[74.4682932,40.5274356],[74.4670701,40.5282022],[74.4654393,40.528985],[74.4642162,40.5292949],[74.4633579,40.529882],[74.4623065,40.5304529],[74.4603968,40.5309747],[74.4608796,40.5304039],[74.4612658,40.5299147],[74.4616842,40.5291807],[74.4619846,40.5283326],[74.4617271,40.5280228],[74.4599247,40.5275987],[74.4596672,40.5263918],[74.4569421,40.52525],[74.4558048,40.5245324],[74.4568348,40.5244671],[74.457221,40.5237495],[74.4571137,40.5232112],[74.4584656,40.5229992],[74.4588947,40.5240431],[74.4591093,40.5250706],[74.4596672,40.5257557],[74.4606113,40.5261471],[74.4603324,40.525299],[74.4597101,40.5246629],[74.4607615,40.5246792],[74.46177,40.5245813],[74.462285,40.525038],[74.4632292,40.52525],[74.4632506,40.5261634],[74.4642162,40.525723],[74.4644952,40.5253479],[74.4644952,40.5244998],[74.4652033,40.5236353]]]},"properties":{"@id":"way/1079221316","natural":"scree"}},{"type":"Feature","geometry":{"type":"Polygon","coordinates":[[[74.4703102,40.5253805],[74.4695592,40.5263591],[74.4682932,40.5274356],[74.4670701,40.5282022],[74.4654393,40.528985],[74.4642162,40.5292949],[74.4635832,40.5288301],[74.4629073,40.5284631],[74.4617271,40.5280228],[74.4599247,40.5275987],[74.4588733,40.5262287],[74.4569421,40.52525],[74.4558048,40.5245324],[74.4545826,40.5233331],[74.4560622,40.522934],[74.4583797,40.522412],[74.4626712,40.5211724],[74.4660186,40.5207157],[74.4704818,40.5202589],[74.4725417,40.5207809],[74.4727019,40.5212557],[74.4710826,40.5218574],[74.469366,40.5221184],[74.4695377,40.5231623],[74.4702673,40.5242062],[74.4703102,40.5253805]]]},"properties":{"@id":"way/1079221317","natural":"glacier"}},{"type":"Feature","geometry":{"type":"Polygon","coordinates":[[[74.5038271,40.5451458],[74.5039129,40.544037],[74.5047283,40.542863],[74.5052433,40.5415259],[74.504857,40.5401561],[74.504342,40.5387211],[74.5042133,40.537547],[74.5050716,40.5364381],[74.5062732,40.536699],[74.5076894,40.5373187],[74.5083761,40.536699],[74.5090627,40.5353944],[74.5097065,40.5341223],[74.5102644,40.5323284],[74.5107364,40.5302409],[74.5121097,40.5284794],[74.5124458,40.527894],[74.5142655,40.529121],[74.5136547,40.5299799],[74.5137834,40.5308606],[74.5127964,40.5321653],[74.5118093,40.5339266],[74.510951,40.5357205],[74.510436,40.5374491],[74.5102644,40.5394386],[74.5106077,40.5415585],[74.5109081,40.5429282],[74.5111227,40.5442979],[74.5109081,40.5451132],[74.5097494,40.545798],[74.5081615,40.5461893],[74.5060587,40.5459285],[74.5038271,40.5451458]]]},"properties":{"@id":"way/1079496360","natural":"scree"}},{"type":"Feature","geometry":{"type":"Polygon","coordinates":[[[74.4376087,40.527403],[74.4370508,40.5287404],[74.4363641,40.5299799],[74.43542,40.5317413],[74.4340896,40.5331438],[74.4331026,40.5337309],[74.4321155,40.5332417],[74.431622,40.5324833],[74.4322872,40.5310889],[74.4321584,40.5302735],[74.4320726,40.5290992],[74.4320297,40.5276966],[74.4319868,40.5263918],[74.4322443,40.5251848],[74.4319439,40.5235864],[74.4312143,40.5219553],[74.4315576,40.5210092],[74.4312572,40.5196391],[74.431343,40.5184646],[74.4330167,40.5185298],[74.4343042,40.5190845],[74.43542,40.5186277],[74.4371795,40.5191497],[74.4372654,40.5199979],[74.4383382,40.520161],[74.4386816,40.5224772],[74.4385528,40.5241083],[74.4380378,40.5256415],[74.4376087,40.527403]]]},"properties":{"@id":"way/1079496361","natural":"scree"}},{"type":"Feature","geometry":{"type":"Polygon","coordinates":[[[74.4824123,40.5381014],[74.4820046,40.5401398],[74.4813609,40.5416237],[74.4806099,40.5432706],[74.479773,40.5442164],[74.4800305,40.54601],[74.479537,40.5466133],[74.4784212,40.546597],[74.4782924,40.5476079],[74.4775629,40.5482927],[74.4766509,40.5487329],[74.4760823,40.5484068],[74.475739,40.5474448],[74.4756532,40.5462872],[74.4758034,40.5448197],[74.4756102,40.5438739],[74.4754815,40.5428304],[74.4756746,40.5416889],[74.4754171,40.5399604],[74.4753098,40.5384602],[74.4752455,40.5366827],[74.4754815,40.5348562],[74.4758034,40.5329644],[74.4763183,40.5315782],[74.4768762,40.5307954],[74.4773912,40.5309911],[74.4773912,40.5325893],[74.4779706,40.5331764],[74.478507,40.5331112],[74.4792795,40.5321001],[74.4798803,40.5307954],[74.4803094,40.528773],[74.4813823,40.527142],[74.4828414,40.5267832],[74.4826698,40.5285447],[74.4827985,40.5298168],[74.4820261,40.5311542],[74.4811678,40.5320675],[74.4816827,40.5330786],[74.482069,40.5348399],[74.4827556,40.536275],[74.4824123,40.5381014]]]},"properties":{"@id":"way/1079496362","natural":"scree"}},{"type":"Feature","geometry":{"type":"Polygon","coordinates":[[[74.4936132,40.5409714],[74.4933557,40.5417215],[74.4928912,40.5417857],[74.4924116,40.541852],[74.4909954,40.5417542],[74.4899225,40.5413791],[74.4888282,40.5402866],[74.4886136,40.5387048],[74.4882917,40.5369273],[74.4880342,40.536063],[74.4876909,40.5350845],[74.4876694,40.5336168],[74.4868755,40.5328177],[74.4855022,40.5316761],[74.4860601,40.530355],[74.4875622,40.5293275],[74.4882273,40.5305996],[74.4888496,40.5318554],[74.4892359,40.5326872],[74.4900512,40.5330297],[74.4906091,40.5339103],[74.491167,40.5337146],[74.4914245,40.5323936],[74.4917249,40.5323447],[74.4921541,40.5337635],[74.4927549,40.534579],[74.493184,40.5360793],[74.4936132,40.538395],[74.4934845,40.5399604],[74.4936132,40.5409714]]]},"properties":{"@id":"way/1079496363","natural":"scree"}},{"type":"Feature","geometry":{"type":"Polygon","coordinates":[[[74.5042562,40.5349377],[74.5031833,40.5369273],[74.5024538,40.5387211],[74.5018529,40.5401235],[74.5019817,40.5411997],[74.5014882,40.5419009],[74.5001363,40.5421781],[74.498806,40.5426673],[74.4975614,40.5419824],[74.4970464,40.5412324],[74.4968748,40.5396669],[74.4966602,40.5377101],[74.496231,40.5352965],[74.4961452,40.5329481],[74.4957161,40.5302082],[74.4955873,40.5283164],[74.4965744,40.5270116],[74.4971323,40.5262939],[74.4979906,40.5279575],[74.4979906,40.5295559],[74.4980764,40.530567],[74.4987201,40.5316761],[74.4992351,40.5302409],[74.4993209,40.5289687],[74.4998359,40.5278597],[74.500308,40.5298168],[74.5009946,40.5306649],[74.5020675,40.5306975],[74.5027971,40.5302082],[74.5032262,40.528773],[74.5039987,40.5284794],[74.5044279,40.5311542],[74.5045995,40.5330786],[74.5042562,40.5349377]]]},"properties":{"@id":"way/1079496364","natural":"scree"}},{"type":"Feature","geometry":{"type":"Polygon","coordinates":[[[73.8571572,40.2228452],[73.8594532,40.2207317],[73.8651824,40.2216656],[73.8655042,40.2226158],[73.8649249,40.2239265],[73.8617492,40.2248604],[73.8571572,40.2228452]]]},"properties":{"@id":"way/1102331731","natural":"glacier"}},{"type":"Feature","geometry":{"type":"Polygon","coordinates":[[[73.8434457,40.210671],[73.8504409,40.2090979],[73.8591957,40.2123097],[73.8664913,40.2167994],[73.8661909,40.2178152],[73.860526,40.2163406],[73.8572639,40.2165613],[73.8535144,40.2144526],[73.8456773,40.2137844],[73.8447761,40.2122113],[73.8434457,40.210671]]]},"properties":{"@id":"way/1102331732","natural":"glacier"}},{"type":"Feature","geometry":{"type":"Polygon","coordinates":[[[73.8667595,40.2117853],[73.8679182,40.2112199],[73.8687658,40.2114084],[73.8692272,40.2111872],[73.8692379,40.2102777],[73.8705683,40.2092289],[73.8711154,40.2084997],[73.8727248,40.2083358],[73.8733363,40.2087291],[73.8747418,40.2090323],[73.8761151,40.2092781],[73.8767695,40.2099418],[73.877542,40.2099418],[73.8783789,40.2106874],[73.878808,40.2105317],[73.8791942,40.2108267],[73.8792479,40.2117853],[73.877424,40.2133993],[73.8775957,40.2150379],[73.8775849,40.2162914],[73.8765979,40.2188557],[73.8752353,40.2194701],[73.8740981,40.2193718],[73.8732612,40.2189785],[73.8718772,40.2177005],[73.8708848,40.2171434],[73.8707989,40.2165413],[73.871153,40.2162627],[73.8713515,40.2159391],[73.8709331,40.215636],[73.8693881,40.2152059],[73.8686961,40.2141735],[73.8680845,40.213428],[73.8681489,40.2129774],[73.8673872,40.212621],[73.8669741,40.2122113],[73.8667434,40.2119368],[73.8667595,40.2117853]]]},"properties":{"@id":"way/1102331733","natural":"glacier"}},{"type":"Feature","geometry":{"type":"Polygon","coordinates":[[[73.9116382,40.212408],[73.9163589,40.2146037],[73.9155435,40.2177169],[73.9086341,40.2181102],[73.906188,40.2155868],[73.9116382,40.212408]]]},"properties":{"@id":"way/1102331734","natural":"glacier"}},{"type":"Feature","geometry":{"type":"Polygon","coordinates":[[[73.8780355,40.2050501],[73.8894081,40.2030016],[73.9005446,40.2055254],[73.9052224,40.2054107],[73.9074111,40.2070003],[73.9073252,40.211097],[73.9024544,40.2128668],[73.8967037,40.2119164],[73.8917899,40.2074919],[73.8829922,40.2088848],[73.8774133,40.2077377],[73.877027,40.2060498],[73.8780355,40.2050501]]]},"properties":{"@id":"way/1102331735","natural":"glacier"}},{"type":"Feature","geometry":{"type":"Polygon","coordinates":[[[73.9517963,40.1340075],[73.9495647,40.1326336],[73.9490926,40.1321332],[73.9494896,40.1306075],[73.9500689,40.1298774],[73.9540493,40.1296313],[73.9543498,40.1296313],[73.9550149,40.1301932],[73.9554441,40.1304065],[73.9557821,40.1304106],[73.9561683,40.1302958],[73.9564902,40.1302711],[73.9571875,40.1303901],[73.9579546,40.1311489],[73.9587164,40.1314688],[73.9590812,40.131678],[73.9591831,40.1319364],[73.959226,40.1323096],[73.9591241,40.1325598],[73.9588988,40.1326541],[73.9586842,40.132691],[73.9583141,40.1323178],[73.9581102,40.132244],[73.9580888,40.1325762],[73.9583409,40.1328223],[73.9587486,40.132974],[73.9592421,40.133175],[73.9592743,40.1337697],[73.9594567,40.1339665],[73.9596122,40.1339706],[73.9598536,40.1337451],[73.9600468,40.1337492],[73.9603579,40.1343233],[73.9615434,40.1351682],[73.9617795,40.1351887],[73.962037,40.1350985],[73.9622515,40.1349098],[73.9623749,40.1349098],[73.9626217,40.1349918],[73.9627665,40.1350944],[73.9627021,40.1351723],[73.9629972,40.1358941],[73.9631957,40.136214],[73.9632225,40.1364355],[73.9629865,40.1365708],[73.9626914,40.1365544],[73.9621174,40.1362099],[73.9618868,40.1362263],[73.9613771,40.1358039],[73.9611036,40.1358613],[73.9610714,40.1359925],[73.9614898,40.1363699],[73.9614361,40.1369522],[73.9612538,40.1373295],[73.9609909,40.1375018],[73.9607978,40.1375428],[73.9603579,40.1374115],[73.9594728,40.1369645],[73.9591455,40.1369522],[73.9589739,40.1370342],[73.9585018,40.1370588],[73.9581692,40.1369727],[73.9578098,40.1365749],[73.9575738,40.1359433],[73.9562005,40.1353815],[73.9559644,40.1351559],[73.9552188,40.1350575],[73.9535665,40.1344915],[73.9532232,40.1342208],[73.9527404,40.134065],[73.9517963,40.1340075]]]},"properties":{"@id":"way/1102331758","natural":"glacier"}},{"type":"Feature","geometry":{"type":"Polygon","coordinates":[[[74.0031767,40.1155451],[74.0053224,40.1150364],[74.0124249,40.1158404],[74.0160727,40.1184659],[74.0133691,40.1200412],[74.0097427,40.1196802],[74.0067601,40.1176291],[74.0043139,40.1176455],[74.0031767,40.1155451]]]},"properties":{"@id":"way/1102568135","natural":"glacier"}},{"type":"Feature","geometry":{"type":"Polygon","coordinates":[[[74.02825,40.105838],[74.028604,40.1049682],[74.0301168,40.1047302],[74.0339255,40.1081521],[74.0332281,40.1091532],[74.0305352,40.108546],[74.02825,40.105838]]]},"properties":{"@id":"way/1102568136","natural":"glacier"}},{"type":"Feature","geometry":{"type":"Polygon","coordinates":[[[74.0322733,40.1017267],[74.030149,40.0997899],[74.0264797,40.0982471],[74.0295052,40.0959655],[74.030385,40.0946359],[74.0335178,40.0944718],[74.0353203,40.0958178],[74.0358996,40.0979844],[74.034419,40.1000526],[74.0399766,40.1010866],[74.0467572,40.1041558],[74.0472722,40.1057806],[74.0457058,40.1077664],[74.0421867,40.1068966],[74.0351486,40.1058955],[74.0326381,40.1048943],[74.0322733,40.1017267]]]},"properties":{"@id":"way/1102568137","natural":"glacier"}},{"type":"Feature","geometry":{"type":"Polygon","coordinates":[[[73.8454306,40.2539508],[73.8462353,40.2544257],[73.8472545,40.2541228],[73.8487565,40.2544339],[73.8497543,40.2555557],[73.8522327,40.2552036],[73.8536811,40.2555229],[73.8534665,40.2557276],[73.8507628,40.2557194],[73.850323,40.2561616],[73.849529,40.2561943],[73.8487136,40.2564482],[73.8463318,40.2559078],[73.845098,40.2546386],[73.845098,40.2541801],[73.8454306,40.2539508]]]},"properties":{"@id":"way/1102568138","natural":"glacier"}},{"type":"Feature","geometry":{"type":"Polygon","coordinates":[[[73.8363433,40.2650448],[73.8359678,40.2647501],[73.8362682,40.2636367],[73.8377809,40.2617946],[73.8393259,40.262163],[73.8399911,40.261901],[73.8402057,40.2603373],[73.8410854,40.2602718],[73.8425124,40.2607548],[73.8427484,40.2635303],[73.8422549,40.2643244],[73.8402884,40.2649231],[73.8401842,40.2649548],[73.8380921,40.2644062],[73.8365765,40.2649596],[73.8363433,40.2650448]]]},"properties":{"@id":"way/1102568139","natural":"glacier"}},{"type":"Feature","geometry":{"type":"Polygon","coordinates":[[[73.8484239,40.2889214],[73.8500547,40.2893634],[73.8506555,40.2901326],[73.8498831,40.2914748],[73.8484025,40.2914257],[73.8479304,40.2903782],[73.8484239,40.2889214]]]},"properties":{"@id":"way/1102568140","natural":"glacier"}},{"type":"Feature","geometry":{"type":"Polygon","coordinates":[[[73.8516426,40.2842401],[73.8565779,40.2831434],[73.857758,40.2842728],[73.8553118,40.2875629],[73.8536167,40.2869082],[73.8516426,40.2842401]]]},"properties":{"@id":"way/1102568141","natural":"glacier"}},{"type":"Feature","geometry":{"type":"Polygon","coordinates":[[[73.8435101,40.2774958],[73.8444543,40.2777086],[73.8452267,40.2784616],[73.8451409,40.2792474],[73.8438105,40.2802951],[73.842287,40.280246],[73.8416004,40.2795257],[73.8429951,40.2788709],[73.8435101,40.2774958]]]},"properties":{"@id":"way/1102568142","natural":"glacier"}},{"type":"Feature","geometry":{"type":"Polygon","coordinates":[[[73.8437032,40.2824395],[73.8455486,40.2810972],[73.8465142,40.2810972],[73.8469648,40.282063],[73.8454413,40.2848294],[73.8429951,40.2855823],[73.8437462,40.2844365],[73.8437032,40.2824395]]]},"properties":{"@id":"way/1102568143","natural":"glacier"}},{"type":"Feature","geometry":{"type":"Polygon","coordinates":[[[73.826108,40.2750565],[73.8263869,40.2750401],[73.8274383,40.2748928],[73.8291335,40.2772338],[73.8290262,40.2783961],[73.829112,40.2797712],[73.8283181,40.2798858],[73.8260007,40.2787399],[73.8248205,40.2775285],[73.826108,40.2750565]]]},"properties":{"@id":"way/1102568144","natural":"glacier"}},{"type":"Feature","geometry":{"type":"Polygon","coordinates":[[[73.8331461,40.2706362],[73.835442,40.2710455],[73.8396907,40.2743362],[73.8391971,40.2766936],[73.8366866,40.2779869],[73.8325023,40.2802623],[73.8327384,40.2775449],[73.8294339,40.2748437],[73.8294554,40.2729937],[73.8331461,40.2706362]]]},"properties":{"@id":"way/1102568145","natural":"glacier"}},{"type":"Feature","geometry":{"type":"Polygon","coordinates":[[[73.9168954,40.2358363],[73.918612,40.2347552],[73.9217877,40.2353613],[73.9246845,40.2384571],[73.9242983,40.2405538],[73.9230734,40.241572],[73.922632,40.2415366],[73.9228253,40.2409053],[73.9217448,40.2401443],[73.9168954,40.2384571],[73.9168954,40.2358363]]]},"properties":{"@id":"way/1102568207","natural":"glacier"}},{"type":"Feature","geometry":{"type":"Polygon","coordinates":[[[73.9175284,40.183521],[73.9187407,40.1816685],[73.9223885,40.1800373],[73.9235043,40.180234],[73.9257252,40.1832833],[73.924942,40.1843652],[73.9222813,40.1850865],[73.9205432,40.1857668],[73.9195239,40.18498],[73.9175284,40.183521]]]},"properties":{"@id":"way/1102568208","natural":"glacier"}},{"type":"Feature","geometry":{"type":"Polygon","coordinates":[[[73.927989,40.1760698],[73.9280963,40.1749877],[73.9312935,40.1738401],[73.9347482,40.1755944],[73.9350915,40.1768732],[73.9348125,40.1782012],[73.9328813,40.1784471],[73.9326024,40.1794471],[73.92977,40.1802996],[73.9279461,40.1794143],[73.927989,40.1760698]]]},"properties":{"@id":"way/1102568209","natural":"glacier"}},{"type":"Feature","geometry":{"type":"Polygon","coordinates":[[[74.0217805,40.1166937],[74.0234113,40.11502],[74.0264368,40.1143636],[74.0309214,40.1158568],[74.0351701,40.1213703],[74.0348696,40.1223219],[74.0329599,40.1226665],[74.0290332,40.1208944],[74.0253639,40.1199263],[74.0243768,40.11863],[74.0225959,40.1178096],[74.0217805,40.1166937]]]},"properties":{"@id":"way/1102568224","natural":"glacier"}},{"type":"Feature","geometry":{"type":"Polygon","coordinates":[[[74.0376699,40.1265058],[74.0393114,40.1256691],[74.0414142,40.12603],[74.0460062,40.1318707],[74.0456843,40.1331832],[74.0438819,40.133134],[74.0379703,40.1281219],[74.0376699,40.1265058]]]},"properties":{"@id":"way/1102568225","natural":"glacier"}},{"type":"Feature","geometry":{"type":"Polygon","coordinates":[[[74.5339093,40.2207771],[74.5339753,40.2207778],[74.5340643,40.2208099],[74.5342023,40.2209115],[74.5343254,40.2210543],[74.5343594,40.2211146],[74.5343504,40.2211505],[74.5343134,40.2211887],[74.5342383,40.2212193],[74.5341623,40.2212857],[74.5340983,40.2213552],[74.5340473,40.2213651],[74.5340003,40.2213567],[74.5339253,40.2213186],[74.5338172,40.2212101],[74.5337852,40.2210283],[74.5337522,40.2209909],[74.5337302,40.2208932],[74.5337382,40.2208427],[74.5337912,40.2208175],[74.5339093,40.2207771]]]},"properties":{"@id":"way/1112572145","natural":"water","source":"mapbox","water":"lake"}},{"type":"Feature","geometry":{"type":"Polygon","coordinates":[[[74.1999092,40.1496616],[74.1999281,40.1496518],[74.1999611,40.1496116],[74.2000906,40.1495481],[74.2001114,40.1495117],[74.2001505,40.1493912],[74.2002067,40.1493184],[74.2002115,40.1492623],[74.2002421,40.1491848],[74.2003117,40.1491138],[74.2003899,40.1490877],[74.2004657,40.1490363],[74.2005622,40.1490326],[74.2006257,40.1490214],[74.2007357,40.1489457],[74.2009507,40.1488654],[74.201046,40.1487776],[74.2011536,40.148575],[74.2011633,40.1485021],[74.2012,40.1483994],[74.2011939,40.1483125],[74.2011584,40.1482453],[74.2011829,40.1481584],[74.2012256,40.1481005],[74.2012525,40.1480081],[74.2013942,40.1479931],[74.2014676,40.1480155],[74.2015824,40.1480062],[74.201707,40.1479446],[74.2017315,40.1478026],[74.2016484,40.1476289],[74.2013723,40.1473291],[74.2013295,40.1471675],[74.2010766,40.1468042],[74.2008261,40.1466473],[74.2006893,40.146482],[74.2004449,40.1463363],[74.2003747,40.146278],[74.2000307,40.1461056],[74.1999782,40.1460589],[74.1997741,40.1459637],[74.1997051,40.1459095],[74.1996459,40.1458894],[74.1996355,40.145867],[74.19963,40.1458119],[74.1996135,40.145797],[74.1996135,40.145775],[74.1996385,40.1457148],[74.1996367,40.1456952],[74.1996006,40.1456522],[74.1996147,40.1456289],[74.1996477,40.1456326],[74.1997192,40.1456092],[74.1998035,40.1454883],[74.1999281,40.1454351],[74.1999574,40.1453846],[74.2000002,40.1453473],[74.2000698,40.1453267],[74.2002225,40.1453295],[74.2003386,40.1453781],[74.200506,40.1454033],[74.200605,40.1453884],[74.2006648,40.1453884],[74.2007381,40.145379],[74.2009006,40.145394],[74.2009801,40.1453912],[74.2010656,40.1454033],[74.2012244,40.1453818],[74.2013002,40.1453818],[74.201415,40.1453697],[74.2015177,40.1453183],[74.2016521,40.1453071],[74.2016814,40.1453342],[74.2016594,40.1454117],[74.2016276,40.145577],[74.2016447,40.1457461],[74.2016582,40.1460094],[74.201795,40.1463419],[74.2019233,40.1466109],[74.2020662,40.146836],[74.2022556,40.1470415],[74.2024817,40.1471984],[74.2026918,40.1473058],[74.2030926,40.1473795],[74.2031927,40.147415],[74.20331,40.1475224],[74.2033296,40.1476345],[74.2033772,40.1476877],[74.2033931,40.1477727],[74.2034237,40.1478082],[74.2034237,40.1479941],[74.2034567,40.1481407],[74.2035434,40.148306],[74.2036619,40.1484321],[74.2037426,40.1484872],[74.2037792,40.1485946],[74.2037719,40.1487197],[74.203723,40.1488066],[74.2037377,40.1489168],[74.2037206,40.1490008],[74.2037328,40.1491092],[74.203789,40.1492408],[74.2038171,40.1493268],[74.2037865,40.1494659],[74.2036631,40.1496919],[74.2036399,40.149776],[74.2034994,40.1500627],[74.2033943,40.1502046],[74.2031158,40.1503596],[74.2029899,40.1503979],[74.2028018,40.1505287],[74.2027639,40.1505997],[74.2026991,40.1506398],[74.2025574,40.1508219],[74.2024438,40.1510489],[74.2023326,40.1511647],[74.2022849,40.1512496],[74.2022422,40.1512833],[74.2021469,40.1514205],[74.202054,40.1514803],[74.2020235,40.1515167],[74.2020161,40.1515821],[74.2019807,40.1516307],[74.2018989,40.1516774],[74.2017962,40.1517633],[74.2015983,40.1518557],[74.2013796,40.1519304],[74.2012904,40.1520033],[74.2012373,40.1520943],[74.2011682,40.1521247],[74.2010888,40.1521382],[74.2010405,40.1521326],[74.2009984,40.1521102],[74.2009697,40.1520416],[74.2009208,40.1520192],[74.200911,40.1519888],[74.2008872,40.1519729],[74.2008249,40.1519528],[74.2008139,40.1519342],[74.2007119,40.1518898],[74.2006923,40.1518613],[74.2007326,40.1518338],[74.2007333,40.1517689],[74.2007204,40.151725],[74.2007308,40.1517016],[74.2007412,40.151676],[74.2007143,40.1516367],[74.2006648,40.1516124],[74.2006251,40.151563],[74.2005396,40.1515377],[74.2004773,40.1515074],[74.2004529,40.1514649],[74.2004357,40.1514486],[74.200385,40.1514266],[74.2003588,40.1513963],[74.2003459,40.1513407],[74.2002794,40.1512707],[74.2001773,40.151217],[74.2001114,40.1511647],[74.2000625,40.1511072],[74.2000484,40.1510442],[74.2000564,40.1509013],[74.2000814,40.1508607],[74.2000784,40.1507953],[74.2001138,40.1507397],[74.2001254,40.1507019],[74.2001144,40.1506641],[74.200082,40.1506137],[74.2000723,40.1505404],[74.2000338,40.1504675],[74.1999678,40.1504045],[74.1999531,40.1503596],[74.199944,40.1502691],[74.1999085,40.1501962],[74.1998743,40.1501598],[74.1998505,40.1500613],[74.199823,40.1500216],[74.1998053,40.1499459],[74.1997839,40.1499179],[74.1997778,40.1498932],[74.1997851,40.1498311],[74.1997662,40.1497531],[74.1997741,40.1497293],[74.1998157,40.1497008],[74.199889,40.149677],[74.1999092,40.1496616]]]},"properties":{"@id":"way/1112572228","natural":"water","source":"mapbox","water":"lake"}},{"type":"Feature","geometry":{"type":"Polygon","coordinates":[[[74.1780847,40.1368692],[74.1786809,40.1364507],[74.1810952,40.136376],[74.1836659,40.1375866],[74.1839689,40.1378855],[74.180802,40.1390362],[74.179893,40.1387597],[74.1783486,40.139096],[74.1779869,40.1387822],[74.1780847,40.1368692]]]},"properties":{"@id":"way/1112572229","natural":"glacier"}},{"type":"Feature","geometry":{"type":"Polygon","coordinates":[[[74.1685351,40.1185289],[74.169708,40.1177366],[74.1692779,40.1164659],[74.1702554,40.1158081],[74.1727576,40.1154493],[74.1740283,40.1166453],[74.1754554,40.1169144],[74.176511,40.1168546],[74.1774102,40.1162267],[74.1800884,40.1162566],[74.1813982,40.1172433],[74.1813591,40.1184243],[74.1802448,40.1194109],[74.1782704,40.120861],[74.1766674,40.1200986],[74.1745561,40.1197847],[74.1724839,40.1201883],[74.1719952,40.1214739],[74.1709982,40.1216234],[74.1694539,40.1211151],[74.1693561,40.1194707],[74.1685351,40.1185289]]]},"properties":{"@id":"way/1112572230","natural":"glacier"}},{"type":"Feature","geometry":{"type":"Polygon","coordinates":[[[74.1566885,40.1173928],[74.1578028,40.1170788],[74.1579592,40.1164958],[74.1595622,40.1154643],[74.1610088,40.1153447],[74.1641952,40.1166453],[74.1669712,40.116436],[74.1678509,40.1169443],[74.1673426,40.1190372],[74.1664824,40.1195604],[74.1643321,40.1195604],[74.1627095,40.1202182],[74.1614779,40.1221167],[74.1607546,40.1222213],[74.1602659,40.1208012],[74.1593276,40.1206517],[74.1579005,40.1218326],[74.1568058,40.1217579],[74.1556719,40.1196053],[74.1566885,40.1173928]]]},"properties":{"@id":"way/1112572231","natural":"glacier"}},{"type":"Feature","geometry":{"type":"Polygon","coordinates":[[[74.141069,40.107944],[74.1405998,40.1074656],[74.1411276,40.1065984],[74.143493,40.105791],[74.1458193,40.1053424],[74.145878,40.1060302],[74.1466208,40.1063592],[74.1463276,40.1068974],[74.1460735,40.1077497],[74.1467577,40.1084524],[74.1477351,40.1084973],[74.1484389,40.1081235],[74.1486344,40.1071815],[74.1492013,40.1068675],[74.1499637,40.1073161],[74.1501396,40.1081384],[74.1489667,40.108587],[74.1485366,40.1094242],[74.1491035,40.1113978],[74.1502374,40.1118014],[74.1534043,40.1109193],[74.1548704,40.1115174],[74.1541667,40.1122649],[74.1495336,40.1134012],[74.1487126,40.1129825],[74.1447441,40.1113679],[74.1438449,40.1097382],[74.141069,40.107944]]]},"properties":{"@id":"way/1112572232","natural":"glacier"}},{"type":"Feature","geometry":{"type":"Polygon","coordinates":[[[74.1315096,40.1086019],[74.1323893,40.1077198],[74.1333276,40.1077048],[74.1338163,40.1084374],[74.1344028,40.1083776],[74.1352043,40.107645],[74.1372374,40.1076899],[74.1391727,40.1083178],[74.1393291,40.1090953],[74.1384299,40.1100821],[74.1385667,40.111323],[74.1376284,40.1124593],[74.1351457,40.1138497],[74.1337772,40.1136852],[74.1317442,40.1108894],[74.1315096,40.1086019]]]},"properties":{"@id":"way/1112572233","natural":"glacier"}},{"type":"Feature","geometry":{"type":"Polygon","coordinates":[[[74.1045224,40.098165],[74.1051773,40.098008],[74.1061743,40.0982472],[74.1073081,40.0981351],[74.1088036,40.0973874],[74.1129382,40.0980828],[74.1135833,40.0984192],[74.1136126,40.1001164],[74.1128502,40.1014473],[74.1120878,40.1017089],[74.1113743,40.1023444],[74.1108465,40.1023145],[74.1111006,40.1016043],[74.1095953,40.1011557],[74.1090675,40.1001763],[74.1084615,40.1000641],[74.1065066,40.0986959],[74.1048352,40.0989575],[74.1043465,40.0986959],[74.1045224,40.098165]]]},"properties":{"@id":"way/1112572234","natural":"glacier"}},{"type":"Feature","geometry":{"type":"Polygon","coordinates":[[[74.0575172,40.0890127],[74.0585142,40.0887585],[74.0593841,40.0878985],[74.0603225,40.0874423],[74.0607037,40.0879658],[74.0616909,40.088422],[74.0619059,40.0888258],[74.0610556,40.0899026],[74.0595894,40.0904634],[74.0588856,40.0912336],[74.057742,40.0908373],[74.0573022,40.0903288],[74.0575172,40.0890127]]]},"properties":{"@id":"way/1112572236","natural":"glacier"}},{"type":"Feature","geometry":{"type":"Polygon","coordinates":[[[74.0458353,40.097726],[74.048632,40.0956013],[74.0523865,40.0949565],[74.0553172,40.0956892],[74.0564283,40.0968907],[74.0587652,40.0974329],[74.0598188,40.0982974],[74.060221,40.1007297],[74.0598379,40.1008616],[74.0542637,40.0994989],[74.0488427,40.0994843],[74.0469463,40.0988542],[74.0458353,40.097726]]]},"properties":{"@id":"way/1112572237","natural":"glacier"}},{"type":"Feature","geometry":{"type":"Polygon","coordinates":[[[74.0688026,40.1197603],[74.0698274,40.1194819],[74.074147,40.1187569],[74.0767808,40.1200386],[74.0774513,40.1209321],[74.0773076,40.1218842],[74.0764456,40.1221991],[74.0738213,40.1208515],[74.0732275,40.1210859],[74.0736106,40.1217084],[74.0757177,40.1230487],[74.0768575,40.1245573],[74.0761679,40.1248723],[74.0740512,40.1247917],[74.0712354,40.1235174],[74.0688026,40.1197603]]]},"properties":{"@id":"way/1112572238","natural":"glacier"}},{"type":"Feature","geometry":{"type":"Polygon","coordinates":[[[73.955664,40.3555182],[73.9557137,40.3555255],[73.9558046,40.3555841],[73.9558937,40.3556626],[73.956222,40.3557957],[73.9562675,40.3558383],[73.9563338,40.3560127],[73.9564037,40.3560526],[73.9565784,40.3560766],[73.9568054,40.3561365],[73.9568404,40.3561884],[73.9568928,40.3563222],[73.9567373,40.3563641],[73.9565504,40.3563375],[73.9562788,40.3563588],[73.9561609,40.3563841],[73.9560832,40.3563841],[73.9560142,40.3563568],[73.9557627,40.3562117],[73.9555749,40.3560393],[73.9554631,40.3558603],[73.9554395,40.3557458],[73.9554605,40.3556759],[73.9555303,40.3556227],[73.955664,40.3555182]]]},"properties":{"@id":"way/1112572266","name":"Бөдөнө-Көл","name:en":"Bödönö-Köl","name:ky":"Бөдөнө-Көл","natural":"water","source":"mapbox","water":"pond"}},{"type":"Feature","geometry":{"type":"Polygon","coordinates":[[[74.0560024,40.3727886],[74.0575857,40.3724871],[74.0594411,40.3732221],[74.0595648,40.3750502],[74.0607027,40.3766144],[74.0605296,40.3775567],[74.058402,40.3769725],[74.0572146,40.3759548],[74.0560024,40.3727886]]]},"properties":{"@id":"way/1112572318","natural":"glacier"}},{"type":"Feature","geometry":{"type":"Polygon","coordinates":[[[74.0462802,40.3783011],[74.0474429,40.377764],[74.0500404,40.3771138],[74.0519206,40.3778771],[74.0508073,40.380195],[74.0496817,40.380864],[74.0472573,40.3803741],[74.0465028,40.3795543],[74.0462802,40.3783011]]]},"properties":{"@id":"way/1112572319","natural":"glacier"}},{"type":"Feature","geometry":{"type":"Polygon","coordinates":[[[74.7340035,40.4283861],[74.7353768,40.4278307],[74.7372007,40.4275531],[74.7380161,40.4279124],[74.7386277,40.4301991],[74.7382092,40.4304033],[74.7375977,40.4299133],[74.7369432,40.430142],[74.7366965,40.4306156],[74.7352481,40.4299051],[74.7346043,40.4287209],[74.7340035,40.4283861]]]},"properties":{"@id":"way/1125692760","natural":"glacier"}},{"type":"Feature","geometry":{"type":"Polygon","coordinates":[[[74.7339606,40.4332453],[74.7346902,40.4332453],[74.736793,40.4338414],[74.737941,40.4343151],[74.7377479,40.4360381],[74.7368145,40.4373283],[74.7363317,40.4387737],[74.7360313,40.4388635],[74.7354627,40.438741],[74.7347009,40.4368874],[74.7338748,40.4340619],[74.7339606,40.4332453]]]},"properties":{"@id":"way/1125692761","natural":"glacier"}},{"type":"Feature","geometry":{"type":"Polygon","coordinates":[[[74.714477,40.4193283],[74.7154856,40.4191486],[74.7201419,40.4207169],[74.7209143,40.4220564],[74.72085,40.4233796],[74.7196483,40.423935],[74.7174597,40.4235266],[74.7148633,40.4209456],[74.714477,40.4193283]]]},"properties":{"@id":"way/1125692762","natural":"glacier"}},{"type":"Feature","geometry":{"type":"Polygon","coordinates":[[[74.7025037,40.4215337],[74.7054648,40.4210109],[74.7100782,40.4211906],[74.7115803,40.4227752],[74.7099709,40.4245394],[74.7089195,40.4268262],[74.7067523,40.4264342],[74.7045851,40.4264832],[74.7024178,40.4226935],[74.7025037,40.4215337]]]},"properties":{"@id":"way/1125692763","natural":"glacier"}},{"type":"Feature","geometry":{"type":"Polygon","coordinates":[[[74.6828484,40.4208149],[74.6835351,40.4206189],[74.6830201,40.419459],[74.683578,40.419214],[74.6845436,40.419459],[74.6853161,40.4201778],[74.6863246,40.4198347],[74.6890712,40.4201288],[74.6892428,40.4213376],[74.6925044,40.4220237],[74.6927404,40.4230855],[74.6908736,40.4245067],[74.6903157,40.4258625],[74.6895861,40.4261238],[74.6872687,40.4234449],[74.6843934,40.4228242],[74.6830201,40.4218277],[74.6828484,40.4208149]]]},"properties":{"@id":"way/1125692764","natural":"glacier"}},{"type":"Feature","geometry":{"type":"Polygon","coordinates":[[[74.8128819,40.3490789],[74.8134613,40.3475417],[74.8147058,40.3464624],[74.8188042,40.3456283],[74.8215723,40.3460862],[74.8219371,40.3478524],[74.8230314,40.3511394],[74.8213148,40.3523822],[74.8202634,40.3523985],[74.8186326,40.3511394],[74.8171735,40.3514337],[74.8160362,40.3500601],[74.8128819,40.3490789]]]},"properties":{"@id":"way/1125692765","natural":"glacier"}},{"type":"Feature","geometry":{"type":"Polygon","coordinates":[[[74.7998786,40.351908],[74.8017454,40.3508614],[74.8046851,40.3507796],[74.8069167,40.3502727],[74.8100281,40.3501255],[74.8109507,40.3511721],[74.8096204,40.3526929],[74.8089981,40.3540992],[74.8075604,40.3552275],[74.80623,40.3565356],[74.8046636,40.3564538],[74.8032903,40.3540665],[74.8011017,40.3530199],[74.7998786,40.351908]]]},"properties":{"@id":"way/1125692766","natural":"glacier"}},{"type":"Feature","geometry":{"type":"Polygon","coordinates":[[[74.7905659,40.3536577],[74.7949219,40.3520715],[74.7977543,40.3521042],[74.7982049,40.352513],[74.7975611,40.353625],[74.7974539,40.3546715],[74.7984409,40.3552438],[74.8009729,40.3555054],[74.8011017,40.3562085],[74.800415,40.3566664],[74.7970032,40.3562249],[74.7947287,40.3564375],[74.7929907,40.3558815],[74.7926044,40.3546878],[74.7905659,40.3536577]]]},"properties":{"@id":"way/1125692767","natural":"glacier"}},{"type":"Feature","geometry":{"type":"Polygon","coordinates":[[[74.7917461,40.363321],[74.7920787,40.3634682],[74.7922397,40.3644165],[74.7914672,40.3656835],[74.7913492,40.3664846],[74.7895467,40.3671631],[74.7880447,40.3683402],[74.7871756,40.3687653],[74.7865641,40.3685119],[74.7862959,40.3680133],[74.7870254,40.3667462],[74.7876692,40.3664029],[74.7889459,40.3647271],[74.7917461,40.363321]]]},"properties":{"@id":"way/1125692768","natural":"glacier"}},{"type":"Feature","geometry":{"type":"Polygon","coordinates":[[[74.7577572,40.3647516],[74.7582614,40.3647598],[74.7593558,40.3653239],[74.7598064,40.3666236],[74.7580576,40.3690514],[74.7575855,40.369313],[74.7564161,40.3691822],[74.75618,40.367392],[74.756856,40.3656508],[74.7577572,40.3647516]]]},"properties":{"@id":"way/1125692769","natural":"glacier"}},{"type":"Feature","geometry":{"type":"Polygon","coordinates":[[[74.7800731,40.3514174],[74.7806525,40.350796],[74.7810602,40.3506979],[74.784708,40.3511394],[74.786489,40.352186],[74.784987,40.353396],[74.7846865,40.3540174],[74.7853946,40.3555872],[74.7847938,40.3562903],[74.7854161,40.358743],[74.7847295,40.3592335],[74.7824335,40.3560777],[74.7818327,40.3560287],[74.7815323,40.3571896],[74.7803306,40.3566173],[74.7795582,40.3544753],[74.7800731,40.3514174]]]},"properties":{"@id":"way/1125692770","natural":"glacier"}},{"type":"Feature","geometry":{"type":"Polygon","coordinates":[[[74.7565126,40.3494878],[74.7578001,40.3493569],[74.7590232,40.3493079],[74.7626281,40.3502891],[74.7630572,40.3499293],[74.7617054,40.3488173],[74.7616839,40.348294],[74.7640013,40.3476071],[74.7650528,40.3478361],[74.7711253,40.3489481],[74.7726702,40.3487682],[74.7755241,40.3485883],[74.7771334,40.3494551],[74.7775411,40.3532325],[74.7769832,40.3565519],[74.7745156,40.3580235],[74.7737646,40.3579091],[74.7732496,40.3571406],[74.7740435,40.3552929],[74.7726273,40.3517117],[74.7713828,40.3516627],[74.768765,40.3561104],[74.7677564,40.3564702],[74.7657394,40.3551457],[74.7637009,40.3549495],[74.7621774,40.3537721],[74.7608256,40.3537067],[74.7597956,40.3540828],[74.7584653,40.3535432],[74.756577,40.3513356],[74.7565126,40.3494878]]]},"properties":{"@id":"way/1125692771","natural":"glacier"}},{"type":"Feature","geometry":{"type":"Polygon","coordinates":[[[74.747951,40.3531344],[74.7491097,40.3525457],[74.7514272,40.3521042],[74.7527146,40.3524149],[74.754045,40.3545407],[74.7568559,40.3578764],[74.7559118,40.3585468],[74.7546458,40.3583342],[74.7534871,40.3585958],[74.7485304,40.3550966],[74.7479296,40.3541809],[74.747951,40.3531344]]]},"properties":{"@id":"way/1125692772","natural":"glacier"}},{"type":"Feature","geometry":{"type":"Polygon","coordinates":[[[74.7479081,40.3549985],[74.7514272,40.3572387],[74.7525,40.3583669],[74.7511482,40.3597731],[74.7503972,40.361964],[74.7486806,40.3640895],[74.7475004,40.3642857],[74.7426724,40.3619313],[74.7420501,40.3602799],[74.7434449,40.3578437],[74.7479081,40.3549985]]]},"properties":{"@id":"way/1125692773","natural":"glacier"}},{"type":"Feature","geometry":{"type":"Polygon","coordinates":[[[74.6713257,40.35674],[74.6745443,40.3559551],[74.6750057,40.3562739],[74.6746087,40.3572795],[74.6728599,40.3579499],[74.671272,40.3574758],[74.6713257,40.35674]]]},"properties":{"@id":"way/1125692774","natural":"glacier"}},{"type":"Feature","geometry":{"type":"Polygon","coordinates":[[[74.6867966,40.3576311],[74.6879339,40.3576475],[74.6885776,40.357811],[74.6937918,40.3583833],[74.6935558,40.3607868],[74.6920752,40.3602799],[74.6904874,40.3612773],[74.689393,40.3612773],[74.6867752,40.3592989],[74.6867966,40.3576311]]]},"properties":{"@id":"way/1125692775","natural":"glacier"}},{"type":"Feature","geometry":{"type":"Polygon","coordinates":[[[74.6768081,40.3568381],[74.6771407,40.355996],[74.6788788,40.3552111],[74.682827,40.3555218],[74.6855306,40.3570098],[74.6860242,40.3576802],[74.6854234,40.3591517],[74.6832132,40.3602145],[74.682548,40.362618],[74.6813035,40.3634519],[74.6798873,40.3633211],[74.6781385,40.3599529],[74.6781921,40.358792],[74.6768081,40.3568381]]]},"properties":{"@id":"way/1125692776","natural":"glacier"}},{"type":"Feature","geometry":{"type":"Polygon","coordinates":[[[74.686625,40.3536904],[74.6875047,40.352791],[74.6905303,40.3514828],[74.6920109,40.3537067],[74.6932554,40.3545407],[74.6927833,40.3552438],[74.6912384,40.3557507],[74.6883201,40.3553746],[74.686625,40.3536904]]]},"properties":{"@id":"way/1125692777","natural":"glacier"}},{"type":"Feature","geometry":{"type":"Polygon","coordinates":[[[74.6933412,40.3459063],[74.6931052,40.3456855],[74.6935987,40.3443813],[74.6962809,40.3436004],[74.6979761,40.3446144],[74.6976542,40.3457919],[74.6985125,40.3469693],[74.6978903,40.3471329],[74.6968174,40.3460372],[74.6956157,40.3455793],[74.6933412,40.3459063]]]},"properties":{"@id":"way/1125692778","natural":"glacier"}},{"type":"Feature","geometry":{"type":"Polygon","coordinates":[[[74.7142625,40.349177],[74.7181248,40.3478524],[74.7264719,40.3474599],[74.7269869,40.3491116],[74.7244763,40.3507469],[74.7244978,40.3527747],[74.7226953,40.3527419],[74.7209573,40.3513029],[74.7169661,40.3509595],[74.7142625,40.349177]]]},"properties":{"@id":"way/1125692780","natural":"glacier"}},{"type":"Feature","geometry":{"type":"Polygon","coordinates":[[[74.7276735,40.3471819],[74.7300768,40.3459554],[74.7353339,40.3449414],[74.7384453,40.3442219],[74.741385,40.344827],[74.743638,40.3467077],[74.743638,40.3473128],[74.7424149,40.3480487],[74.7394752,40.3475908],[74.7386813,40.3483103],[74.7395825,40.3495859],[74.744904,40.3514337],[74.7434878,40.3526438],[74.7416854,40.3529872],[74.7412777,40.3519407],[74.739604,40.3526765],[74.7387242,40.3542627],[74.736042,40.3545407],[74.7356772,40.3502727],[74.7353554,40.3498802],[74.7344327,40.3500274],[74.7342396,40.3543772],[74.7328234,40.3547205],[74.731493,40.3544589],[74.7279739,40.348294],[74.7276735,40.3471819]]]},"properties":{"@id":"way/1125692781","natural":"glacier"}},{"type":"Feature","geometry":{"type":"Polygon","coordinates":[[[74.6323156,40.5298494],[74.6339464,40.5295232],[74.6347189,40.5304855],[74.6343756,40.5319696],[74.6335602,40.5329155],[74.6324014,40.5331438],[74.6315217,40.5325893],[74.6311354,40.5313172],[74.6323156,40.5298494]]]},"properties":{"@id":"way/1125692807","natural":"glacier"}},{"type":"Feature","geometry":{"type":"Polygon","coordinates":[[[74.6227026,40.5293928],[74.6225524,40.5279901],[74.6228313,40.5257067],[74.6242904,40.523146],[74.62502,40.5230155],[74.6258569,40.5241246],[74.6249985,40.5254947],[74.6259212,40.5274519],[74.6262002,40.5291318],[74.6271443,40.529246],[74.6279812,40.5305833],[74.6276808,40.5318881],[74.6256637,40.5339103],[74.6263075,40.5357205],[74.6260285,40.5365522],[74.62399,40.537074],[74.622724,40.5366174],[74.6199989,40.5331275],[74.6200633,40.5316434],[74.6227026,40.5293928]]]},"properties":{"@id":"way/1125692808","natural":"glacier"}},{"type":"Feature","geometry":{"type":"Polygon","coordinates":[[[74.7062158,40.5227708],[74.7061515,40.5218737],[74.7070098,40.5213518],[74.7154426,40.5217432],[74.7176957,40.5224772],[74.7176528,40.5231134],[74.7170305,40.5245161],[74.7160649,40.5246629],[74.7146487,40.5230807],[74.7120523,40.5265386],[74.7103143,40.5258698],[74.7083187,40.5235864],[74.7062158,40.5227708]]]},"properties":{"@id":"way/1125692812","natural":"glacier"}},{"type":"Feature","geometry":{"type":"Polygon","coordinates":[[[74.6688366,40.5094597],[74.6710253,40.5086277],[74.6725487,40.5100797],[74.6708965,40.5122168],[74.6687293,40.5125757],[74.6660685,40.5138971],[74.664545,40.5140928],[74.6625495,40.5133261],[74.660747,40.5150226],[74.6584725,40.5155447],[74.6568417,40.515039],[74.6566915,40.5132445],[74.657979,40.5086603],[74.6606827,40.5049732],[74.665575,40.5055931],[74.6695232,40.5067678],[74.6698665,40.5078772],[74.668386,40.5087582],[74.6688366,40.5094597]]]},"properties":{"@id":"way/1125692814","natural":"glacier"}},{"type":"Feature","geometry":{"type":"Polygon","coordinates":[[[74.6524429,40.499491],[74.6535802,40.4990178],[74.6548891,40.4990178],[74.6577215,40.5006821],[74.6577644,40.5015958],[74.6566915,40.5025584],[74.6571636,40.5049895],[74.6555114,40.5101939],[74.6546316,40.5109606],[74.6497607,40.5127877],[74.6477651,40.5119231],[74.6475076,40.5103244],[74.6461129,40.5074204],[74.646821,40.5046142],[74.6492457,40.5031948],[74.6524429,40.499491]]]},"properties":{"@id":"way/1125692815","natural":"glacier"}},{"type":"Feature","geometry":{"type":"Polygon","coordinates":[[[74.6233678,40.5451784],[74.622488,40.5458306],[74.6211576,40.5457328],[74.6226596,40.5416237],[74.6259212,40.5403518],[74.6280241,40.5375796],[74.6309852,40.5357531],[74.636693,40.5367642],[74.6446752,40.5370904],[74.6464347,40.5360141],[74.6536016,40.5371882],[74.6541595,40.5390146],[74.6527433,40.540254],[74.6507692,40.5479177],[74.6551466,40.5521568],[74.6590089,40.5534937],[74.6595239,40.5554827],[74.6581506,40.5567217],[74.653387,40.5562979],[74.6465206,40.5533633],[74.6377873,40.5450643],[74.6311354,40.5466459],[74.6291399,40.5459937],[74.6285391,40.5438902],[74.6270585,40.5435152],[74.6233678,40.5451784]]]},"properties":{"@id":"way/1125692820","natural":"glacier"}},{"type":"Feature","geometry":{"type":"Polygon","coordinates":[[[73.9525258,40.152752],[73.9538562,40.15267],[73.9558625,40.1535885],[73.9556587,40.1541707],[73.9535022,40.1552695],[73.9538669,40.1559829],[73.9557445,40.1568111],[73.9555299,40.1579427],[73.9544785,40.1583936],[73.9533198,40.1582788],[73.9529335,40.1577623],[73.953309,40.1571965],[73.9533412,40.1566389],[73.9516997,40.1556139],[73.9516783,40.1544659],[73.9525258,40.152752]]]},"properties":{"@id":"way/1125693158","natural":"glacier"}},{"type":"Feature","geometry":{"type":"Polygon","coordinates":[[[73.9690804,40.1658549],[73.9692414,40.165527],[73.9702713,40.16524],[73.9708507,40.1653794],[73.972342,40.166437],[73.973093,40.1689294],[73.9750457,40.1711347],[73.9740479,40.1717168],[73.9727819,40.1718234],[73.9703894,40.1699542],[73.9695096,40.1683965],[73.9690804,40.1658549]]]},"properties":{"@id":"way/1125693159","natural":"glacier"}},{"type":"Feature","geometry":{"type":"Polygon","coordinates":[[[73.9404774,40.1499229],[73.9409816,40.1493734],[73.9422262,40.1488896],[73.9476442,40.1498572],[73.9500368,40.151686],[73.9466786,40.1528914],[73.945595,40.1546381],[73.9440179,40.1549087],[73.9433098,40.1557451],[73.9416146,40.1554007],[73.9406919,40.1540805],[73.9404774,40.1499229]]]},"properties":{"@id":"way/1125693160","natural":"glacier"}},{"type":"Feature","geometry":{"type":"Polygon","coordinates":[[[74.5484523,40.2595334],[74.5484852,40.2595277],[74.5485261,40.2595103],[74.5485677,40.2595134],[74.5485918,40.2595262],[74.5485945,40.2595722],[74.5485764,40.2596091],[74.548453,40.2597299],[74.5484255,40.2597396],[74.5483732,40.2597334],[74.548339,40.2597171],[74.5483357,40.2596956],[74.5483746,40.2596485],[74.54839,40.2596086],[74.5484523,40.2595334]]]},"properties":{"@id":"way/1150675966","natural":"water","source":"mapbox"}},{"type":"Feature","geometry":{"type":"Polygon","coordinates":[[[74.5491199,40.2583779],[74.5491859,40.258406],[74.5492785,40.2584214],[74.5493294,40.2584367],[74.5493616,40.2584603],[74.5493338,40.2585659],[74.5493261,40.2586174],[74.5492496,40.2586885],[74.5492426,40.2587095],[74.5492476,40.2587254],[74.549247,40.2587543],[74.5492362,40.2587694],[74.5492134,40.2587755],[74.5491883,40.2587622],[74.5491501,40.2587745],[74.5490763,40.258785],[74.5489724,40.2587868],[74.5489362,40.2587763],[74.5488775,40.2587346],[74.548858,40.2586929],[74.5488587,40.2585931],[74.5488808,40.2585312],[74.5489278,40.258459],[74.5490186,40.2584037],[74.5490703,40.2583986],[74.5491199,40.2583779]]]},"properties":{"@id":"way/1150675967","natural":"water","source":"mapbox"}},{"type":"Feature","geometry":{"type":"Polygon","coordinates":[[[73.8333478,40.2666725],[73.8333458,40.2665502],[73.8334188,40.2664396],[73.833492,40.2662112],[73.8334849,40.2660664],[73.8334356,40.2659186],[73.8333952,40.2658004],[73.8332193,40.2656634],[73.8333067,40.2656201],[73.8334105,40.2656613],[73.8335637,40.2657195],[73.8336554,40.2657953],[73.8337286,40.2659034],[73.8338246,40.2660873],[73.8336871,40.2662476],[73.8336721,40.2664005],[73.8336605,40.2665648],[73.8336401,40.266732],[73.8334662,40.2667527],[73.8333478,40.2666725]]]},"properties":{"@id":"way/1233643552","natural":"glacier"}},{"type":"Feature","geometry":{"type":"Polygon","coordinates":[[[73.9375366,40.1957334],[73.9373276,40.1956135],[73.9372636,40.1955098],[73.9372363,40.1954343],[73.9372345,40.1953276],[73.937177,40.1952029],[73.9370527,40.1950865],[73.936979,40.1949991],[73.9369178,40.1949246],[73.9368466,40.1947954],[73.9368359,40.1947056],[73.9368341,40.1946054],[73.9369707,40.1945767],[73.9371143,40.1947127],[73.9371508,40.1948311],[73.937291,40.1949675],[73.9374982,40.1950741],[73.9377827,40.19521],[73.9378888,40.1953105],[73.9379908,40.1954691],[73.938068,40.1955578],[73.9382359,40.1956588],[73.938285,40.1957721],[73.9382115,40.1958655],[73.9380938,40.1959507],[73.9379222,40.1959176],[73.9377738,40.1958779],[73.9375366,40.1957334]]]},"properties":{"@id":"way/1234480575","natural":"water","water":"lake"}},{"type":"Feature","geometry":{"type":"Polygon","coordinates":[[[73.9347796,40.1884998],[73.9347418,40.1884723],[73.9347109,40.1884498],[73.9347185,40.1883091],[73.934787,40.1882116],[73.9349264,40.1880623],[73.934921,40.1879562],[73.9349101,40.1878526],[73.93493,40.1877541],[73.9350011,40.1876908],[73.9351867,40.1877088],[73.9352582,40.1878629],[73.9351406,40.1880609],[73.935064,40.1882061],[73.9349651,40.1883491],[73.9347796,40.1884998]]]},"properties":{"@id":"way/1234480576","natural":"water","water":"lake"}},{"type":"Feature","geometry":{"type":"Polygon","coordinates":[[[74.3702465,40.5923074],[74.3700852,40.5923716],[74.3699465,40.5923981],[74.3698737,40.5923394],[74.369834,40.5921914],[74.3698737,40.5920847],[74.370024,40.5919895],[74.3701587,40.5918781],[74.3702671,40.5917664],[74.3705064,40.5916483],[74.3705417,40.5915429],[74.3706434,40.5915119],[74.370971,40.5914125],[74.371271,40.5912506],[74.3715633,40.5911834],[74.3716765,40.5912478],[74.3716305,40.59142],[74.3716313,40.5915663],[74.3715549,40.5916988],[74.3713727,40.5917874],[74.370928,40.5919408],[74.3705786,40.5920725],[74.3702465,40.5923074]]]},"properties":{"@id":"way/1234734127","natural":"water","water":"pond"}},{"type":"Feature","geometry":{"type":"Polygon","coordinates":[[[74.2511315,40.5207315],[74.2510434,40.5207394],[74.2510017,40.5206863],[74.2509119,40.5206345],[74.2508569,40.5205789],[74.2508996,40.5205521],[74.2509175,40.520481],[74.2508952,40.5204103],[74.2508816,40.5203461],[74.2509316,40.5202959],[74.2510327,40.5202636],[74.2511209,40.5202572],[74.251233,40.5202886],[74.251284,40.5203692],[74.2512805,40.520469],[74.2512749,40.5205639],[74.2511315,40.5207315]]]},"properties":{"@id":"way/1235311851","natural":"water","water":"pond"}},{"type":"Feature","geometry":{"type":"Polygon","coordinates":[[[73.9733254,40.3758411],[73.9731578,40.3757632],[73.9731771,40.3754968],[73.9732464,40.3752452],[73.9733416,40.375027],[73.9735913,40.3749212],[73.9737682,40.3749097],[73.974024,40.3747403],[73.9742464,40.3746972],[73.9745118,40.3746432],[73.9746835,40.3745229],[73.9748944,40.374424],[73.9751288,40.37427],[73.975175,40.3742023],[73.9752146,40.3741305],[73.9752618,40.3740494],[73.9755019,40.3739766],[73.9758402,40.3738283],[73.9763377,40.3737484],[73.9763488,40.3738663],[73.976351,40.3740058],[73.9765087,40.3740427],[73.9765534,40.374138],[73.9764747,40.3742531],[73.9761087,40.3744404],[73.975846,40.3747279],[73.9756857,40.3748208],[73.9757164,40.3748421],[73.9757981,40.3748532],[73.9759686,40.3748417],[73.976046,40.374875],[73.9760314,40.3749757],[73.9759269,40.3750777],[73.9757384,40.3753265],[73.9755382,40.3754974],[73.9754065,40.375585],[73.9753781,40.3756973],[73.9753571,40.3757699],[73.9753824,40.3757945],[73.9754131,40.3758296],[73.9755317,40.3759043],[73.9755186,40.3760215],[73.975376,40.3759647],[73.9752275,40.3759087],[73.9751676,40.3757968],[73.9751259,40.3757274],[73.9749982,40.3756454],[73.9748777,40.3756382],[73.974756,40.3756424],[73.9746305,40.3756749],[73.9741027,40.3757439],[73.9739211,40.3758129],[73.9737414,40.3758455],[73.9733254,40.3758411]]]},"properties":{"@id":"way/1334822002","natural":"wetland","wetland":"wet_meadow"}},{"type":"Feature","geometry":{"type":"Polygon","coordinates":[[[73.7928315,40.3928349],[73.7926545,40.3927682],[73.7925744,40.3926903],[73.79247,40.392636],[73.7924485,40.3925766],[73.7924892,40.3925238],[73.7925988,40.392574],[73.7926901,40.3925805],[73.7927541,40.3926059],[73.7928242,40.3926403],[73.7929022,40.3926834],[73.7929945,40.3927405],[73.7930658,40.3927957],[73.7930749,40.3928346],[73.7929657,40.3928735],[73.7928315,40.3928349]]]},"properties":{"@id":"way/1362389396","natural":"water","water":"pond"}},{"type":"Feature","geometry":{"type":"Polygon","coordinates":[[[73.9746825,40.2954774],[73.9745136,40.2954493],[73.9744327,40.2953884],[73.974375,40.2952946],[73.9744033,40.2951351],[73.9744144,40.2950467],[73.9745207,40.2949983],[73.9746264,40.2949803],[73.9747718,40.2950127],[73.9748865,40.2949884],[73.9749752,40.2949423],[73.975105,40.2948666],[73.9752123,40.2948706],[73.9753035,40.2948957],[73.9753241,40.2950107],[73.9752497,40.29517],[73.9751977,40.295256],[73.975122,40.2952461],[73.9749827,40.2952703],[73.9749337,40.2953206],[73.9748839,40.2953742],[73.9748048,40.2954363],[73.9746825,40.2954774]]]},"properties":{"@id":"way/1362428335","intermittent":"yes","natural":"water","tidal":"no","water":"lake"}},{"type":"Feature","geometry":{"type":"Polygon","coordinates":[[[74.1552795,40.3168863],[74.1551548,40.3168882],[74.1545972,40.3166663],[74.1543326,40.3164846],[74.1542761,40.3164373],[74.1544051,40.3164377],[74.154415,40.3163822],[74.1544926,40.3163277],[74.154594,40.3163003],[74.154667,40.3162805],[74.1549776,40.3164244],[74.1550078,40.3165967],[74.1550849,40.3167169],[74.1551305,40.3167817],[74.1552101,40.3168124],[74.1552795,40.3168863]]]},"properties":{"@id":"way/1362459252","natural":"water","water":"river"}},{"type":"Feature","geometry":{"type":"Polygon","coordinates":[[[74.1543893,40.3164138],[74.1540739,40.3163467],[74.1540375,40.3162498],[74.153926,40.3159794],[74.154025,40.3160037],[74.1541582,40.3160645],[74.1543248,40.316115],[74.1544256,40.3161644],[74.1545219,40.3162295],[74.154594,40.3163003],[74.1544926,40.3163277],[74.154415,40.3163822],[74.1543893,40.3164138]]]},"properties":{"@id":"way/1362459253","natural":"shingle"}},{"type":"Feature","geometry":{"type":"Polygon","coordinates":[[[74.1538997,40.3163519],[74.153708,40.3162519],[74.1536053,40.3161271],[74.1535995,40.3160142],[74.153718,40.3160765],[74.1538162,40.3160781],[74.1538794,40.3161124],[74.1539375,40.3162147],[74.15395,40.3163425],[74.1538997,40.3163519]]]},"properties":{"@id":"way/1362459254","natural":"shingle"}},{"type":"Feature","geometry":{"type":"LineString","coordinates":[[73.3888891,40.6707558],[73.3872828,40.6697288],[73.38662,40.6691058],[73.3864996,40.6692975]]},"properties":{"@id":"way/419615205","height":"9","natural":"tree_row"}},{"type":"Feature","geometry":{"type":"LineString","coordinates":[[74.2291259,40.7348361],[74.2292976,40.7321045],[74.2286109,40.7280068]]},"properties":{"@id":"way/1077045667","natural":"ridge"}},{"type":"Feature","geometry":{"type":"LineString","coordinates":[[74.2323016,40.7362669],[74.2336749,40.7337955],[74.2339324,40.7296329]]},"properties":{"@id":"way/1077045668","natural":"ridge"}},{"type":"Feature","geometry":{"type":"LineString","coordinates":[[74.2384814,40.7432904],[74.2354774,40.7445909],[74.2298125,40.7441358],[74.226551,40.7443959]]},"properties":{"@id":"way/1077045669","natural":"ridge"}},{"type":"Feature","geometry":{"type":"LineString","coordinates":[[74.2237186,40.7324297],[74.2201995,40.7328199],[74.2167663,40.7306736],[74.2134189,40.7290475],[74.2099856,40.7263157]]},"properties":{"@id":"way/1077045670","natural":"ridge"}},{"type":"Feature","geometry":{"type":"LineString","coordinates":[[74.2501544,40.7429652],[74.2471925,40.7434676],[74.2444038,40.7439407],[74.2415713,40.7440707],[74.2384814,40.7432904],[74.2372798,40.7400389],[74.2341041,40.7377627],[74.2323016,40.7362669],[74.2291259,40.7348361],[74.2259502,40.7339256],[74.2237186,40.7324297],[74.2231177,40.7301533],[74.2206287,40.7280068],[74.2202853,40.7266409],[74.2171096,40.7246245],[74.213848,40.7219575]]},"properties":{"@id":"way/1077045671","natural":"ridge"}},{"type":"Feature","geometry":{"type":"LineString","coordinates":[[74.2679643,40.7672492],[74.2657327,40.7667941],[74.2643165,40.765689],[74.2637801,40.7645026],[74.2600249,40.7631862],[74.2565059,40.7631862],[74.251871,40.7631212],[74.2476653,40.7633163],[74.2433738,40.7639664],[74.2396831,40.7639013]]},"properties":{"@id":"way/1077045672","natural":"ridge"}},{"type":"Feature","geometry":{"type":"LineString","coordinates":[[74.2613982,40.7539543],[74.2566775,40.7546044],[74.2512702,40.7547995],[74.2477512,40.7556447],[74.2447471,40.756685],[74.2420863,40.7574652],[74.2371081,40.7555797]]},"properties":{"@id":"way/1077045673","natural":"ridge"}},{"type":"Feature","geometry":{"type":"LineString","coordinates":[[74.2577075,40.7465417],[74.2604541,40.7429002]]},"properties":{"@id":"way/1077045674","natural":"ridge"}},{"type":"Feature","geometry":{"type":"LineString","coordinates":[[74.2517852,40.7393235],[74.2568492,40.7393235],[74.2601966,40.7388032]]},"properties":{"@id":"way/1077045675","natural":"ridge"}},{"type":"Feature","geometry":{"type":"LineString","coordinates":[[74.2277526,40.6642334],[74.2286967,40.6598711],[74.2287826,40.6555737],[74.2278384,40.6510155]]},"properties":{"@id":"way/1077045676","natural":"ridge"}},{"type":"Feature","geometry":{"type":"LineString","coordinates":[[74.2252635,40.7169485],[74.2220878,40.7180544],[74.2180537,40.7168834],[74.215908,40.7151269]]},"properties":{"@id":"way/1077045677","natural":"ridge"}},{"type":"Feature","geometry":{"type":"LineString","coordinates":[[74.2471503,40.728267],[74.243288,40.7263157],[74.2391681,40.7246895],[74.236679,40.7214371],[74.2332458,40.7198108],[74.2289542,40.7185748],[74.2252635,40.7169485],[74.2232036,40.7145414],[74.220972,40.7112234],[74.2182254,40.7084908]]},"properties":{"@id":"way/1077045678","natural":"ridge"}},{"type":"Feature","geometry":{"type":"LineString","coordinates":[[74.2475795,40.7177942],[74.2428588,40.7157124],[74.2389106,40.7144113],[74.2349624,40.7131752]]},"properties":{"@id":"way/1077045679","natural":"ridge"}},{"type":"Feature","geometry":{"type":"LineString","coordinates":[[74.2368507,40.7049123],[74.2352199,40.7088161]]},"properties":{"@id":"way/1077045680","natural":"ridge"}},{"type":"Feature","geometry":{"type":"LineString","coordinates":[[74.2420005,40.7012034],[74.2368507,40.7049123],[74.2326449,40.7061485],[74.2294692,40.7067341],[74.2247485,40.7062787],[74.219942,40.704652]]},"properties":{"@id":"way/1077045681","natural":"ridge"}},{"type":"Feature","geometry":{"type":"LineString","coordinates":[[74.2349624,40.6974943],[74.23213,40.6997718],[74.2294692,40.7015938]]},"properties":{"@id":"way/1077045682","natural":"ridge"}},{"type":"Feature","geometry":{"type":"LineString","coordinates":[[74.2423438,40.6948913],[74.2377948,40.696323],[74.2349624,40.6974943],[74.2313575,40.6976895],[74.2274093,40.6955421],[74.2224311,40.6945008]]},"properties":{"@id":"way/1077045683","natural":"ridge"}},{"type":"Feature","geometry":{"type":"LineString","coordinates":[[74.2437171,40.6926136],[74.2392539,40.6899453],[74.2343616,40.6890993],[74.2313575,40.6890342],[74.2268085,40.6885786],[74.2237186,40.6867563],[74.2205428,40.6840227]]},"properties":{"@id":"way/1077045684","natural":"ridge"}},{"type":"Feature","geometry":{"type":"LineString","coordinates":[[74.2238044,40.6625406],[74.2189979,40.6631917],[74.2153071,40.6635823]]},"properties":{"@id":"way/1077045685","natural":"ridge"}},{"type":"Feature","geometry":{"type":"LineString","coordinates":[[74.2292117,40.6667074],[74.2240619,40.667749],[74.219942,40.6686604]]},"properties":{"@id":"way/1077045686","natural":"ridge"}},{"type":"Feature","geometry":{"type":"LineString","coordinates":[[74.2402839,40.674259],[74.2358207,40.6752354],[74.2312717,40.6754958],[74.2272376,40.6764071],[74.2219161,40.677709]]},"properties":{"@id":"way/1077045687","natural":"ridge"}},{"type":"Feature","geometry":{"type":"LineString","coordinates":[[74.2502402,40.6796617],[74.2571925,40.6781646],[74.2622565,40.6771882],[74.2660331,40.6767326],[74.2684363,40.6765373]]},"properties":{"@id":"way/1077045688","natural":"ridge"}},{"type":"Feature","geometry":{"type":"LineString","coordinates":[[74.2637157,40.6670329],[74.2634582,40.664038],[74.2613124,40.6610431],[74.2598533,40.6581131],[74.2601108,40.6555086]]},"properties":{"@id":"way/1077045689","natural":"ridge"}},{"type":"Feature","geometry":{"type":"LineString","coordinates":[[74.2503261,40.6740637],[74.2538451,40.6730221],[74.2571067,40.6717201],[74.2616557,40.669637],[74.2637157,40.6670329],[74.2671489,40.6661865],[74.2687797,40.663387],[74.2704963,40.6608478],[74.2707538,40.6558341]]},"properties":{"@id":"way/1077045690","natural":"ridge"}},{"type":"Feature","geometry":{"type":"LineString","coordinates":[[74.2484378,40.6769279],[74.2503261,40.6740637],[74.2486953,40.6706135],[74.2474937,40.6673584],[74.247837,40.6649495],[74.2477512,40.6633219],[74.2452621,40.661564],[74.2437171,40.6593502],[74.2438029,40.6569411],[74.2425155,40.6527737]]},"properties":{"@id":"way/1077045691","natural":"ridge"}},{"type":"Feature","geometry":{"type":"LineString","coordinates":[[74.2685956,40.7582539],[74.2653464,40.7562949],[74.2613982,40.7539543],[74.2598533,40.7509633],[74.2577075,40.7465417],[74.2543601,40.744721],[74.2501544,40.7429652],[74.2517852,40.7393235],[74.2503261,40.7369172],[74.2492103,40.734641],[74.2482661,40.7333402],[74.2471503,40.728267],[74.2493819,40.7250798],[74.2495536,40.7222827],[74.2484378,40.7197458],[74.2475795,40.7177942],[74.2491244,40.7159076],[74.2482661,40.7136957],[74.2475414,40.711499],[74.2452621,40.7088161],[74.2438888,40.7054328],[74.2420005,40.7012034],[74.2423438,40.6975594],[74.2423438,40.6948913],[74.2437171,40.6926136],[74.2464637,40.690466],[74.247837,40.6880579],[74.2487811,40.6853895],[74.2500686,40.6826559],[74.2502402,40.6796617],[74.2484378,40.6769279],[74.2444896,40.676342],[74.2402839,40.674259],[74.2381381,40.6720456],[74.2341899,40.6698323],[74.2317008,40.6683349],[74.2292117,40.6667074],[74.2277526,40.6642334],[74.2238044,40.6625406],[74.2213153,40.6595456],[74.2177962,40.6577224],[74.2142772,40.655769],[74.2109298,40.6540109],[74.2089557,40.652383],[74.2050933,40.6516667]]},"properties":{"@id":"way/1077045692","natural":"ridge"}},{"type":"Feature","geometry":{"type":"LineString","coordinates":[[74.3092059,40.6910517],[74.3062018,40.6914422],[74.3036269,40.6924184],[74.3019103,40.6932644],[74.2989062,40.6941104]]},"properties":{"@id":"way/1077045693","natural":"ridge"}},{"type":"Feature","geometry":{"type":"LineString","coordinates":[[74.3058585,40.6795966],[74.3090343,40.6775137],[74.3114375,40.6753656],[74.3138408,40.6733476]]},"properties":{"@id":"way/1077045694","natural":"ridge"}},{"type":"Feature","geometry":{"type":"LineString","coordinates":[[74.3041419,40.6783599],[74.3044852,40.6748448],[74.3030261,40.6714598],[74.3016528,40.6691812],[74.2987346,40.6670329]]},"properties":{"@id":"way/1077045695","natural":"ridge"}},{"type":"Feature","geometry":{"type":"LineString","coordinates":[[74.2743587,40.651276],[74.2723846,40.6527737]]},"properties":{"@id":"way/1077045696","natural":"ridge"}},{"type":"Feature","geometry":{"type":"LineString","coordinates":[[74.332293,40.702682],[74.3290328,40.7003575],[74.3255996,40.7006178],[74.3248965,40.7001762],[74.3243382,40.6998254],[74.3225955,40.6987307],[74.3183898,40.6986005],[74.3167205,40.6977664],[74.3146133,40.6967134],[74.3118667,40.6937199],[74.3092059,40.6910517],[74.3080043,40.6879278],[74.3067168,40.6851942],[74.306133,40.6812542],[74.3058585,40.6795966],[74.3041419,40.6783599],[74.3007087,40.6767326],[74.2982196,40.6751052],[74.2963313,40.6731523],[74.294443,40.670288],[74.2932414,40.6679443],[74.2910098,40.6660563],[74.2890357,40.6648844],[74.2875766,40.6622802],[74.2856883,40.6596107],[74.2838859,40.6569411],[74.2829417,40.6553783],[74.2824267,40.6527737],[74.278736,40.6515365],[74.2743587,40.651276],[74.2727279,40.649648]]},"properties":{"@id":"way/1077045697","natural":"ridge"}},{"type":"Feature","geometry":{"type":"LineString","coordinates":[[74.2812251,40.6899453],[74.2772769,40.6907914],[74.2739295,40.6910517],[74.2710971,40.691312]]},"properties":{"@id":"way/1077045698","natural":"ridge"}},{"type":"Feature","geometry":{"type":"LineString","coordinates":[[74.2719554,40.6974292],[74.2689513,40.6976895],[74.264574,40.6969737]]},"properties":{"@id":"way/1077045699","natural":"ridge"}},{"type":"Feature","geometry":{"type":"LineString","coordinates":[[74.2856025,40.6983402],[74.2811393,40.6985355],[74.2758178,40.6986005],[74.2719554,40.6974292],[74.269123,40.6934596]]},"properties":{"@id":"way/1077045700","natural":"ridge"}},{"type":"Feature","geometry":{"type":"LineString","coordinates":[[74.2777919,40.6801825],[74.2770194,40.6758212]]},"properties":{"@id":"way/1077045701","natural":"ridge"}},{"type":"Feature","geometry":{"type":"LineString","coordinates":[[74.2799377,40.6822653],[74.2777919,40.6801825],[74.2733287,40.6773184]]},"properties":{"@id":"way/1077045702","natural":"ridge"}},{"type":"Feature","geometry":{"type":"LineString","coordinates":[[74.3215106,40.7127394],[74.3190121,40.7121152],[74.3180465,40.711874],[74.3141841,40.7098571],[74.3136759,40.7095379],[74.31118,40.7079703],[74.3095492,40.7064739],[74.3069743,40.7057581],[74.3030261,40.7057581],[74.2992496,40.7040664],[74.2953872,40.7037411],[74.2928123,40.7020493],[74.2894649,40.7010082],[74.2856025,40.6983402],[74.2856883,40.6947611],[74.283548,40.6922231],[74.2812251,40.6899453],[74.2807101,40.6859753],[74.2799377,40.6822653],[74.2809676,40.679141],[74.2811393,40.6766675],[74.2821693,40.6743241],[74.2830276,40.6704182]]},"properties":{"@id":"way/1077045703","natural":"ridge"}},{"type":"Feature","geometry":{"type":"LineString","coordinates":[[74.3124676,40.7246082],[74.3077468,40.7233235],[74.3056869,40.7203963],[74.3044852,40.7183146]]},"properties":{"@id":"way/1077045704","natural":"ridge"}},{"type":"Feature","geometry":{"type":"LineString","coordinates":[[74.3149721,40.7198025],[74.31221,40.717534],[74.3092918,40.715257]]},"properties":{"@id":"way/1077045705","natural":"ridge"}},{"type":"Feature","geometry":{"type":"LineString","coordinates":[[74.2936706,40.7462816],[74.2920398,40.7440057],[74.2885207,40.7421199]]},"properties":{"@id":"way/1077045706","natural":"ridge"}},{"type":"Feature","geometry":{"type":"LineString","coordinates":[[74.2960738,40.7429652],[74.2980352,40.7456482],[74.2936706,40.7462816],[74.2878341,40.7473221],[74.2828559,40.7473221],[74.2793368,40.7467368],[74.2755603,40.7455013]]},"properties":{"@id":"way/1077045707","natural":"ridge"}},{"type":"Feature","geometry":{"type":"LineString","coordinates":[[74.2704963,40.7123945],[74.2665481,40.7130451],[74.2633723,40.7148016],[74.2608832,40.715257]]},"properties":{"@id":"way/1077045708","natural":"ridge"}},{"type":"Feature","geometry":{"type":"LineString","coordinates":[[74.2695521,40.7261856],[74.2677497,40.7248847],[74.2652606,40.7230633]]},"properties":{"@id":"way/1077045709","natural":"ridge"}},{"type":"Feature","geometry":{"type":"LineString","coordinates":[[74.2855167,40.7234536],[74.2827701,40.7231284],[74.2796802,40.7227381],[74.2771911,40.7235187],[74.274187,40.7252749],[74.2712688,40.7259254],[74.2695521,40.7261856],[74.2676639,40.7279418],[74.2664622,40.729763]]},"properties":{"@id":"way/1077045710","natural":"ridge"}},{"type":"Feature","geometry":{"type":"LineString","coordinates":[[74.2849158,40.731259],[74.2819976,40.7299581],[74.2785644,40.7295679]]},"properties":{"@id":"way/1077045711","natural":"ridge"}},{"type":"Feature","geometry":{"type":"LineString","coordinates":[[74.2798518,40.7343158],[74.2773627,40.7330801],[74.2739295,40.7321695],[74.2716121,40.7321695]]},"properties":{"@id":"way/1077045712","natural":"ridge"}},{"type":"Feature","geometry":{"type":"LineString","coordinates":[[74.2905807,40.7259905],[74.2890357,40.7278768],[74.2883715,40.7287059],[74.2875766,40.729698],[74.2862852,40.7304556],[74.2849158,40.731259],[74.2819118,40.733015],[74.2798518,40.7343158],[74.2776202,40.7355515],[74.2751311,40.7363319],[74.2718696,40.7354865]]},"properties":{"@id":"way/1077045713","natural":"ridge"}},{"type":"Feature","geometry":{"type":"LineString","coordinates":[[74.263029,40.7179243],[74.2649173,40.7179243],[74.2685222,40.7174039],[74.2714404,40.7167533],[74.2754745,40.7159726],[74.2751311,40.71298],[74.2742728,40.7100523],[74.2718696,40.7079053],[74.2714404,40.7058232],[74.2711829,40.703676]]},"properties":{"@id":"way/1077045714","natural":"ridge"}},{"type":"Feature","geometry":{"type":"LineString","coordinates":[[74.2663764,40.7053027],[74.2663764,40.7031555],[74.2651748,40.7010082]]},"properties":{"@id":"way/1077045715","natural":"ridge"}},{"type":"Feature","geometry":{"type":"LineString","coordinates":[[74.262514,40.7101174],[74.263029,40.7081655],[74.2609691,40.7061485],[74.258995,40.7043267]]},"properties":{"@id":"way/1077045716","natural":"ridge"}},{"type":"Feature","geometry":{"type":"LineString","coordinates":[[74.2668914,40.7102475],[74.2674922,40.7081655],[74.2663764,40.7053027],[74.2633723,40.7041965],[74.2615699,40.7021794]]},"properties":{"@id":"way/1077045717","natural":"ridge"}},{"type":"Feature","geometry":{"type":"LineString","coordinates":[[74.3073177,40.7324947],[74.3031978,40.7323646],[74.2996787,40.7324297],[74.297018,40.7301533],[74.2967467,40.7291938],[74.2962455,40.7274214],[74.2947005,40.7261856],[74.2905807,40.7259905],[74.2881774,40.7244944],[74.2855167,40.7234536],[74.2844867,40.721372],[74.2829417,40.7192904],[74.2806243,40.717534],[74.278221,40.7164931],[74.2754745,40.7159726],[74.2733287,40.7135655],[74.2704963,40.7123945],[74.2681789,40.7111584],[74.2668914,40.7102475],[74.262514,40.7101174],[74.2597674,40.7088161],[74.2576217,40.7073197],[74.2562484,40.7060184]]},"properties":{"@id":"way/1077045718","natural":"ridge"}},{"type":"Feature","geometry":{"type":"LineString","coordinates":[[74.5753277,40.6060915],[74.5739507,40.6043414],[74.571805,40.6021909]]},"properties":{"@id":"way/1077050320","natural":"ridge"}},{"type":"Feature","geometry":{"type":"LineString","coordinates":[[74.5668268,40.6045043],[74.5663976,40.6022561],[74.565711,40.600855]]},"properties":{"@id":"way/1077050321","natural":"ridge"}},{"type":"Feature","geometry":{"type":"LineString","coordinates":[[74.5757417,40.6095143],[74.573822,40.6081208],[74.5708608,40.606785],[74.5668268,40.6045043],[74.563179,40.6036897],[74.5590591,40.6022887],[74.555583,40.6012134]]},"properties":{"@id":"way/1077050322","natural":"ridge"}},{"type":"Feature","geometry":{"type":"LineString","coordinates":[[74.5675563,40.6141805],[74.5654964,40.6114114]]},"properties":{"@id":"way/1077050323","natural":"ridge"}},{"type":"Feature","geometry":{"type":"LineString","coordinates":[[74.5566558,40.6121281],[74.5497035,40.6125842]]},"properties":{"@id":"way/1077050324","natural":"ridge"}},{"type":"Feature","geometry":{"type":"LineString","coordinates":[[74.5472144,40.6048302],[74.5509051,40.6065896],[74.5535659,40.6094566],[74.5539092,40.6069805],[74.5513343,40.6035269]]},"properties":{"@id":"way/1077050325","natural":"ridge"}},{"type":"Feature","geometry":{"type":"LineString","coordinates":[[74.5638442,40.6163469],[74.5615482,40.6150927],[74.559102,40.6141479],[74.5566558,40.6121281],[74.5535659,40.6094566],[74.5503902,40.6090657],[74.5452403,40.6088702]]},"properties":{"@id":"way/1077050326","natural":"ridge"}},{"type":"Feature","geometry":{"type":"LineString","coordinates":[[74.5576,40.6231713],[74.5554542,40.6218358],[74.5516777,40.620598]]},"properties":{"@id":"way/1077050327","natural":"ridge"}},{"type":"Feature","geometry":{"type":"LineString","coordinates":[[74.5458412,40.6251908],[74.5446395,40.6211192],[74.543352,40.6186435],[74.5415496,40.6155162],[74.5401763,40.6121933],[74.5390605,40.6099128]]},"properties":{"@id":"way/1077050328","natural":"ridge"}},{"type":"Feature","geometry":{"type":"LineString","coordinates":[[74.5347802,40.6269838],[74.5333957,40.6230736],[74.5321941,40.6200768],[74.5288467,40.6177966],[74.5254993,40.6145389],[74.521551,40.6128449],[74.5178603,40.6118024],[74.513483,40.6110205]]},"properties":{"@id":"way/1077050329","natural":"ridge"}},{"type":"Feature","geometry":{"type":"LineString","coordinates":[[74.5234393,40.6241159],[74.5197486,40.6231388]]},"properties":{"@id":"way/1077050330","natural":"ridge"}},{"type":"Feature","geometry":{"type":"LineString","coordinates":[[74.5435237,40.6344732],[74.5371722,40.6344081],[74.5320224,40.6340173],[74.5291667,40.6327778],[74.5266151,40.6303696],[74.5254993,40.6286108],[74.5234393,40.6241159],[74.5238685,40.6208586],[74.523611,40.6185784]]},"properties":{"@id":"way/1077050331","natural":"ridge"}},{"type":"Feature","geometry":{"type":"LineString","coordinates":[[74.5082473,40.6237251],[74.5077323,40.6197511],[74.5073032,40.6166238],[74.5064448,40.6138222]]},"properties":{"@id":"way/1077050332","natural":"ridge"}},{"type":"Feature","geometry":{"type":"LineString","coordinates":[[74.5112514,40.6253537],[74.5122813,40.621901],[74.5126247,40.6190996],[74.5126247,40.6162329]]},"properties":{"@id":"way/1077050333","natural":"ridge"}},{"type":"Feature","geometry":{"type":"LineString","coordinates":[[74.5147244,40.6340831],[74.5130538,40.6300439],[74.5112514,40.6253537],[74.5082473,40.6237251],[74.5045566,40.6229433],[74.5008659,40.6224221],[74.4976901,40.6216404],[74.4936561,40.620142],[74.4915961,40.6192299],[74.4875621,40.6183829]]},"properties":{"@id":"way/1077050334","natural":"ridge"}},{"type":"Feature","geometry":{"type":"LineString","coordinates":[[74.5056081,40.6394721],[74.5039558,40.6368832],[74.5029258,40.6342127],[74.5017242,40.6300439],[74.4995784,40.6276337],[74.496746,40.6256143],[74.4933127,40.6247022],[74.4898795,40.6225524]]},"properties":{"@id":"way/1077050335","natural":"ridge"}},{"type":"Feature","geometry":{"type":"LineString","coordinates":[[74.47443,40.6346035],[74.4764041,40.6350594],[74.4804381,40.6359062],[74.4835281,40.6359713],[74.4843005,40.6323237],[74.484558,40.6291319],[74.4848155,40.6257446],[74.484558,40.6222918]]},"properties":{"@id":"way/1077050336","natural":"ridge"}},{"type":"Feature","geometry":{"type":"LineString","coordinates":[[74.4691943,40.6267217],[74.473915,40.626852],[74.4768333,40.6267868],[74.4776057,40.6233342],[74.4793223,40.6198814],[74.481039,40.6169496]]},"properties":{"@id":"way/1077050337","natural":"ridge"}},{"type":"Feature","geometry":{"type":"LineString","coordinates":[[74.4919395,40.6303045],[74.4920253,40.6323889],[74.4915103,40.6349943],[74.4914245,40.6380556],[74.4904757,40.6409577],[74.4870471,40.6383161],[74.4835281,40.6359713],[74.4816398,40.6329751],[74.4787215,40.6297182],[74.4768333,40.6267868],[74.4732284,40.6228782],[74.469881,40.6191647],[74.4654178,40.6167541]]},"properties":{"@id":"way/1077050338","natural":"ridge"}},{"type":"Feature","geometry":{"type":"LineString","coordinates":[[74.4815326,40.6508852],[74.4793224,40.6500061],[74.4770908,40.6486386],[74.4760608,40.6458383],[74.4755888,40.643852],[74.4751167,40.6414097]]},"properties":{"@id":"way/1077050339","natural":"ridge"}},{"type":"Feature","geometry":{"type":"LineString","coordinates":[[74.4509982,40.6273731],[74.4534015,40.6243765],[74.4561481,40.6222918],[74.4586372,40.6200768],[74.4602679,40.6185132]]},"properties":{"@id":"way/1077050340","natural":"ridge"}},{"type":"Feature","geometry":{"type":"LineString","coordinates":[[74.4525432,40.6295228],[74.4560622,40.6284154],[74.459753,40.6274383]]},"properties":{"@id":"way/1077050341","natural":"ridge"}},{"type":"Feature","geometry":{"type":"LineString","coordinates":[[74.4633792,40.6473036],[74.4646453,40.6450894],[74.4652461,40.6420285]]},"properties":{"@id":"way/1077050342","natural":"ridge"}},{"type":"Feature","geometry":{"type":"LineString","coordinates":[[74.4558477,40.6404979],[74.458208,40.6390325],[74.4624995,40.6378602],[74.4659328,40.6377299]]},"properties":{"@id":"way/1077050343","natural":"ridge"}},{"type":"Feature","geometry":{"type":"LineString","coordinates":[[74.4548482,40.643807],[74.4555473,40.6423541],[74.4558477,40.6404979],[74.455204,40.6388371],[74.453659,40.6362319],[74.4524573,40.6332357],[74.4525432,40.6295228],[74.4509982,40.6273731],[74.4468783,40.6237902],[74.4441318,40.6217707],[74.4408702,40.620598],[74.437437,40.6190344]]},"properties":{"@id":"way/1077050344","natural":"ridge"}},{"type":"Feature","geometry":{"type":"LineString","coordinates":[[74.4202708,40.6288714],[74.4200133,40.6258097],[74.41967,40.6222918]]},"properties":{"@id":"way/1077050345","natural":"ridge"}},{"type":"Feature","geometry":{"type":"LineString","coordinates":[[74.4243907,40.6308907],[74.4256782,40.6287411],[74.4260215,40.6258097],[74.4261073,40.6217055]]},"properties":{"@id":"way/1077050346","natural":"ridge"}},{"type":"Feature","geometry":{"type":"LineString","coordinates":[[74.4325446,40.6339522],[74.4337463,40.631021],[74.4337463,40.6278943],[74.4330596,40.625028],[74.4321155,40.6215101]]},"properties":{"@id":"way/1077050347","natural":"ridge"}},{"type":"Feature","geometry":{"type":"LineString","coordinates":[[74.4487881,40.6459197],[74.4455051,40.6435915],[74.4437026,40.6408562],[74.4396686,40.6380556],[74.4359778,40.6349943],[74.4325446,40.6339522],[74.4274806,40.6327146],[74.4243907,40.6308907],[74.4202708,40.6288714],[74.4158076,40.6271777],[74.4122027,40.6258748],[74.4083404,40.6243765],[74.404993,40.6226827],[74.3997573,40.6202071]]},"properties":{"@id":"way/1077050348","natural":"ridge"}},{"type":"Feature","geometry":{"type":"LineString","coordinates":[[74.4426727,40.6526271],[74.4412994,40.6508527],[74.4397544,40.6484432],[74.4389391,40.6466524]]},"properties":{"@id":"way/1077050349","natural":"ridge"}},{"type":"Feature","geometry":{"type":"LineString","coordinates":[[74.4285106,40.6483456],[74.4298839,40.6456104],[74.4310855,40.6431356],[74.4309138,40.6413772]]},"properties":{"@id":"way/1077050350","natural":"ridge"}},{"type":"Feature","geometry":{"type":"LineString","coordinates":[[74.4044459,40.6711342],[74.4047355,40.6679443],[74.4058513,40.66521]]},"properties":{"@id":"way/1077050351","natural":"ridge"}},{"type":"Feature","geometry":{"type":"LineString","coordinates":[[74.4286822,40.6530993],[74.4246482,40.654597],[74.4206142,40.6555737],[74.4175243,40.6563551],[74.4147823,40.6568388],[74.4138335,40.6570062]]},"properties":{"@id":"way/1077050352","natural":"ridge"}},{"type":"Feature","geometry":{"type":"LineString","coordinates":[[74.4740867,40.6838925],[74.4721126,40.6818097],[74.4694518,40.6795966],[74.4659328,40.6780344],[74.4603538,40.6765373],[74.4552039,40.6746495],[74.4509124,40.6738684],[74.4462775,40.6725013],[74.4431876,40.6706786],[74.4423293,40.6686604],[74.4422435,40.6652751],[74.440441,40.6631917],[74.4394532,40.6623132],[74.437952,40.660978],[74.4366662,40.6597525],[74.4346046,40.6577875],[74.4305705,40.6554435],[74.4286822,40.6530993],[74.4291114,40.6511458],[74.4285106,40.6483456],[74.4253348,40.6467175],[74.4219016,40.6452197],[74.4188975,40.6424844],[74.4158935,40.6392931],[74.4128894,40.6375345],[74.4108295,40.6352549],[74.4077396,40.6334311],[74.4054221,40.6321283],[74.402933,40.6298485],[74.4019031,40.628676]]},"properties":{"@id":"way/1077050353","natural":"ridge"}},{"type":"Feature","geometry":{"type":"LineString","coordinates":[[74.4146597,40.6661214],[74.4129752,40.6638427],[74.4104861,40.6619546]]},"properties":{"@id":"way/1077050355","natural":"ridge"}},{"type":"Feature","geometry":{"type":"LineString","coordinates":[[74.3916892,40.6648193],[74.393835,40.6661865]]},"properties":{"@id":"way/1077050356","natural":"ridge"}},{"type":"Feature","geometry":{"type":"LineString","coordinates":[[74.3895434,40.6638427],[74.3916892,40.6648193],[74.3936633,40.6626057],[74.3959807,40.6606524],[74.3985557,40.6594805],[74.4002723,40.6581131]]},"properties":{"@id":"way/1077050357","natural":"ridge"}},{"type":"Feature","geometry":{"type":"LineString","coordinates":[[74.3883418,40.6530993],[74.39229,40.6521225],[74.3957233,40.6517318],[74.3985557,40.6517318],[74.4006156,40.6498434],[74.4035338,40.646978]]},"properties":{"@id":"way/1077050358","natural":"ridge"}},{"type":"Feature","geometry":{"type":"LineString","coordinates":[[74.3824195,40.6290017],[74.3835353,40.6262006],[74.3833636,40.6241159]]},"properties":{"@id":"way/1077050359","natural":"ridge"}},{"type":"Feature","geometry":{"type":"LineString","coordinates":[[74.3873977,40.6347338],[74.3839645,40.6319981],[74.3824195,40.6290017],[74.3796729,40.6276988],[74.3764972,40.6257446]]},"properties":{"@id":"way/1077050360","natural":"ridge"}},{"type":"Feature","geometry":{"type":"LineString","coordinates":[[74.3864535,40.6515365],[74.3884276,40.6490619],[74.3895434,40.6457407],[74.3896293,40.6424193],[74.3888568,40.6393582],[74.3873977,40.6347338],[74.3890285,40.6313467],[74.3916892,40.6274383],[74.3922042,40.6235948]]},"properties":{"@id":"way/1077050361","natural":"ridge"}},{"type":"Feature","geometry":{"type":"LineString","coordinates":[[74.387226,40.6581782],[74.3843936,40.6579178],[74.3813037,40.6585038],[74.378128,40.6585689],[74.3746947,40.6583084]]},"properties":{"@id":"way/1077050362","natural":"ridge"}},{"type":"Feature","geometry":{"type":"LineString","coordinates":[[74.375553,40.6463919],[74.3721198,40.6461314],[74.3677425,40.6460012],[74.3635367,40.6451545]]},"properties":{"@id":"way/1077050363","natural":"ridge"}},{"type":"Feature","geometry":{"type":"LineString","coordinates":[[74.3793296,40.6493875],[74.377098,40.650755],[74.3744372,40.6514062],[74.3702315,40.6515365],[74.3666267,40.6499736],[74.3638801,40.6488014]]},"properties":{"@id":"way/1077050364","natural":"ridge"}},{"type":"Feature","geometry":{"type":"LineString","coordinates":[[74.3612193,40.6315421],[74.3614768,40.6285457],[74.3610477,40.6254188]]},"properties":{"@id":"way/1077050365","natural":"ridge"}},{"type":"Feature","geometry":{"type":"LineString","coordinates":[[74.3688583,40.6362319],[74.3656825,40.6351897],[74.3631076,40.6340173],[74.3612193,40.6315421],[74.3582152,40.6302393],[74.3537521,40.6291971]]},"properties":{"@id":"way/1077050366","natural":"ridge"}},{"type":"Feature","geometry":{"type":"LineString","coordinates":[[74.3661117,40.6248977],[74.3687724,40.6282851],[74.3692016,40.630565],[74.3688583,40.6333659],[74.3688583,40.6362319],[74.3705749,40.638251],[74.3726348,40.6406608],[74.3745231,40.6433962],[74.375553,40.6463919],[74.3793296,40.6493875],[74.3824195,40.6505597],[74.3864535,40.6515365],[74.3883418,40.6530993],[74.3881702,40.6557039],[74.387226,40.6581782],[74.387741,40.6605222],[74.3895434,40.6638427],[74.3855094,40.6656657],[74.3829345,40.6680094],[74.3800592,40.669702],[74.3770122,40.6720782],[74.3736219,40.6738032],[74.3707037,40.6740962],[74.3680429,40.6740636]]},"properties":{"@id":"way/1077050367","natural":"ridge"}},{"type":"Feature","geometry":{"type":"LineString","coordinates":[[74.3555545,40.6591549],[74.3550395,40.6613686],[74.3534946,40.6634521]]},"properties":{"@id":"way/1077050368","natural":"ridge"}},{"type":"Feature","geometry":{"type":"LineString","coordinates":[[74.3429374,40.6590247],[74.3437099,40.6613686],[74.3434524,40.663387]]},"properties":{"@id":"way/1077050369","natural":"ridge"}},{"type":"Feature","geometry":{"type":"LineString","coordinates":[[74.348688,40.6422239],[74.345684,40.6400746],[74.3432807,40.6381207],[74.34062,40.6342127],[74.3386458,40.6335613]]},"properties":{"@id":"way/1077050370","natural":"ridge"}},{"type":"Feature","geometry":{"type":"LineString","coordinates":[[74.3478297,40.6516667],[74.3488597,40.6487363],[74.3498897,40.6461314],[74.348688,40.6422239],[74.3478297,40.6390325],[74.3474864,40.6361016],[74.3483447,40.6334311],[74.3490314,40.630565]]},"properties":{"@id":"way/1077050371","natural":"ridge"}},{"type":"Feature","geometry":{"type":"LineString","coordinates":[[74.3349551,40.6404654],[74.3320369,40.6390325],[74.3286895,40.6364273]]},"properties":{"@id":"way/1077050372","natural":"ridge"}},{"type":"Feature","geometry":{"type":"LineString","coordinates":[[74.3375301,40.6458709],[74.3361568,40.6427449],[74.3349551,40.6404654],[74.3356418,40.6367529],[74.335041,40.6340173]]},"properties":{"@id":"way/1077050373","natural":"ridge"}},{"type":"Feature","geometry":{"type":"LineString","coordinates":[[74.3407916,40.6547272],[74.3442248,40.6555086],[74.3498038,40.6560946],[74.3488597,40.65349],[74.3478297,40.6516667],[74.3437957,40.6499085],[74.3398475,40.6479549],[74.3375301,40.6458709],[74.3338393,40.6451545],[74.3304061,40.6441777],[74.3268012,40.6424193],[74.3232822,40.6403351],[74.3212222,40.6384464]]},"properties":{"@id":"way/1077050374","natural":"ridge"}},{"type":"Feature","geometry":{"type":"LineString","coordinates":[[74.3310069,40.658634],[74.3280028,40.6557039],[74.3243121,40.6531644],[74.3215655,40.6509504],[74.3196773,40.6486061],[74.3186473,40.6462617],[74.3168449,40.64281],[74.3165874,40.6398792]]},"properties":{"@id":"way/1077050375","natural":"ridge"}},{"type":"Feature","geometry":{"type":"LineString","coordinates":[[74.3074893,40.6541412],[74.3086909,40.6510806],[74.3089484,40.6478897],[74.3092918,40.6452848],[74.3101501,40.640791]]},"properties":{"@id":"way/1077050376","natural":"ridge"}},{"type":"Feature","geometry":{"type":"LineString","coordinates":[[74.3044852,40.6533598],[74.3042277,40.650169],[74.3038844,40.6476944],[74.3041419,40.6441777]]},"properties":{"@id":"way/1077050377","natural":"ridge"}},{"type":"Feature","geometry":{"type":"LineString","coordinates":[[74.2983054,40.6518621],[74.2976188,40.6490619],[74.2973613,40.6460012],[74.2977904,40.6435264]]},"properties":{"@id":"way/1077050378","natural":"ridge"}},{"type":"Feature","geometry":{"type":"LineString","coordinates":[[74.2812251,40.6470431],[74.2813968,40.6449592]]},"properties":{"@id":"way/1077050379","natural":"ridge"}},{"type":"Feature","geometry":{"type":"LineString","coordinates":[[74.3869661,40.6726838],[74.3852519,40.670939],[74.3829345,40.6680094],[74.3795013,40.6665771],[74.375553,40.6661214],[74.3717765,40.6657308],[74.3708444,40.6653851],[74.3679141,40.6642985],[74.3648242,40.6614337],[74.3625068,40.6602618],[74.3555545,40.6591549],[74.3529796,40.6572666],[74.3498038,40.6560946],[74.3460273,40.6575922],[74.3429374,40.6590247],[74.338045,40.6589596],[74.3346976,40.6590247],[74.3310069,40.658634],[74.3274879,40.6594153],[74.3251704,40.6597409],[74.3209647,40.6587642],[74.31795,40.6581667],[74.3134975,40.6572666],[74.3095492,40.6557039],[74.3074893,40.6541412],[74.3044852,40.6533598],[74.3011378,40.65349],[74.2983054,40.6518621],[74.2952155,40.6504294],[74.2922114,40.6503643],[74.2896365,40.6490619],[74.2862891,40.6476944],[74.2833709,40.6475641],[74.2812251,40.6470431],[74.2768478,40.6466524]]},"properties":{"@id":"way/1077050380","natural":"ridge"}},{"type":"Feature","geometry":{"type":"LineString","coordinates":[[74.3564128,40.6795966],[74.3560695,40.6767977],[74.3537521,40.6734127]]},"properties":{"@id":"way/1077050381","natural":"ridge"}},{"type":"Feature","geometry":{"type":"LineString","coordinates":[[74.3633641,40.6875016],[74.3611335,40.6856173],[74.3594169,40.682786],[74.3564128,40.6795966],[74.3544387,40.6786203],[74.3519496,40.6766024],[74.3503188,40.6753656]]},"properties":{"@id":"way/1077050382","natural":"ridge"}},{"type":"Feature","geometry":{"type":"LineString","coordinates":[[74.3411349,40.68578],[74.3409633,40.6825257],[74.3407058,40.6794014],[74.3402766,40.6762769]]},"properties":{"@id":"way/1077050383","natural":"ridge"}},{"type":"Feature","geometry":{"type":"LineString","coordinates":[[74.3554816,40.6952768],[74.3522071,40.6932644],[74.3515683,40.6928627],[74.348688,40.6910517],[74.3463706,40.6888389],[74.3449517,40.6878228],[74.3432807,40.6866261],[74.3411349,40.68578],[74.3384742,40.6853244],[74.3342685,40.6825257],[74.3312644,40.6810286],[74.3304061,40.6776439],[74.3291186,40.6748448]]},"properties":{"@id":"way/1077050384","natural":"ridge"}},{"type":"Feature","geometry":{"type":"LineString","coordinates":[[74.3424481,40.6996914],[74.3403625,40.6965833],[74.3362426,40.6947611],[74.3327235,40.693785],[74.3286895,40.6923533],[74.3247413,40.688904]]},"properties":{"@id":"way/1077050385","natural":"ridge"}},{"type":"Feature","geometry":{"type":"LineString","coordinates":[[74.2471925,40.7434676],[74.2462062,40.747257],[74.2447471,40.7507033]]},"properties":{"@id":"way/1077050386","natural":"ridge"}},{"type":"Feature","geometry":{"type":"LineString","coordinates":[[74.2415713,40.7440707],[74.240713,40.747127],[74.2393397,40.7496629],[74.2379665,40.7510284]]},"properties":{"@id":"way/1077050387","natural":"ridge"}},{"type":"Feature","geometry":{"type":"LineString","coordinates":[[74.2002009,40.7344459],[74.1978835,40.7338605],[74.1967677,40.7321045]]},"properties":{"@id":"way/1077050388","natural":"ridge"}},{"type":"Feature","geometry":{"type":"LineString","coordinates":[[74.2013167,40.7386081],[74.2008018,40.7356165],[74.2002009,40.7344459],[74.2001151,40.7305435]]},"properties":{"@id":"way/1077050389","natural":"ridge"}},{"type":"Feature","geometry":{"type":"LineString","coordinates":[[74.1999435,40.7411444],[74.2013167,40.7386081],[74.2027759,40.7359417],[74.2039775,40.7328849],[74.2043208,40.729828],[74.2044925,40.7276166]]},"properties":{"@id":"way/1077050390","natural":"ridge"}},{"type":"Feature","geometry":{"type":"LineString","coordinates":[[74.207754,40.7517436],[74.209299,40.7490127],[74.209299,40.7462166],[74.2084407,40.7428352]]},"properties":{"@id":"way/1077050391","natural":"ridge"}},{"type":"Feature","geometry":{"type":"LineString","coordinates":[[74.2141914,40.7516136],[74.2176246,40.7513535],[74.2212295,40.7501181]]},"properties":{"@id":"way/1077050392","natural":"ridge"}},{"type":"Feature","geometry":{"type":"LineString","coordinates":[[74.2158221,40.7582453],[74.219942,40.756945],[74.2228603,40.7560998],[74.2256927,40.7538892],[74.2262935,40.7527189]]},"properties":{"@id":"way/1077050393","natural":"ridge"}},{"type":"Feature","geometry":{"type":"LineString","coordinates":[[74.2386531,40.7722219],[74.2384814,40.7693619],[74.2380523,40.7675417]]},"properties":{"@id":"way/1077050394","natural":"ridge"}},{"type":"Feature","geometry":{"type":"LineString","coordinates":[[74.1620921,40.7368522],[74.1619205,40.7343158],[74.1624354,40.7317793]]},"properties":{"@id":"way/1077050398","natural":"ridge"}},{"type":"Feature","geometry":{"type":"LineString","coordinates":[[74.1711043,40.7380228],[74.1700744,40.7350312],[74.1697311,40.7328849]]},"properties":{"@id":"way/1077050399","natural":"ridge"}},{"type":"Feature","geometry":{"type":"LineString","coordinates":[[74.181919,40.7386732],[74.1853523,40.7373399],[74.1888713,40.7353238]]},"properties":{"@id":"way/1077050400","natural":"ridge"}},{"type":"Feature","geometry":{"type":"LineString","coordinates":[[74.1996001,40.7494678],[74.2010164,40.7474846],[74.2007589,40.744786],[74.1999435,40.7411444],[74.1961669,40.7399413],[74.1945362,40.736462]]},"properties":{"@id":"way/1077050401","natural":"ridge"}},{"type":"Feature","geometry":{"type":"LineString","coordinates":[[74.2114448,40.7558398],[74.2132472,40.7535642],[74.2141914,40.7516136],[74.2149638,40.7492728],[74.2150497,40.747062],[74.213848,40.7444609],[74.2122172,40.7421849],[74.2095565,40.7401039],[74.2096423,40.7369172]]},"properties":{"@id":"way/1077050402","natural":"ridge"}},{"type":"Feature","geometry":{"type":"LineString","coordinates":[[74.2241477,40.7655265],[74.2256927,40.7626012],[74.2266368,40.7599357],[74.2256927,40.7581803]]},"properties":{"@id":"way/1077050403","natural":"ridge"}},{"type":"Feature","geometry":{"type":"LineString","coordinates":[[74.2450904,40.7769018],[74.2448329,40.7733919],[74.2442321,40.7698169],[74.2438029,40.7671517]]},"properties":{"@id":"way/1077050404","natural":"ridge"}},{"type":"Feature","geometry":{"type":"LineString","coordinates":[[74.2312717,40.7691668],[74.23213,40.7664366],[74.23213,40.7635113],[74.2327308,40.7601957],[74.2314433,40.7575302],[74.2311,40.7549946]]},"properties":{"@id":"way/1077050405","natural":"ridge"}},{"type":"Feature","geometry":{"type":"LineString","coordinates":[[74.1587447,40.731324],[74.1572856,40.7345759],[74.1575431,40.7373075],[74.1573714,40.7397137],[74.1565131,40.7427051],[74.1558265,40.7451762],[74.156084,40.7478423]]},"properties":{"@id":"way/1077050412","natural":"ridge"}},{"type":"Feature","geometry":{"type":"LineString","coordinates":[[74.5688009,40.5886023],[74.5709467,40.5901992]]},"properties":{"@id":"way/1077054826","natural":"ridge"}},{"type":"Feature","geometry":{"type":"LineString","coordinates":[[74.5628357,40.5907206],[74.5605182,40.590134],[74.559102,40.5894822]]},"properties":{"@id":"way/1077054827","natural":"ridge"}},{"type":"Feature","geometry":{"type":"LineString","coordinates":[[74.5708608,40.5835018],[74.5705819,40.5846751],[74.5696163,40.5864513],[74.5688009,40.5886023],[74.5664405,40.5894496],[74.5628357,40.5907206],[74.5617628,40.5929366],[74.5597028,40.5956739]]},"properties":{"@id":"way/1077054828","natural":"ridge"}},{"type":"Feature","geometry":{"type":"LineString","coordinates":[[74.580236,40.5958333],[74.5759677,40.5965538],[74.5711612,40.5975314]]},"properties":{"@id":"way/1077054829","natural":"ridge"}},{"type":"Feature","geometry":{"type":"LineString","coordinates":[[74.2706679,40.6318678],[74.2735862,40.6357759],[74.2753028,40.6390977],[74.2766761,40.6420936]]},"properties":{"@id":"way/1077107900","natural":"ridge"}},{"type":"Feature","geometry":{"type":"LineString","coordinates":[[74.2621707,40.6361667],[74.2651748,40.6381207],[74.2685222,40.6415726],[74.270153,40.6429403]]},"properties":{"@id":"way/1077107901","natural":"ridge"}},{"type":"Feature","geometry":{"type":"LineString","coordinates":[[74.2607974,40.6187738],[74.2654323,40.6200768],[74.2692947,40.6208586],[74.2735862,40.620598]]},"properties":{"@id":"way/1077107902","natural":"ridge"}},{"type":"Feature","geometry":{"type":"LineString","coordinates":[[74.2615699,40.6213146],[74.2666339,40.622813],[74.2723846,40.6241159],[74.2748736,40.6241811]]},"properties":{"@id":"way/1077107903","natural":"ridge"}},{"type":"Feature","geometry":{"type":"LineString","coordinates":[[74.2594241,40.6172753],[74.2641448,40.6177314],[74.2692947,40.6181223],[74.273157,40.6178617]]},"properties":{"@id":"way/1077107904","natural":"ridge"}},{"type":"Feature","geometry":{"type":"LineString","coordinates":[[74.2713546,40.6070457],[74.2773627,40.6062638]]},"properties":{"@id":"way/1077107905","natural":"ridge"}},{"type":"Feature","geometry":{"type":"LineString","coordinates":[[74.2634582,40.6054818],[74.2673205,40.6062638],[74.2713546,40.6070457],[74.2749595,40.6097173]]},"properties":{"@id":"way/1077107906","natural":"ridge"}},{"type":"Feature","geometry":{"type":"LineString","coordinates":[[74.2697238,40.5893193],[74.2740153,40.58958],[74.2775344,40.5902318]]},"properties":{"@id":"way/1077107907","natural":"ridge"}},{"type":"Feature","geometry":{"type":"LineString","coordinates":[[74.2604541,40.626396],[74.2558192,40.627308],[74.2492103,40.6273731]]},"properties":{"@id":"way/1077107908","natural":"ridge"}},{"type":"Feature","geometry":{"type":"LineString","coordinates":[[74.2729854,40.6153208],[74.2676639,40.6147995],[74.2636298,40.6138222],[74.2595958,40.6121933],[74.2557334,40.6111508],[74.2505836,40.6104992]]},"properties":{"@id":"way/1077107909","natural":"ridge"}},{"type":"Feature","geometry":{"type":"LineString","coordinates":[[74.2583942,40.6155162],[74.2548751,40.6155162],[74.2514419,40.6144086],[74.2487811,40.6138874]]},"properties":{"@id":"way/1077107910","natural":"ridge"}},{"type":"Feature","geometry":{"type":"LineString","coordinates":[[74.2766761,40.6009854],[74.2728995,40.596619],[74.269638,40.5953155],[74.2667197,40.5937513],[74.2621707,40.5930996],[74.2550468,40.5934906]]},"properties":{"@id":"way/1077107911","natural":"ridge"}},{"type":"Feature","geometry":{"type":"LineString","coordinates":[[74.2650889,40.5968797],[74.2601966,40.5966842],[74.2540168,40.5971404]]},"properties":{"@id":"way/1077107912","natural":"ridge"}},{"type":"Feature","geometry":{"type":"LineString","coordinates":[[74.2737578,40.6130403],[74.2689513,40.611672],[74.2646598,40.6099779],[74.2614841,40.6084141],[74.2573642,40.6069805],[74.253931,40.6061986],[74.2504119,40.6043088]]},"properties":{"@id":"way/1077107913","natural":"ridge"}},{"type":"Feature","geometry":{"type":"LineString","coordinates":[[74.2607974,40.5790854],[74.2527293,40.5784987]]},"properties":{"@id":"way/1077107914","natural":"ridge"}},{"type":"Feature","geometry":{"type":"LineString","coordinates":[[74.2650889,40.5792158],[74.2607974,40.5790854],[74.2563342,40.5809759],[74.2538451,40.5830618],[74.2515277,40.5872335]]},"properties":{"@id":"way/1077107915","natural":"ridge"}},{"type":"Feature","geometry":{"type":"LineString","coordinates":[[74.246807,40.6407259],[74.2498111,40.639749],[74.253416,40.6370786],[74.2551326,40.6349292],[74.2583083,40.6316724],[74.2614841,40.6288714],[74.2668914,40.6300439],[74.2706679,40.6318678],[74.2762469,40.6333659]]},"properties":{"@id":"way/1077107916","natural":"ridge"}},{"type":"Feature","geometry":{"type":"LineString","coordinates":[[74.2612237,40.6410615],[74.2581367,40.6424844],[74.2549609,40.643852],[74.251356,40.6448289],[74.2475795,40.6454802],[74.2449187,40.6458709],[74.2404555,40.6467826]]},"properties":{"@id":"way/1077107917","natural":"ridge"}},{"type":"Feature","geometry":{"type":"LineString","coordinates":[[74.2627714,40.5711971],[74.2644023,40.5740656],[74.2654323,40.5758259],[74.2650889,40.5792158],[74.2669772,40.5815625],[74.2694663,40.5847566],[74.2698955,40.5867121],[74.2697238,40.5893193],[74.268093,40.5917961],[74.2667197,40.5937513],[74.2650889,40.5968797],[74.2648315,40.5996168],[74.264059,40.6020932],[74.2634582,40.6054818],[74.2614841,40.6084141],[74.2595958,40.6121933],[74.2583942,40.6155162],[74.2594241,40.6172753],[74.2607974,40.6187738],[74.2615699,40.6213146],[74.2611407,40.6237902],[74.2604541,40.626396],[74.2614841,40.6288714],[74.262514,40.6311513],[74.2621707,40.6339522],[74.2621707,40.6361667],[74.2621707,40.6371437],[74.2613124,40.639749],[74.2612237,40.6410615],[74.2610954,40.6421519],[74.2620849,40.6443079],[74.2632865,40.646457],[74.2649173,40.64802],[74.2656898,40.6505597],[74.2680072,40.6517969]]},"properties":{"@id":"way/1077107918","natural":"ridge"}},{"type":"Feature","geometry":{"type":"LineString","coordinates":[[74.4083404,40.5750435],[74.4060229,40.5770645],[74.4020747,40.5807803]]},"properties":{"@id":"way/1077107919","natural":"ridge"}},{"type":"Feature","geometry":{"type":"LineString","coordinates":[[74.3800162,40.5680675],[74.3789863,40.5715882],[74.3783855,40.5743916],[74.3782996,40.5773253],[74.378643,40.5806499],[74.3793296,40.5846262]]},"properties":{"@id":"way/1077107920","natural":"ridge"}},{"type":"Feature","geometry":{"type":"LineString","coordinates":[[74.4096184,40.5751268],[74.4099712,40.5770645],[74.4096278,40.5799328],[74.4098853,40.5843655]]},"properties":{"@id":"way/1077107921","natural":"ridge"}},{"type":"Feature","geometry":{"type":"LineString","coordinates":[[74.4179534,40.5784987],[74.416151,40.5809759],[74.4154643,40.5837789]]},"properties":{"@id":"way/1077107922","natural":"ridge"}},{"type":"Feature","geometry":{"type":"LineString","coordinates":[[74.3706607,40.5685891],[74.3662833,40.5674807],[74.3640517,40.5642206],[74.3620776,40.5606343],[74.3613052,40.5578956],[74.3583869,40.5543089]]},"properties":{"@id":"way/1077107923","natural":"ridge"}},{"type":"Feature","geometry":{"type":"LineString","coordinates":[[74.3746947,40.5672851],[74.3735789,40.5644162],[74.3716907,40.561156],[74.3698024,40.5574391],[74.3673991,40.5533959]]},"properties":{"@id":"way/1077107924","natural":"ridge"}},{"type":"Feature","geometry":{"type":"LineString","coordinates":[[74.3960666,40.5590693],[74.3956374,40.5564609],[74.3972682,40.5545046],[74.397869,40.5522873]]},"properties":{"@id":"way/1077107925","natural":"ridge"}},{"type":"Feature","geometry":{"type":"LineString","coordinates":[[74.3886851,40.5612864],[74.3929767,40.5601127],[74.3960666,40.5590693],[74.3984698,40.5586781],[74.4016456,40.5557436]]},"properties":{"@id":"way/1077107926","natural":"ridge"}},{"type":"Feature","geometry":{"type":"LineString","coordinates":[[74.3850803,40.5577651],[74.3864535,40.5544394],[74.3867969,40.5515047],[74.3861102,40.5493525]]},"properties":{"@id":"way/1077107927","natural":"ridge"}},{"type":"Feature","geometry":{"type":"LineString","coordinates":[[74.3875693,40.5647422],[74.3886851,40.5612864],[74.3850803,40.5577651],[74.3810462,40.5562653],[74.3778705,40.5547654],[74.3733214,40.5518308]]},"properties":{"@id":"way/1077107928","natural":"ridge"}},{"type":"Feature","geometry":{"type":"LineString","coordinates":[[74.4003533,40.5648119],[74.4022464,40.5614168],[74.403963,40.5576999]]},"properties":{"@id":"way/1077107929","natural":"ridge"}},{"type":"Feature","geometry":{"type":"LineString","coordinates":[[74.3857669,40.579998],[74.3885135,40.577912],[74.3918609,40.5741308],[74.3940066,40.5705451],[74.3952083,40.5673503],[74.3982982,40.5655247],[74.4003533,40.5648119],[74.4022464,40.5641554],[74.4066238,40.5641554],[74.4096278,40.5644814]]},"properties":{"@id":"way/1077107930","natural":"ridge"}},{"type":"Feature","geometry":{"type":"LineString","coordinates":[[74.4155219,40.5769157],[74.4175243,40.5732833],[74.4183826,40.5691107]]},"properties":{"@id":"way/1077107931","natural":"ridge"}},{"type":"Feature","geometry":{"type":"LineString","coordinates":[[74.4270515,40.5753695],[74.4249915,40.5726966],[74.4237041,40.5701539]]},"properties":{"@id":"way/1077107932","natural":"ridge"}},{"type":"Feature","geometry":{"type":"LineString","coordinates":[[74.4240474,40.5807803],[74.4258498,40.577912],[74.4270515,40.5753695],[74.4285106,40.5717186],[74.4296264,40.5698931]]},"properties":{"@id":"way/1077107933","natural":"ridge"}},{"type":"Feature","geometry":{"type":"LineString","coordinates":[[74.4457625,40.5756303],[74.446535,40.5725662],[74.4458484,40.5692411]]},"properties":{"@id":"way/1077107934","natural":"ridge"}},{"type":"Feature","geometry":{"type":"LineString","coordinates":[[74.4492816,40.5812366],[74.4479941,40.5783031],[74.4457625,40.5756303],[74.4431876,40.5734137],[74.4397544,40.5699583]]},"properties":{"@id":"way/1077107935","natural":"ridge"}},{"type":"Feature","geometry":{"type":"LineString","coordinates":[[74.4514274,40.5693063],[74.4524573,40.5663723]]},"properties":{"@id":"way/1077107936","natural":"ridge"}},{"type":"Feature","geometry":{"type":"LineString","coordinates":[[74.4583797,40.5783031],[74.457693,40.574848],[74.4551181,40.571523],[74.4514274,40.5693063],[74.447565,40.5680023]]},"properties":{"@id":"way/1077107937","natural":"ridge"}},{"type":"Feature","geometry":{"type":"LineString","coordinates":[[74.4796657,40.5648074],[74.4794082,40.5610908],[74.478979,40.558352]]},"properties":{"@id":"way/1077107938","natural":"ridge"}},{"type":"Feature","geometry":{"type":"LineString","coordinates":[[74.4668769,40.5646118],[74.4642161,40.561482]]},"properties":{"@id":"way/1077107939","natural":"ridge"}},{"type":"Feature","geometry":{"type":"LineString","coordinates":[[74.4667911,40.5681327],[74.4668769,40.5646118],[74.4685077,40.5604387]]},"properties":{"@id":"way/1077107940","natural":"ridge"}},{"type":"Feature","geometry":{"type":"LineString","coordinates":[[74.4710826,40.5740656],[74.469366,40.5721098],[74.4667911,40.5681327],[74.4630145,40.5659811],[74.4576072,40.5650683],[74.4556331,40.5649379]]},"properties":{"@id":"way/1077107941","natural":"ridge"}},{"type":"Feature","geometry":{"type":"LineString","coordinates":[[74.4921111,40.5609604],[74.4909953,40.5573739],[74.4876479,40.5541785]]},"properties":{"@id":"way/1077107942","natural":"ridge"}},{"type":"Feature","geometry":{"type":"LineString","coordinates":[[74.4953298,40.5639272],[74.4921111,40.5609604],[74.4880771,40.5591345],[74.4819831,40.5573087]]},"properties":{"@id":"way/1077107943","natural":"ridge"}},{"type":"Feature","geometry":{"type":"LineString","coordinates":[[74.4987201,40.5564609],[74.4981193,40.553722],[74.4976043,40.5515699]]},"properties":{"@id":"way/1077107944","natural":"ridge"}},{"type":"Feature","geometry":{"type":"LineString","coordinates":[[74.5236968,40.5590041],[74.5211219,40.5561349],[74.5194911,40.5523525]]},"properties":{"@id":"way/1077107945","natural":"ridge"}},{"type":"Feature","geometry":{"type":"LineString","coordinates":[[74.5307349,40.5569174],[74.5295333,40.5550263],[74.5283317,40.5509177]]},"properties":{"@id":"way/1077107946","natural":"ridge"}},{"type":"Feature","geometry":{"type":"LineString","coordinates":[[74.543352,40.5429609],[74.5450687,40.5465481],[74.5424937,40.5455698],[74.5373439,40.5434826]]},"properties":{"@id":"way/1077107947","natural":"ridge"}},{"type":"Feature","geometry":{"type":"LineString","coordinates":[[74.5394897,40.5502655],[74.5366572,40.5488308],[74.5321082,40.5469394]]},"properties":{"@id":"way/1077107948","natural":"ridge"}},{"type":"Feature","geometry":{"type":"LineString","coordinates":[[74.4237041,40.6101082],[74.4204425,40.6127145],[74.4173526,40.6144086],[74.4159793,40.6159723]]},"properties":{"@id":"way/1077107949","natural":"ridge"}},{"type":"Feature","geometry":{"type":"LineString","coordinates":[[74.4307422,40.6147344],[74.4294547,40.6119978],[74.4275664,40.6098476],[74.4237041,40.6101082],[74.4200992,40.609587],[74.4172668,40.6082838],[74.4137477,40.609587],[74.4104861,40.6110205],[74.4067096,40.6125191],[74.4036197,40.6147344]]},"properties":{"@id":"way/1077107950","natural":"ridge"}},{"type":"Feature","geometry":{"type":"LineString","coordinates":[[74.3991565,40.6062638],[74.4013023,40.6080883],[74.4025897,40.6105644]]},"properties":{"@id":"way/1077107951","natural":"ridge"}},{"type":"Feature","geometry":{"type":"LineString","coordinates":[[74.4018172,40.5962279],[74.4040488,40.5985089],[74.4053363,40.6021584],[74.4066238,40.6056121],[74.4062804,40.6088702]]},"properties":{"@id":"way/1077107952","natural":"ridge"}},{"type":"Feature","geometry":{"type":"LineString","coordinates":[[74.4122886,40.5945986],[74.4118594,40.5988348],[74.4128036,40.6020932],[74.414091,40.604765]]},"properties":{"@id":"way/1077107953","natural":"ridge"}},{"type":"Feature","geometry":{"type":"LineString","coordinates":[[74.4292831,40.5929692],[74.4344329,40.5930996]]},"properties":{"@id":"way/1077107954","natural":"ridge"}},{"type":"Feature","geometry":{"type":"LineString","coordinates":[[74.430828,40.5988348],[74.4357204,40.5990955],[74.440441,40.5999427],[74.4431876,40.6015067],[74.44602,40.603592]]},"properties":{"@id":"way/1077107955","natural":"ridge"}},{"type":"Feature","geometry":{"type":"LineString","coordinates":[[74.4325113,40.6036662],[74.4360637,40.6039179],[74.4417285,40.6056773]]},"properties":{"@id":"way/1077107956","natural":"ridge"}},{"type":"Feature","geometry":{"type":"LineString","coordinates":[[74.4274806,40.5914702],[74.4292831,40.5929692],[74.4297122,40.5958369],[74.430828,40.5988348],[74.4316863,40.6018977],[74.4325113,40.6036662],[74.4331454,40.6050257],[74.4354629,40.607958],[74.4385528,40.6107598],[74.4412135,40.6122585]]},"properties":{"@id":"way/1077107957","natural":"ridge"}},{"type":"Feature","geometry":{"type":"LineString","coordinates":[[74.4014739,40.5872987],[74.4043922,40.5910139],[74.4049071,40.5943379],[74.4025039,40.5923827],[74.3981265,40.5891238],[74.3959807,40.5874291]]},"properties":{"@id":"way/1077107958","natural":"ridge"}},{"type":"Feature","geometry":{"type":"LineString","coordinates":[[74.39229,40.5931648],[74.388256,40.593621],[74.3825912,40.5929692]]},"properties":{"@id":"way/1077107959","natural":"ridge"}},{"type":"Feature","geometry":{"type":"LineString","coordinates":[[74.3993281,40.6131055],[74.3986415,40.6099779],[74.3991565,40.6062638],[74.398899,40.6030055],[74.3987273,40.6002034],[74.3969249,40.5977921],[74.3958091,40.5956414],[74.39229,40.5931648],[74.3920325,40.5908184],[74.3920325,40.5883416],[74.3926334,40.5869076]]},"properties":{"@id":"way/1077107960","natural":"ridge"}},{"type":"Feature","geometry":{"type":"LineString","coordinates":[[74.3885993,40.600073],[74.3854236,40.5984438],[74.3813895,40.5959021],[74.3799304,40.594729]]},"properties":{"@id":"way/1077107961","natural":"ridge"}},{"type":"Feature","geometry":{"type":"LineString","coordinates":[[74.430828,40.5868425],[74.4285106,40.5888631],[74.4274806,40.5914702],[74.4219874,40.5913398],[74.4193267,40.5917961],[74.4165801,40.5929692],[74.4122886,40.5945986],[74.407997,40.5942076],[74.4049071,40.5943379],[74.4018172,40.5962279],[74.399414,40.5969448],[74.3969249,40.5977921],[74.3919467,40.5992258],[74.3885993,40.600073],[74.386711,40.6020932],[74.3843078,40.6048302],[74.3819903,40.6066547],[74.3796729,40.6097173],[74.3774413,40.6127145],[74.3746089,40.6150601],[74.3734931,40.6170147],[74.3714332,40.6196208]]},"properties":{"@id":"way/1077107962","natural":"ridge"}},{"type":"Feature","geometry":{"type":"LineString","coordinates":[[74.4348621,40.5711318],[74.4362353,40.5736745],[74.4370936,40.577912],[74.4378661,40.5814974],[74.4387244,40.5849522],[74.4402694,40.5872987],[74.4412994,40.5903622]]},"properties":{"@id":"way/1077107963","natural":"ridge"}},{"type":"Feature","geometry":{"type":"LineString","coordinates":[[74.44705,40.5825403],[74.4484233,40.5854736],[74.4489383,40.5885372],[74.4491958,40.5918613],[74.4495391,40.5954459],[74.4491958,40.599291]]},"properties":{"@id":"way/1077107964","natural":"ridge"}},{"type":"Feature","geometry":{"type":"LineString","coordinates":[[74.4988059,40.5992258],[74.4979476,40.602419],[74.4971751,40.6067199]]},"properties":{"@id":"way/1077107965","natural":"ridge"}},{"type":"Feature","geometry":{"type":"LineString","coordinates":[[74.4844722,40.5991606],[74.4877338,40.6018325],[74.4905662,40.6060683],[74.491682,40.6088702]]},"properties":{"@id":"way/1077107966","natural":"ridge"}},{"type":"Feature","geometry":{"type":"LineString","coordinates":[[74.4637012,40.6007899],[74.4609546,40.6024842],[74.4576072,40.6044392],[74.4540023,40.6065244],[74.4505691,40.6076322],[74.4455909,40.6083489]]},"properties":{"@id":"way/1077107967","natural":"ridge"}},{"type":"Feature","geometry":{"type":"LineString","coordinates":[[74.4692802,40.5784987],[74.469366,40.5807151],[74.467821,40.58417],[74.4666194,40.5873639],[74.4650745,40.5934255],[74.464302,40.5972055],[74.4637012,40.6007899],[74.4668769,40.6045043],[74.4703101,40.6082186],[74.4732284,40.6106947]]},"properties":{"@id":"way/1077107968","natural":"ridge"}},{"type":"Feature","geometry":{"type":"LineString","coordinates":[[74.4899654,40.5923175],[74.4877338,40.5944031],[74.4853305,40.5964886],[74.4844722,40.5991606],[74.4822406,40.6029404],[74.4804381,40.6068502],[74.4792365,40.6096521]]},"properties":{"@id":"way/1077107969","natural":"ridge"}},{"type":"Feature","geometry":{"type":"LineString","coordinates":[[74.4716834,40.5610256],[74.4764899,40.5636338],[74.4796657,40.5648074],[74.4835281,40.5680675],[74.4848155,40.572175],[74.4862746,40.5746524],[74.4869613,40.5773905],[74.4885921,40.580324],[74.4897079,40.5837137],[74.489622,40.5865817],[74.4899654,40.5901015],[74.4899654,40.5923175],[74.4939136,40.5938817],[74.4965743,40.5960324],[74.4971751,40.5979876],[74.4988059,40.5992258],[74.5006084,40.6005944],[74.5046424,40.602419],[74.5072173,40.6041785],[74.5097064,40.6048302]]},"properties":{"@id":"way/1077107970","natural":"ridge"}},{"type":"Feature","geometry":{"type":"LineString","coordinates":[[74.5048141,40.5676763],[74.5004367,40.5672199]]},"properties":{"@id":"way/1077107971","natural":"ridge"}},{"type":"Feature","geometry":{"type":"LineString","coordinates":[[74.4897079,40.5527438],[74.4946002,40.5542437],[74.4987201,40.5564609],[74.5026683,40.5605691],[74.506402,40.563862],[74.5055007,40.5660463],[74.5048141,40.5676763],[74.5067882,40.5708711],[74.5069598,40.5737397],[74.5067882,40.5778468],[74.5073032,40.581041],[74.5077323,40.5842351],[74.5080756,40.5878202],[74.5086764,40.5901015],[74.510908,40.5938817],[74.5128821,40.5975314],[74.5142554,40.5997472],[74.5157146,40.6023539]]},"properties":{"@id":"way/1077107972","natural":"ridge"}},{"type":"Feature","geometry":{"type":"LineString","coordinates":[[74.5328807,40.5952504],[74.5280742,40.5984438],[74.522581,40.6021584]]},"properties":{"@id":"way/1077107973","natural":"ridge"}},{"type":"Feature","geometry":{"type":"LineString","coordinates":[[74.5679847,40.5798393],[74.565153,40.5796069],[74.5602607,40.5797373]]},"properties":{"@id":"way/1077107974","natural":"ridge"}},{"type":"Feature","geometry":{"type":"LineString","coordinates":[[74.56496,40.5674481],[74.561634,40.5666331],[74.5574283,40.5668287]]},"properties":{"@id":"way/1077107975","natural":"ridge"}},{"type":"Feature","geometry":{"type":"LineString","coordinates":[[74.5107364,40.5522221],[74.5117663,40.5577651],[74.5133113,40.5616776],[74.5155429,40.5635034],[74.5167445,40.5660463],[74.5177745,40.5679371],[74.518032,40.5704799]]},"properties":{"@id":"way/1077107976","natural":"ridge"}},{"type":"Feature","geometry":{"type":"LineString","coordinates":[[74.5345301,40.5575274],[74.5344206,40.5586249],[74.5343065,40.5597694],[74.5342095,40.5607424],[74.5341682,40.561156]]},"properties":{"@id":"way/1077107977","natural":"ridge"}},{"type":"Feature","geometry":{"type":"LineString","coordinates":[[74.5384597,40.5693715],[74.5351123,40.5680023]]},"properties":{"@id":"way/1077107978","natural":"ridge"}},{"type":"Feature","geometry":{"type":"LineString","coordinates":[[74.5294475,40.5823448],[74.5257568,40.581367],[74.5208644,40.5799328]]},"properties":{"@id":"way/1077107979","natural":"ridge"}},{"type":"Feature","geometry":{"type":"LineString","coordinates":[[74.5380305,40.5726314],[74.5387784,40.5736728],[74.5395755,40.5747828],[74.5410775,40.5759236],[74.5421504,40.5767385],[74.5427416,40.5782821],[74.5435237,40.580324],[74.5442962,40.583844],[74.5445537,40.5871684],[74.5454978,40.5906229],[74.5466994,40.5946638]]},"properties":{"@id":"way/1077107980","natural":"ridge"}},{"type":"Feature","geometry":{"type":"LineString","coordinates":[[74.5387172,40.5562653],[74.5407771,40.5595258],[74.5419788,40.5627209],[74.5414638,40.5656551],[74.5394038,40.5687847],[74.5384597,40.5693715],[74.5380305,40.5726314],[74.5359113,40.5743159],[74.5343398,40.5755651],[74.5339508,40.5759956],[74.5313357,40.5788898],[74.5294475,40.5823448],[74.5302199,40.5852129],[74.5305633,40.5878202],[74.5315932,40.5910139],[74.5328807,40.5952504],[74.5345115,40.5979876],[74.5370864,40.6017674]]},"properties":{"@id":"way/1077107981","natural":"ridge"}},{"type":"Feature","geometry":{"type":"LineString","coordinates":[[74.5561194,40.5482112],[74.5539093,40.5485373],[74.5516777,40.5478199],[74.5492744,40.5468416],[74.547429,40.5466459],[74.5465594,40.5465743],[74.5450687,40.5465481],[74.5422792,40.5483416],[74.5394897,40.5502655],[74.5395326,40.5518634],[74.5394897,40.553722],[74.5387172,40.5562653],[74.5359706,40.5575695],[74.5345301,40.5575274],[74.533739,40.5575043],[74.5307349,40.5569174],[74.527645,40.5574391],[74.5236968,40.5590041],[74.5204352,40.5601779],[74.5172595,40.5604387],[74.5150279,40.5607647],[74.5133113,40.5616776],[74.5124481,40.5618598],[74.5102214,40.5623297],[74.5074713,40.563433],[74.506402,40.563862],[74.5005655,40.5630143],[74.4953298,40.5639272],[74.4928836,40.5672525],[74.4879912,40.5687847],[74.4848155,40.572175],[74.4839176,40.5721144],[74.4809531,40.5719142],[74.4746875,40.5724358],[74.4742522,40.5726326],[74.4710826,40.5740656],[74.4692802,40.5784987],[74.4664097,40.5780348],[74.4652461,40.5778468],[74.4615554,40.5784987],[74.4583797,40.5783031],[74.4540023,40.578955],[74.4518565,40.5805195],[74.4492816,40.5812366],[74.44705,40.5825403],[74.4429301,40.5830618],[74.4402694,40.5840396],[74.4387244,40.5849522],[74.4348621,40.5852781],[74.4328021,40.5862558],[74.430828,40.5868425],[74.4281673,40.5849522],[74.425764,40.58241],[74.4240474,40.5807803],[74.4205283,40.5790202],[74.4179534,40.5784987],[74.4155219,40.5769157],[74.4143485,40.5761518],[74.4113444,40.5752391],[74.4096184,40.5751268],[74.4083404,40.5750435],[74.4046496,40.5736093],[74.4018172,40.5719794],[74.39925,40.5710667],[74.3964099,40.5691759],[74.3952083,40.5673503],[74.3931483,40.5658507],[74.3899726,40.5650031],[74.3875693,40.5647422],[74.3864535,40.5663071],[74.3800162,40.5680675],[74.3746947,40.5672851],[74.3706607,40.5685891],[74.3686008,40.5717186],[74.3655967,40.5744568],[74.3624209,40.5762822],[74.359846,40.5777816],[74.3562411,40.5784335],[74.3522071,40.5788898],[74.350748,40.5777816],[74.3472289,40.577912],[74.3438815,40.578955],[74.3394183,40.5792158],[74.3348693,40.5809759],[74.3304919,40.5779772],[74.3257712,40.5766082],[74.3232822,40.5759562],[74.3201064,40.5780424],[74.3170165,40.5805847],[74.3124675,40.5802588],[74.3072318,40.5807151],[74.3046568,40.5830619],[74.2998503,40.5820189],[74.297447,40.5781076],[74.2928122,40.5752392],[74.2864607,40.5734138],[74.2826842,40.568198],[74.2770193,40.5685892],[74.266548,40.5684588],[74.2627714,40.5711971],[74.2524718,40.5700236],[74.2461203,40.5667636],[74.2373656,40.5657203],[74.2345332,40.5677415],[74.2282676,40.5664375],[74.2206287,40.5661767],[74.213848,40.5689803],[74.2109298,40.5655899],[74.20475,40.5644162],[74.1989135,40.5634382],[74.1936778,40.5645466],[74.188013,40.5652639],[74.1830348,40.5645466],[74.1766833,40.5648074],[74.1729926,40.5633078],[74.1679286,40.5629165],[74.1641521,40.5616776],[74.1595172,40.5598518],[74.1566848,40.558026],[74.1531657,40.5577651],[74.1527366,40.5550263],[74.1506766,40.5515047],[74.1493892,40.5486351],[74.1469001,40.5473307],[74.1452693,40.5452437],[74.1429519,40.5423086],[74.1414069,40.5382645],[74.1346263,40.5391125],[74.1318797,40.5380036],[74.1250991,40.5355249],[74.1204642,40.5333722],[74.1182326,40.531089],[74.1134261,40.5299799],[74.1099929,40.5276966],[74.1057872,40.5244998],[74.1020965,40.5260004],[74.0968608,40.5264571],[74.0945005,40.5261634],[74.0935134,40.522673],[74.0892219,40.5211724],[74.0852737,40.5210419],[74.0830421,40.5235212],[74.081068,40.5261961],[74.0786647,40.52861],[74.0757465,40.5301104],[74.0730857,40.5304366],[74.0687083,40.5312194],[74.064846,40.5335027],[74.0611553,40.5336005],[74.0556621,40.5336331],[74.0507697,40.5329808],[74.0478515,40.5356553],[74.0449332,40.5374166],[74.0408992,40.5388516],[74.0383243,40.5393082],[74.0354919,40.5408736],[74.0330886,40.5420477],[74.0281104,40.5421129],[74.0216731,40.5417216],[74.0175532,40.5420477],[74.014635,40.5439392],[74.0120601,40.5445262]]},"properties":{"@id":"way/1077107982","natural":"ridge"}},{"type":"Feature","geometry":{"type":"LineString","coordinates":[[74.2722129,40.5425695],[74.2755603,40.541852],[74.2784785,40.5417868]]},"properties":{"@id":"way/1077109147","natural":"ridge"}},{"type":"Feature","geometry":{"type":"LineString","coordinates":[[74.2711829,40.5490917],[74.2749595,40.5492221],[74.2784785,40.5495482]]},"properties":{"@id":"way/1077109148","natural":"ridge"}},{"type":"Feature","geometry":{"type":"LineString","coordinates":[[74.2559051,40.541852],[74.2577075,40.5380036],[74.2580508,40.5333722]]},"properties":{"@id":"way/1077109149","natural":"ridge"}},{"type":"Feature","geometry":{"type":"LineString","coordinates":[[74.264059,40.5347421],[74.2636298,40.5291319]]},"properties":{"@id":"way/1077109150","natural":"ridge"}},{"type":"Feature","geometry":{"type":"LineString","coordinates":[[74.2644881,40.5523525],[74.2683505,40.5505917],[74.2711829,40.5490917],[74.2725562,40.5455046],[74.2722129,40.5425695],[74.269123,40.5396996],[74.2666339,40.5363076],[74.264059,40.5347421],[74.2609691,40.5329155],[74.2597674,40.5307628]]},"properties":{"@id":"way/1077109151","natural":"ridge"}},{"type":"Feature","geometry":{"type":"LineString","coordinates":[[74.266548,40.5684588],[74.2665481,40.5649379],[74.2639732,40.5628513],[74.2629432,40.5601127],[74.2643165,40.558026],[74.2646598,40.5541785],[74.2644881,40.5523525],[74.2609691,40.5485047],[74.25848,40.5467438],[74.2572784,40.5443305],[74.2559051,40.541852],[74.2519569,40.5389168],[74.2487811,40.5370904],[74.2470645,40.5347421],[74.2448329,40.5323937],[74.2423438,40.5290666],[74.241743,40.5260004],[74.2402839,40.5228687],[74.2388248,40.5194107],[74.2383098,40.516605],[74.237709,40.5128204],[74.2370223,40.510145]]},"properties":{"@id":"way/1077109152","natural":"ridge"}},{"type":"Feature","geometry":{"type":"LineString","coordinates":[[74.2822551,40.5604387],[74.278221,40.5587433],[74.2765903,40.5559392],[74.2768478,40.5527438]]},"properties":{"@id":"way/1077109153","natural":"ridge"}},{"type":"Feature","geometry":{"type":"LineString","coordinates":[[74.2886924,40.5516351],[74.2874908,40.5485047],[74.2872333,40.5442001]]},"properties":{"@id":"way/1077109154","natural":"ridge"}},{"type":"Feature","geometry":{"type":"LineString","coordinates":[[74.2826842,40.568198],[74.2837142,40.5650031],[74.2822551,40.5604387],[74.28586,40.5576999],[74.2870616,40.5540481],[74.2886924,40.5516351],[74.2898082,40.5486351],[74.2922973,40.5445262]]},"properties":{"@id":"way/1077109155","natural":"ridge"}},{"type":"Feature","geometry":{"type":"LineString","coordinates":[[74.3316077,40.5582868],[74.3305778,40.5543089],[74.3295478,40.5507873]]},"properties":{"@id":"way/1077109156","natural":"ridge"}},{"type":"Feature","geometry":{"type":"LineString","coordinates":[[74.3062018,40.5539829],[74.3041419,40.5511786],[74.3034553,40.5465481]]},"properties":{"@id":"way/1077109157","natural":"ridge"}},{"type":"Feature","geometry":{"type":"LineString","coordinates":[[74.3425082,40.5689151],[74.3391608,40.5692411],[74.3344401,40.5693063],[74.3297195,40.5676763],[74.3267154,40.5652639],[74.3243121,40.5602431],[74.3229388,40.5570478],[74.3220805,40.5532003],[74.3203639,40.5503308],[74.3177032,40.5485699]]},"properties":{"@id":"way/1077109158","natural":"ridge"}},{"type":"Feature","geometry":{"type":"LineString","coordinates":[[74.327917,40.5706755],[74.3243121,40.5681327],[74.3197631,40.5656551],[74.3165015,40.5644814]]},"properties":{"@id":"way/1077109159","natural":"ridge"}},{"type":"Feature","geometry":{"type":"LineString","coordinates":[[74.3022536,40.559591],[74.2994212,40.5588737],[74.295988,40.5585477]]},"properties":{"@id":"way/1077109160","natural":"ridge"}},{"type":"Feature","geometry":{"type":"LineString","coordinates":[[74.3072318,40.5807151],[74.3067168,40.5775208],[74.3064593,40.5736745],[74.3041419,40.571523],[74.3035411,40.5681979],[74.3028545,40.5650031],[74.3023395,40.5621993],[74.3022536,40.559591],[74.3052577,40.5569174],[74.3062018,40.5539829],[74.3074035,40.5502656],[74.3096351,40.547396]]},"properties":{"@id":"way/1077109161","natural":"ridge"}},{"type":"Feature","geometry":{"type":"LineString","coordinates":[[74.3232822,40.5759562],[74.3243121,40.5736093],[74.327917,40.5706755],[74.3297195,40.5676763],[74.3304061,40.5641554],[74.3311786,40.5610908],[74.3316077,40.5582868],[74.3334102,40.5567218],[74.3359851,40.5550915],[74.3401767,40.5516458]]},"properties":{"@id":"way/1077109162","natural":"ridge"}},{"type":"Feature","geometry":{"type":"LineString","coordinates":[[74.350748,40.5777816],[74.3505763,40.5743264],[74.3506621,40.5707407],[74.3499755,40.5666331],[74.3489455,40.5628513],[74.3483447,40.559265],[74.3484305,40.5575043],[74.3461989,40.5529394]]},"properties":{"@id":"way/1077109163","natural":"ridge"}},{"type":"Feature","geometry":{"type":"LineString","coordinates":[[74.2864607,40.5734138],[74.2831992,40.5749132],[74.2820834,40.5769993]]},"properties":{"@id":"way/1077109164","natural":"ridge"}},{"type":"Feature","geometry":{"type":"LineString","coordinates":[[74.3019961,40.6014415],[74.3064593,40.6009202],[74.310665,40.6005944]]},"properties":{"@id":"way/1077109165","natural":"ridge"}},{"type":"Feature","geometry":{"type":"LineString","coordinates":[[74.2908382,40.5854084],[74.2869758,40.5844959],[74.2840575,40.5843003]]},"properties":{"@id":"way/1077109166","natural":"ridge"}},{"type":"Feature","geometry":{"type":"LineString","coordinates":[[74.2998503,40.5820189],[74.2947864,40.5833226],[74.2908382,40.5854084],[74.2890357,40.589189],[74.2877483,40.5927085],[74.286375,40.5960976]]},"properties":{"@id":"way/1077109167","natural":"ridge"}},{"type":"Feature","geometry":{"type":"LineString","coordinates":[[74.2999362,40.6041134],[74.2960738,40.6032662],[74.2916106,40.6033965],[74.2844867,40.6050257]]},"properties":{"@id":"way/1077109168","natural":"ridge"}},{"type":"Feature","geometry":{"type":"LineString","coordinates":[[74.2983913,40.6106295],[74.2928123,40.6103037],[74.2877483,40.609587],[74.2827701,40.6097824]]},"properties":{"@id":"way/1077109169","natural":"ridge"}},{"type":"Feature","geometry":{"type":"LineString","coordinates":[[74.2966746,40.6154511],[74.2921256,40.6153208],[74.2874049,40.6153859],[74.2806243,40.6144086]]},"properties":{"@id":"way/1077109170","natural":"ridge"}},{"type":"Feature","geometry":{"type":"LineString","coordinates":[[74.3125533,40.6244417],[74.3160724,40.6241811],[74.3207072,40.6236599]]},"properties":{"@id":"way/1077109171","natural":"ridge"}},{"type":"Feature","geometry":{"type":"LineString","coordinates":[[74.3060302,40.6321935],[74.3104076,40.6349292]]},"properties":{"@id":"way/1077109172","natural":"ridge"}},{"type":"Feature","geometry":{"type":"LineString","coordinates":[[74.3090343,40.6189041],[74.3072318,40.6209889],[74.3060302,40.6247674],[74.3062018,40.627764],[74.3060302,40.6321935],[74.3059444,40.6367529]]},"properties":{"@id":"way/1077109173","natural":"ridge"}},{"type":"Feature","geometry":{"type":"LineString","coordinates":[[74.2991637,40.6127145],[74.3018245,40.614995],[74.3054294,40.6168193],[74.3090343,40.6189041],[74.31118,40.6209237],[74.3125533,40.6244417],[74.3140124,40.6274383],[74.3152999,40.6288714],[74.3214797,40.6316072]]},"properties":{"@id":"way/1077109174","natural":"ridge"}},{"type":"Feature","geometry":{"type":"LineString","coordinates":[[74.2939281,40.6266566],[74.2940139,40.6292622],[74.2947864,40.6318678],[74.2975329,40.634864],[74.3008803,40.6376648]]},"properties":{"@id":"way/1077109175","natural":"ridge"}},{"type":"Feature","geometry":{"type":"LineString","coordinates":[[74.2908382,40.6288062],[74.2866325,40.6289365],[74.2836284,40.6280897]]},"properties":{"@id":"way/1077109176","natural":"ridge"}},{"type":"Feature","geometry":{"type":"LineString","coordinates":[[74.3046568,40.5830619],[74.3046569,40.5861906],[74.3033694,40.5900363],[74.302082,40.5947941],[74.3013095,40.5982483],[74.3019961,40.6014415],[74.2999362,40.6041134],[74.2996787,40.6073063],[74.2983913,40.6106295],[74.2991637,40.6127145],[74.2966746,40.6154511],[74.2956447,40.6194253],[74.2959022,40.6235948],[74.2939281,40.6266566],[74.2908382,40.6288062],[74.2886924,40.6323889],[74.2868041,40.6357108],[74.285345,40.6383161],[74.2810535,40.6420285]]},"properties":{"@id":"way/1077109177","natural":"ridge"}},{"type":"Feature","geometry":{"type":"LineString","coordinates":[[74.3661975,40.6017674],[74.3722915,40.5988348]]},"properties":{"@id":"way/1077109178","natural":"ridge"}},{"type":"Feature","geometry":{"type":"LineString","coordinates":[[74.3352126,40.6090657],[74.3398475,40.609196],[74.3438815,40.6092612]]},"properties":{"@id":"way/1077109179","natural":"ridge"}},{"type":"Feature","geometry":{"type":"LineString","coordinates":[[74.3428516,40.6160374],[74.3467139,40.6154511],[74.3510913,40.615842]]},"properties":{"@id":"way/1077109180","natural":"ridge"}},{"type":"Feature","geometry":{"type":"LineString","coordinates":[[74.3286895,40.6248325],[74.334526,40.6275686]]},"properties":{"@id":"way/1077109181","natural":"ridge"}},{"type":"Feature","geometry":{"type":"LineString","coordinates":[[74.3307494,40.6068502],[74.3300628,40.6103689],[74.3292903,40.6123236],[74.3282603,40.6157117],[74.328432,40.619295],[74.329462,40.6220313],[74.3286895,40.6248325],[74.3249988,40.6290017]]},"properties":{"@id":"way/1077109182","natural":"ridge"}},{"type":"Feature","geometry":{"type":"LineString","coordinates":[[74.3527221,40.6224221],[74.3489455,40.6205329],[74.3444823,40.6190344],[74.3428516,40.6160374],[74.3405341,40.6140177],[74.3389892,40.6115417],[74.3352126,40.6090657],[74.3307494,40.6068502],[74.329462,40.6041785],[74.3269729,40.6002685],[74.3257712,40.5967493],[74.324398,40.5929692],[74.3227672,40.5893193],[74.3204497,40.5869728],[74.3182181,40.5843655],[74.3170165,40.5805847],[74.3243121,40.5822796]]},"properties":{"@id":"way/1077109183","natural":"ridge"}},{"type":"Feature","geometry":{"type":"LineString","coordinates":[[74.359846,40.5777816],[74.3637942,40.5802588],[74.3684291,40.5837137]]},"properties":{"@id":"way/1077109184","natural":"ridge"}},{"type":"Feature","geometry":{"type":"LineString","coordinates":[[74.3655967,40.5744568],[74.3683433,40.5772601],[74.3733214,40.5833226]]},"properties":{"@id":"way/1077109185","natural":"ridge"}},{"type":"Feature","geometry":{"type":"LineString","coordinates":[[74.3598286,40.6116445],[74.3679999,40.6116069]]},"properties":{"@id":"way/1077109186","natural":"ridge"}},{"type":"Feature","geometry":{"type":"LineString","coordinates":[[74.360876,40.613301],[74.3594169,40.6157117],[74.3576144,40.6211843]]},"properties":{"@id":"way/1077109187","natural":"ridge"}},{"type":"Feature","geometry":{"type":"LineString","coordinates":[[74.3348693,40.5809759],[74.3348693,40.584887],[74.3362426,40.587038],[74.3412208,40.5910139],[74.3444823,40.5932951],[74.3468856,40.5956414],[74.3482589,40.5987045],[74.3515205,40.6026797],[74.3528937,40.6050908],[74.3554687,40.6075018],[74.3588161,40.6100431],[74.3598286,40.6116445],[74.360876,40.613301],[74.3634509,40.6165587],[74.3655967,40.6191647]]},"properties":{"@id":"way/1077109188","natural":"ridge"}},{"type":"Feature","geometry":{"type":"LineString","coordinates":[[74.3522071,40.5788898],[74.3516063,40.5839092],[74.3526363,40.5876898],[74.3560695,40.5908836],[74.3595027,40.5960976],[74.3634509,40.5991606],[74.3661975,40.6017674],[74.3672275,40.6050257],[74.3695449,40.609196]]},"properties":{"@id":"way/1077109189","natural":"ridge"}},{"type":"Feature","geometry":{"type":"LineString","coordinates":[[74.55744,40.54649],[74.5567846,40.5445588],[74.5554542,40.5426347],[74.55397,40.54087],[74.5535311,40.5400882],[74.5529651,40.5390799],[74.5524931,40.5379384],[74.5477294,40.5370904],[74.5427512,40.5357858],[74.5373439,40.5338941],[74.5327949,40.533046],[74.529705,40.5334374],[74.5244693,40.5327198],[74.5239543,40.5300452],[74.5232677,40.5280228],[74.5200061,40.5257394],[74.5189354,40.5250708],[74.5176028,40.5242388],[74.5172595,40.5216943],[74.5160579,40.5198675],[74.5163154,40.517649],[74.5145129,40.515822],[74.5110797,40.516344],[74.5062732,40.5166703],[74.5024966,40.516605],[74.5013123,40.516459],[74.4993209,40.5162135],[74.4982164,40.5158356],[74.4958877,40.515039],[74.4918536,40.5162135],[74.4894504,40.5179753],[74.4879912,40.5213681],[74.4834422,40.5209766],[74.479494,40.5203894],[74.4750308,40.5204547],[74.4725417,40.5207809],[74.4704818,40.5202589],[74.4660186,40.5207157],[74.4626712,40.5211724],[74.4583797,40.522412],[74.4560622,40.522934],[74.4545826,40.5233331],[74.4534015,40.5236517],[74.4496249,40.5237169],[74.4473075,40.5220206],[74.4464219,40.5213955],[74.4449042,40.5203242],[74.4424152,40.5179753],[74.4405269,40.515822],[74.4394111,40.5149738],[74.4381236,40.513995],[74.4346904,40.5119721],[74.4301414,40.5112543],[74.4281673,40.5124942],[74.4268165,40.5122683],[74.4249891,40.5119626],[74.4238757,40.5117764],[74.4226767,40.5117343],[74.4182967,40.5115806],[74.4166659,40.5087746],[74.4125461,40.5070779],[74.4092845,40.5050548],[74.4059371,40.5040106],[74.4022883,40.5060326],[74.4008731,40.5068168],[74.4000929,40.5069926],[74.3962382,40.507861],[74.3928908,40.5099492],[74.3904018,40.5129509],[74.3896949,40.513142],[74.3865394,40.513995],[74.381647,40.5128857],[74.3793296,40.5135382],[74.376068,40.510667],[74.3719482,40.5090356],[74.3683433,40.5079262],[74.3675403,40.5070486],[74.36697,40.5064253],[74.3648242,40.5029011],[74.3613052,40.5020527],[74.3587302,40.5014001],[74.3561156,40.5020214],[74.3546104,40.502379],[74.3504047,40.5028359],[74.3465423,40.504859],[74.3437099,40.503358],[74.3419932,40.5015306],[74.3432807,40.4975493],[74.344139,40.4936984],[74.3440532,40.4897819],[74.3417358,40.4878889],[74.3388175,40.4844291],[74.3353843,40.4824706],[74.3343044,40.4818839],[74.332981,40.4811649],[74.3299769,40.4806426],[74.3269729,40.4775742],[74.3234538,40.4766601],[74.3202781,40.474832],[74.317274,40.4714368],[74.3118667,40.4698697],[74.3086051,40.4677803],[74.3050002,40.4656907],[74.3008803,40.4661478],[74.2956447,40.4692821],[74.2915248,40.4707839],[74.2880916,40.4718939],[74.2820834,40.4724162],[74.2781352,40.4722203],[74.2733287,40.4726121],[74.2665481,40.4733956],[74.2611407,40.4731344],[74.2570209,40.4757461],[74.2522143,40.4771824],[74.2469787,40.4765296],[74.2439746,40.478227],[74.2397689,40.4794022],[74.2367648,40.4805773],[74.2339324,40.4831234],[74.2290401,40.4833845],[74.2242335,40.4810343],[74.2193412,40.4813608],[74.2164229,40.4807732],[74.210844,40.4826664],[74.2067241,40.4824053],[74.2006301,40.4827317],[74.1953086,40.4824706],[74.1905021,40.4842332],[74.186983,40.4869097],[74.1817474,40.4889333],[74.1765975,40.489325],[74.1698169,40.4895861],[74.1652679,40.4894555],[74.1603755,40.4905652],[74.1544532,40.4920013]]},"properties":{"@id":"way/1077109787","natural":"ridge"}},{"type":"Feature","geometry":{"type":"LineString","coordinates":[[74.3343044,40.4818839],[74.3357276,40.4799245],[74.3368434,40.4765622]]},"properties":{"@id":"way/1077149231","natural":"ridge"}},{"type":"Feature","geometry":{"type":"LineString","coordinates":[[74.3269729,40.4775742],[74.3286466,40.475746],[74.3305349,40.474277],[74.3351697,40.4723182],[74.336543,40.46938]]},"properties":{"@id":"way/1077149232","natural":"ridge"}},{"type":"Feature","geometry":{"type":"LineString","coordinates":[[74.3454931,40.4793071],[74.3417358,40.4761378]]},"properties":{"@id":"way/1077149233","natural":"ridge"}},{"type":"Feature","geometry":{"type":"LineString","coordinates":[[74.3460273,40.4559604],[74.340105,40.4528908]]},"properties":{"@id":"way/1077149234","natural":"ridge"}},{"type":"Feature","geometry":{"type":"LineString","coordinates":[[74.3487808,40.4736008],[74.3452548,40.4729386],[74.3418216,40.470588],[74.33959,40.4689556]]},"properties":{"@id":"way/1077149235","natural":"ridge"}},{"type":"Feature","geometry":{"type":"LineString","coordinates":[[74.3440532,40.4897819],[74.3480014,40.4880847],[74.3509196,40.4861916],[74.3532371,40.4840374],[74.3545245,40.4830581]]},"properties":{"@id":"way/1077149236","natural":"ridge"}},{"type":"Feature","geometry":{"type":"LineString","coordinates":[[74.3546104,40.4718939],[74.3587302,40.4729386],[74.3620776,40.4735915]]},"properties":{"@id":"way/1077149237","natural":"ridge"}},{"type":"Feature","geometry":{"type":"LineString","coordinates":[[74.3489455,40.4717633],[74.3546104,40.4718939],[74.3588161,40.4694127],[74.3626784,40.4672579],[74.3655109,40.4658866]]},"properties":{"@id":"way/1077149238","natural":"ridge"}},{"type":"Feature","geometry":{"type":"LineString","coordinates":[[74.348688,40.4746361],[74.3525504,40.4757461],[74.3565845,40.476856],[74.3613052,40.4778353]]},"properties":{"@id":"way/1077149239","natural":"ridge"}},{"type":"Feature","geometry":{"type":"LineString","coordinates":[[74.3611335,40.4568094],[74.3607902,40.4535439],[74.360876,40.4492985]]},"properties":{"@id":"way/1077149240","natural":"ridge"}},{"type":"Feature","geometry":{"type":"LineString","coordinates":[[74.3496322,40.4636011],[74.3535804,40.4605971],[74.3566703,40.4585074],[74.3611335,40.4568094],[74.3655967,40.4561563],[74.3697166,40.4555032]]},"properties":{"@id":"way/1077149241","natural":"ridge"}},{"type":"Feature","geometry":{"type":"LineString","coordinates":[[74.3417358,40.4878889],[74.3431949,40.4839068],[74.3443107,40.4806426],[74.3454931,40.4793071],[74.3471431,40.4774436],[74.348688,40.4746361],[74.3487808,40.4736008],[74.3489455,40.4717633],[74.349203,40.4676497],[74.3496322,40.4636011],[74.3477439,40.4600094],[74.3460273,40.4559604],[74.3464564,40.4526295],[74.3454265,40.4491026],[74.345169,40.4461633],[74.3439674,40.4436158]]},"properties":{"@id":"way/1077149242","natural":"ridge"}},{"type":"Feature","geometry":{"type":"LineString","coordinates":[[74.3561156,40.5020214],[74.3560695,40.4983978],[74.356327,40.4928498]]},"properties":{"@id":"way/1077149243","natural":"ridge"}},{"type":"Feature","geometry":{"type":"LineString","coordinates":[[74.377023,40.5012595],[74.3783855,40.4983978],[74.3798446,40.4935025]]},"properties":{"@id":"way/1077149244","natural":"ridge"}},{"type":"Feature","geometry":{"type":"LineString","coordinates":[[74.3673563,40.4958196],[74.3650817,40.4936984],[74.3619918,40.4912832],[74.3592452,40.4896514]]},"properties":{"@id":"way/1077149245","natural":"ridge"}},{"type":"Feature","geometry":{"type":"LineString","coordinates":[[74.3692016,40.4737874],[74.3656825,40.4735915]]},"properties":{"@id":"way/1077149246","natural":"ridge"}},{"type":"Feature","geometry":{"type":"LineString","coordinates":[[74.3697166,40.4679109],[74.3701457,40.4707186],[74.3692016,40.4737874],[74.3698882,40.4767907],[74.3703174,40.4799898],[74.3698882,40.4830581],[74.3694591,40.4862569],[74.3694591,40.4899777],[74.3687724,40.4932415],[74.3673563,40.4958196],[74.366498,40.4993441],[74.3648242,40.5029011],[74.3689012,40.502379],[74.3734932,40.5016611],[74.377023,40.5012595],[74.3789434,40.5010411],[74.3831062,40.4998989]]},"properties":{"@id":"way/1077149247","natural":"ridge"}},{"type":"Feature","geometry":{"type":"LineString","coordinates":[[74.381647,40.5128857],[74.3810462,40.5089703],[74.3807887,40.5056421]]},"properties":{"@id":"way/1077149248","natural":"ridge"}},{"type":"Feature","geometry":{"type":"LineString","coordinates":[[74.3928908,40.5099492],[74.3894576,40.5066863],[74.3871402,40.5014653]]},"properties":{"@id":"way/1077149249","natural":"ridge"}},{"type":"Feature","geometry":{"type":"LineString","coordinates":[[74.3860244,40.4720898],[74.3827628,40.4735262],[74.3772697,40.4740485]]},"properties":{"@id":"way/1077149250","natural":"ridge"}},{"type":"Feature","geometry":{"type":"LineString","coordinates":[[74.4236182,40.4803815],[74.4176959,40.4809691],[74.4139194,40.4803162],[74.409542,40.4803815],[74.4077396,40.4772477],[74.4062804,40.4737874],[74.4043922,40.469935]]},"properties":{"@id":"way/1077149251","natural":"ridge"}},{"type":"Feature","geometry":{"type":"LineString","coordinates":[[74.4130611,40.4766601],[74.410572,40.4740485],[74.4097137,40.4702615],[74.4097137,40.4656254]]},"properties":{"@id":"way/1077149252","natural":"ridge"}},{"type":"Feature","geometry":{"type":"LineString","coordinates":[[74.4019889,40.4921318],[74.4047355,40.4891291],[74.4067954,40.4861916],[74.4075679,40.4824706],[74.409542,40.4803815],[74.4115161,40.4780965],[74.4130611,40.4766601],[74.4158935,40.4737874],[74.4172668,40.4702615],[74.4181251,40.4673232],[74.4210433,40.4645806]]},"properties":{"@id":"way/1077149253","natural":"ridge"}},{"type":"Feature","geometry":{"type":"LineString","coordinates":[[74.4051646,40.4963745],[74.4110011,40.4945469],[74.4152068,40.4927193],[74.420185,40.4903041],[74.4246482,40.486975]]},"properties":{"@id":"way/1077149254","natural":"ridge"}},{"type":"Feature","geometry":{"type":"LineString","coordinates":[[74.3840503,40.4936984],[74.3894576,40.4940247],[74.3940925,40.492654],[74.3985557,40.4906958],[74.3950366,40.4903041],[74.3916034,40.4890639],[74.3875693,40.48815],[74.3830203,40.4858]]},"properties":{"@id":"way/1077149255","natural":"ridge"}},{"type":"Feature","geometry":{"type":"LineString","coordinates":[[74.3939208,40.4831887],[74.3891143,40.4829276],[74.3838786,40.4831234],[74.3809604,40.4824053]]},"properties":{"@id":"way/1077149256","natural":"ridge"}},{"type":"Feature","geometry":{"type":"LineString","coordinates":[[74.3819903,40.4665396],[74.3785571,40.4647765],[74.3743514,40.4630787]]},"properties":{"@id":"way/1077149257","natural":"ridge"}},{"type":"Feature","geometry":{"type":"LineString","coordinates":[[74.3809604,40.4789452],[74.3848228,40.4791411],[74.3886851,40.4778353],[74.3911742,40.4756155],[74.3924617,40.4722856],[74.3944358,40.4701309],[74.3992423,40.467715],[74.4021606,40.4653642]]},"properties":{"@id":"way/1077149258","natural":"ridge"}},{"type":"Feature","geometry":{"type":"LineString","coordinates":[[74.4059371,40.5040106],[74.4061088,40.5010737],[74.4051646,40.4963745],[74.4019889,40.4921318],[74.3985557,40.4906958],[74.3971824,40.4879542],[74.3953799,40.4856694],[74.3939208,40.4831887],[74.3932342,40.4796634],[74.3911742,40.4756155],[74.3885135,40.4746361],[74.3860244,40.4720898],[74.3844794,40.4685638],[74.3819903,40.4665396],[74.3801021,40.4630787],[74.3782138,40.4604012],[74.3768405,40.4570053]]},"properties":{"@id":"way/1077149259","natural":"ridge"}},{"type":"Feature","geometry":{"type":"LineString","coordinates":[[74.3411419,40.5016457],[74.3393325,40.4995399],[74.3371868,40.4977125],[74.3333244,40.4953301]]},"properties":{"@id":"way/1077149260","natural":"ridge"}},{"type":"Feature","geometry":{"type":"LineString","coordinates":[[74.3213081,40.4984631],[74.3207502,40.4963744],[74.3206644,40.4951343],[74.3219947,40.492654]]},"properties":{"@id":"way/1077149261","natural":"ridge"}},{"type":"Feature","geometry":{"type":"LineString","coordinates":[[74.3419932,40.5015306],[74.3411419,40.5016457],[74.3381309,40.5020527],[74.3352985,40.5018569],[74.3316077,40.5016611],[74.328432,40.5010085],[74.3255996,40.4998337],[74.3213081,40.4984631],[74.3181323,40.4980062],[74.3155574,40.4966356],[74.3125533,40.494808],[74.3100642,40.4922624],[74.3074893,40.4910874]]},"properties":{"@id":"way/1077149262","natural":"ridge"}},{"type":"Feature","geometry":{"type":"LineString","coordinates":[[74.3147555,40.5318766],[74.3148707,40.5353292],[74.3146991,40.5378079]]},"properties":{"@id":"way/1077149263","natural":"ridge"}},{"type":"Feature","geometry":{"type":"LineString","coordinates":[[74.2723846,40.5135382],[74.2698955,40.5143212],[74.2668056,40.515039],[74.2619132,40.5157568],[74.25642,40.5164745]]},"properties":{"@id":"way/1077149264","natural":"ridge"}},{"type":"Feature","geometry":{"type":"LineString","coordinates":[[74.2940997,40.5188887],[74.2934989,40.5220206],[74.2931556,40.5262613],[74.2932414,40.5291319]]},"properties":{"@id":"way/1077149265","natural":"ridge"}},{"type":"Feature","geometry":{"type":"LineString","coordinates":[[74.3021678,40.5247608],[74.3043136,40.5261309],[74.3044852,40.52861],[74.3046569,40.532198]]},"properties":{"@id":"way/1077149266","natural":"ridge"}},{"type":"Feature","geometry":{"type":"LineString","coordinates":[[74.3038844,40.5198022],[74.3030261,40.5221511],[74.3021678,40.5247608],[74.300537,40.5282838],[74.301052,40.5324589],[74.3001079,40.5348725],[74.2998504,40.5372861]]},"properties":{"@id":"way/1077149267","natural":"ridge"}},{"type":"Feature","geometry":{"type":"LineString","coordinates":[[74.3065452,40.5190192],[74.3075751,40.5207157],[74.3086909,40.5231297]]},"properties":{"@id":"way/1077149268","natural":"ridge"}},{"type":"Feature","geometry":{"type":"LineString","coordinates":[[74.3148707,40.5279576],[74.3213062,40.5276635],[74.3220805,40.5301757],[74.3236255,40.5329155],[74.3249988,40.5355249],[74.3255138,40.5401561]]},"properties":{"@id":"way/1077149269","natural":"ridge"}},{"type":"Feature","geometry":{"type":"LineString","coordinates":[[74.3303203,40.5159525],[74.3282603,40.5188235],[74.3270587,40.5223468],[74.324398,40.5252827],[74.3213062,40.5276635],[74.3211865,40.5285523],[74.3192481,40.5296538],[74.3161034,40.5308644],[74.3147555,40.5318766],[74.3117808,40.5342855],[74.3067558,40.5373477]]},"properties":{"@id":"way/1077149270","natural":"ridge"}},{"type":"Feature","geometry":{"type":"LineString","coordinates":[[74.3200206,40.513473],[74.3198489,40.5103407],[74.3184756,40.5070126],[74.3175315,40.5047285]]},"properties":{"@id":"way/1077149271","natural":"ridge"}},{"type":"Feature","geometry":{"type":"LineString","coordinates":[[74.313142,40.5108415],[74.3085193,40.5096882],[74.3051719,40.5084483]]},"properties":{"@id":"way/1077149272","natural":"ridge"}},{"type":"Feature","geometry":{"type":"LineString","coordinates":[[74.3161582,40.5203242],[74.3151282,40.517388],[74.3142699,40.5151695],[74.3134975,40.5121026],[74.313142,40.5108415],[74.3124675,40.5084483],[74.3094634,40.5057727],[74.3075751,40.5024443],[74.3062018,40.4997684],[74.3042277,40.4966356],[74.3014812,40.4939595],[74.3001937,40.4931109]]},"properties":{"@id":"way/1077149273","natural":"ridge"}},{"type":"Feature","geometry":{"type":"LineString","coordinates":[[74.2987346,40.5174533],[74.2986487,40.514256],[74.2968463,40.510928],[74.2968463,40.5055116],[74.2962455,40.5027706],[74.2959022,40.4992463],[74.2953014,40.4967661],[74.2933272,40.494808],[74.2916106,40.4932415]]},"properties":{"@id":"way/1077149274","natural":"ridge"}},{"type":"Feature","geometry":{"type":"LineString","coordinates":[[74.2812251,40.5068168],[74.2793368,40.504598],[74.2773627,40.5010737],[74.2762469,40.4975493],[74.2735862,40.4959176],[74.2712688,40.4949385]]},"properties":{"@id":"way/1077149275","natural":"ridge"}},{"type":"Feature","geometry":{"type":"LineString","coordinates":[[74.2819976,40.4975493],[74.2847442,40.4936331]]},"properties":{"@id":"way/1077149276","natural":"ridge"}},{"type":"Feature","geometry":{"type":"LineString","coordinates":[[74.2814826,40.5302409],[74.2822551,40.5274357],[74.2827701,40.5246955],[74.2835425,40.5214986],[74.2838,40.5177795],[74.2829417,40.514256],[74.2818259,40.5102102],[74.2812251,40.5068168],[74.2829417,40.5032927],[74.2825126,40.5002905],[74.2819976,40.4975493],[74.2781352,40.4946122]]},"properties":{"@id":"way/1077149277","natural":"ridge"}},{"type":"Feature","geometry":{"type":"LineString","coordinates":[[74.2668056,40.5098839],[74.2669772,40.5069473],[74.2672347,40.5040759],[74.268093,40.5010737],[74.2677497,40.4975493],[74.2656898,40.4950038]]},"properties":{"@id":"way/1077149278","natural":"ridge"}},{"type":"Feature","geometry":{"type":"LineString","coordinates":[[74.2535876,40.5085788],[74.2504119,40.5055769],[74.2481803,40.5025748]]},"properties":{"@id":"way/1077149279","natural":"ridge"}},{"type":"Feature","geometry":{"type":"LineString","coordinates":[[74.3409633,40.5127552],[74.3358993,40.514256],[74.3303203,40.5159525],[74.3258571,40.5146475],[74.3200206,40.513473],[74.3142699,40.5151695],[74.3098926,40.5167355],[74.3065452,40.5190192],[74.3038844,40.5198022],[74.3012237,40.5183015],[74.2987346,40.5174533],[74.2940997,40.5188887],[74.291954,40.51791],[74.2881774,40.517649],[74.2838,40.5177795],[74.2796802,40.5166703],[74.2749595,40.5154958],[74.2723846,40.5135382],[74.2698955,40.5115153],[74.2668056,40.5098839],[74.2613124,40.5089703],[74.2571067,40.5089051],[74.2535876,40.5085788],[74.2504977,40.507861],[74.2462062,40.5075999],[74.2425155,40.5071431],[74.2387389,40.5060337]]},"properties":{"@id":"way/1077149280","natural":"ridge"}},{"type":"Feature","geometry":{"type":"LineString","coordinates":[[74.3408774,40.525087],[74.33856,40.5255437],[74.3342685,40.5273052]]},"properties":{"@id":"way/1077149281","natural":"ridge"}},{"type":"Feature","geometry":{"type":"LineString","coordinates":[[74.3389892,40.5353944],[74.3357276,40.5378079],[74.3312644,40.5414607]]},"properties":{"@id":"way/1077149282","natural":"ridge"}},{"type":"Feature","geometry":{"type":"LineString","coordinates":[[74.3445682,40.5223468],[74.3408774,40.525087],[74.34062,40.5279576],[74.3405341,40.5307628],[74.3389892,40.5353944],[74.3404483,40.5390473],[74.3412957,40.5424576]]},"properties":{"@id":"way/1077149283","natural":"ridge"}},{"type":"Feature","geometry":{"type":"LineString","coordinates":[[74.3558978,40.5413954],[74.3527221,40.5430261],[74.3481731,40.5453089]]},"properties":{"@id":"way/1077149284","natural":"ridge"}},{"type":"Feature","geometry":{"type":"LineString","coordinates":[[74.3465423,40.504859],[74.3453406,40.508122],[74.3430232,40.5102102],[74.3409633,40.5127552],[74.3439674,40.5162788],[74.3444823,40.5196065],[74.3445682,40.5223468],[74.3474006,40.5258046],[74.3490314,40.5282185],[74.3494605,40.5318718],[74.3513488,40.5340245],[74.3522929,40.5364381],[74.3543529,40.5385254],[74.3558978,40.5413954],[74.3583011,40.5432217],[74.3610477,40.5443305],[74.3645667,40.5458959]]},"properties":{"@id":"way/1077149285","natural":"ridge"}},{"type":"Feature","geometry":{"type":"LineString","coordinates":[[74.3776837,40.5222917],[74.3732786,40.5227382],[74.3677854,40.523358],[74.3615627,40.5251848]]},"properties":{"@id":"way/1077149286","natural":"ridge"}},{"type":"Feature","geometry":{"type":"LineString","coordinates":[[74.3757247,40.5272399],[74.3723344,40.5272725],[74.3686437,40.5276966],[74.3620777,40.529458]]},"properties":{"@id":"way/1077149287","natural":"ridge"}},{"type":"Feature","geometry":{"type":"LineString","coordinates":[[74.3743514,40.532198],[74.3705749,40.5331765],[74.3675708,40.5344159],[74.3644809,40.5357858]]},"properties":{"@id":"way/1077149288","natural":"ridge"}},{"type":"Feature","geometry":{"type":"LineString","coordinates":[[74.3782138,40.5211724],[74.3814754,40.5212376],[74.3844794,40.5225425],[74.3863677,40.5252175],[74.3885135,40.5276966],[74.389286,40.5311542],[74.3896293,40.5347421],[74.3914317,40.5381993],[74.3922042,40.5411998],[74.3954658,40.5455698]]},"properties":{"@id":"way/1077149289","natural":"ridge"}},{"type":"Feature","geometry":{"type":"LineString","coordinates":[[74.3761539,40.5298495],[74.3743514,40.532198],[74.3728923,40.5351987],[74.3722056,40.5393734],[74.3726348,40.5436131],[74.3706607,40.5462872],[74.3697166,40.5474612]]},"properties":{"@id":"way/1077149290","natural":"ridge"}},{"type":"Feature","geometry":{"type":"LineString","coordinates":[[74.3793296,40.5135382],[74.378643,40.5168008],[74.3787288,40.518693],[74.3782138,40.5211724],[74.3776837,40.5222917],[74.3766688,40.5244346],[74.3757247,40.5272399],[74.3761539,40.5298495],[74.3782138,40.5325894],[74.3788146,40.5359815],[74.3792438,40.5395039],[74.3789863,40.5423086],[74.3785571,40.5455698]]},"properties":{"@id":"way/1077149291","natural":"ridge"}},{"type":"Feature","geometry":{"type":"LineString","coordinates":[[74.4019889,40.5342855],[74.4050788,40.5347421],[74.4085979,40.5353292]]},"properties":{"@id":"way/1077149292","natural":"ridge"}},{"type":"Feature","geometry":{"type":"LineString","coordinates":[[74.3904018,40.5129509],[74.3927254,40.514339],[74.3940066,40.5151043],[74.3955516,40.5184973],[74.398384,40.522673],[74.4001006,40.5267833],[74.4016456,40.5301104],[74.4019889,40.5342855],[74.4003581,40.5385254],[74.3988132,40.541852],[74.3982123,40.5442001]]},"properties":{"@id":"way/1077149293","natural":"ridge"}},{"type":"Feature","geometry":{"type":"LineString","coordinates":[[74.4405269,40.515822],[74.4445609,40.5141907],[74.4495391,40.5127552]]},"properties":{"@id":"way/1077149294","natural":"ridge"}},{"type":"Feature","geometry":{"type":"LineString","coordinates":[[74.4346904,40.5119721],[74.4388103,40.5108628],[74.4446467,40.5097534]]},"properties":{"@id":"way/1077149295","natural":"ridge"}},{"type":"Feature","geometry":{"type":"LineString","coordinates":[[74.4464219,40.5213955],[74.4490241,40.519737],[74.4514274,40.5175838],[74.4540881,40.5135382]]},"properties":{"@id":"way/1077149296","natural":"ridge"}},{"type":"Feature","geometry":{"type":"LineString","coordinates":[[74.4163226,40.5148433],[74.4187259,40.5166703],[74.421215,40.5198675]]},"properties":{"@id":"way/1077149297","natural":"ridge"}},{"type":"Feature","geometry":{"type":"LineString","coordinates":[[74.4182967,40.5115806],[74.4176052,40.5127234],[74.4163226,40.5148433],[74.4131469,40.5175838],[74.4134044,40.5205852],[74.4150352,40.5237821],[74.4153785,40.5273704],[74.4144343,40.5305018],[74.4152068,40.5340898]]},"properties":{"@id":"way/1077149298","natural":"ridge"}},{"type":"Feature","geometry":{"type":"LineString","coordinates":[[74.4259027,40.5285792],[74.4273948,40.5306323],[74.4301414,40.5346768]]},"properties":{"@id":"way/1077149299","natural":"ridge"}},{"type":"Feature","geometry":{"type":"LineString","coordinates":[[74.4281673,40.5124942],[74.4279098,40.515039],[74.4281813,40.5166647],[74.4285964,40.5191497],[74.4272231,40.5231297],[74.4264506,40.5273052],[74.4259027,40.5285792],[74.4249915,40.5306976],[74.4225024,40.5348725]]},"properties":{"@id":"way/1077149300","natural":"ridge"}},{"type":"Feature","geometry":{"type":"LineString","coordinates":[[74.4394111,40.529458],[74.4422435,40.5317413],[74.4449042,40.5329808],[74.440441,40.5337636],[74.4362353,40.5336331]]},"properties":{"@id":"way/1077149301","natural":"ridge"}},{"type":"Feature","geometry":{"type":"LineString","coordinates":[[74.4306563,40.5533959],[74.4285964,40.5556784],[74.4263648,40.5573087],[74.4238757,40.5593954],[74.420185,40.5606343],[74.4150352,40.5612864]]},"properties":{"@id":"way/1077149302","natural":"ridge"}},{"type":"Feature","geometry":{"type":"LineString","coordinates":[[74.4317721,40.5460915],[74.4320296,40.5490264],[74.431343,40.5514395],[74.4306563,40.5533959],[74.4326305,40.5567218],[74.4344329,40.559591],[74.4370936,40.5630469]]},"properties":{"@id":"way/1077149303","natural":"ridge"}},{"type":"Feature","geometry":{"type":"LineString","coordinates":[[74.4446467,40.5389168],[74.4477367,40.5402214],[74.4519424,40.5419173],[74.4550323,40.5436131],[74.4578647,40.5455046]]},"properties":{"@id":"way/1077149304","natural":"ridge"}},{"type":"Feature","geometry":{"type":"LineString","coordinates":[[74.4477367,40.5487003],[74.4543456,40.5484395],[74.4583797,40.5490264]]},"properties":{"@id":"way/1077149305","natural":"ridge"}},{"type":"Feature","geometry":{"type":"LineString","coordinates":[[74.4423293,40.5421782],[74.4459342,40.5447871],[74.4472646,40.5464828],[74.4477367,40.5487003],[74.4490242,40.5519286],[74.4495391,40.5544393],[74.4477796,40.5580912],[74.4464492,40.5605039],[74.4446467,40.5632426]]},"properties":{"@id":"way/1077149306","natural":"ridge"}},{"type":"Feature","geometry":{"type":"LineString","coordinates":[[74.427309,40.5455046],[74.4263648,40.5423086],[74.4267081,40.5388516]]},"properties":{"@id":"way/1077149307","natural":"ridge"}},{"type":"Feature","geometry":{"type":"LineString","coordinates":[[74.4168376,40.5424391],[74.4180392,40.5402214],[74.4183826,40.5384602]]},"properties":{"@id":"way/1077149308","natural":"ridge"}},{"type":"Feature","geometry":{"type":"LineString","coordinates":[[74.4174384,40.5485047],[74.4166659,40.5507221],[74.4170951,40.5527438],[74.4182109,40.5538524]]},"properties":{"@id":"way/1077149309","natural":"ridge"}},{"type":"Feature","geometry":{"type":"LineString","coordinates":[[74.4211291,40.5455698],[74.4190692,40.5435479],[74.4168376,40.5424391],[74.4127177,40.5429609],[74.4097137,40.5429609],[74.4061088,40.5428304]]},"properties":{"@id":"way/1077149310","natural":"ridge"}},{"type":"Feature","geometry":{"type":"LineString","coordinates":[[74.4496249,40.5237169],[74.4498824,40.5261961],[74.4466209,40.5291971],[74.4449042,40.5329808],[74.4455909,40.5359815],[74.4446467,40.5389168],[74.4423293,40.5421782],[74.4367503,40.5441349],[74.4317721,40.5460915],[74.427309,40.5455046],[74.4240474,40.5453741],[74.4211291,40.5455698],[74.4192409,40.5472003],[74.4174384,40.5485047],[74.4140052,40.5484395],[74.4110011,40.5475916],[74.4082545,40.5471351],[74.4037055,40.5481134],[74.3997573,40.5488308],[74.3964099,40.5483743]]},"properties":{"@id":"way/1077149311","natural":"ridge"}},{"type":"Feature","geometry":{"type":"LineString","coordinates":[[74.4383811,40.4813608],[74.4419002,40.4798592],[74.4445609,40.475942],[74.4469642,40.4733956]]},"properties":{"@id":"way/1077149312","natural":"ridge"}},{"type":"Feature","geometry":{"type":"LineString","coordinates":[[74.458196,40.4939724],[74.4611262,40.4959829],[74.464817,40.4990505]]},"properties":{"@id":"way/1077149313","natural":"ridge"}},{"type":"Feature","geometry":{"type":"LineString","coordinates":[[74.4462775,40.4951343],[74.4516849,40.4977451],[74.4559764,40.5006169],[74.4580363,40.5042716],[74.4590663,40.5074041]]},"properties":{"@id":"way/1077149314","natural":"ridge"}},{"type":"Feature","geometry":{"type":"LineString","coordinates":[[74.4685195,40.4902165],[74.4681644,40.4861916],[74.468336,40.4812955]]},"properties":{"@id":"way/1077149315","natural":"ridge"}},{"type":"Feature","geometry":{"type":"LineString","coordinates":[[74.4551181,40.4816219],[74.4543456,40.478227],[74.4533156,40.4760072],[74.453659,40.4729386]]},"properties":{"@id":"way/1077149316","natural":"ridge"}},{"type":"Feature","geometry":{"type":"LineString","coordinates":[[74.4314288,40.4935678],[74.436407,40.4952649],[74.4383811,40.497223],[74.4399261,40.5000295],[74.4431018,40.502118],[74.4471358,40.5043369],[74.4517707,40.5064253],[74.4548606,40.5079915]]},"properties":{"@id":"way/1077149317","natural":"ridge"}},{"type":"Feature","geometry":{"type":"LineString","coordinates":[[74.4403552,40.4879542],[74.4350337,40.4875625],[74.4310855,40.4867139]]},"properties":{"@id":"way/1077149318","natural":"ridge"}},{"type":"Feature","geometry":{"type":"LineString","coordinates":[[74.4644736,40.4804468],[74.4598388,40.4809691],[74.4551181,40.4816219],[74.4517707,40.484886],[74.4494533,40.4874319],[74.4473933,40.4913485],[74.4462775,40.4951343],[74.443016,40.4914138],[74.4403552,40.4879542],[74.4392394,40.4849513],[74.4383811,40.4813608],[74.4366645,40.4790105],[74.4352912,40.4753543],[74.432373,40.4731997],[74.4309997,40.4707186],[74.4286822,40.468172],[74.4268798,40.4649724]]},"properties":{"@id":"way/1077149319","natural":"ridge"}},{"type":"Feature","geometry":{"type":"LineString","coordinates":[[74.4301414,40.5112543],[74.4298839,40.5083178],[74.4327163,40.504859],[74.4355487,40.5035538],[74.4370936,40.5014653],[74.4399261,40.5000295],[74.4426726,40.4972882],[74.4462775,40.4951343],[74.4520282,40.4941553],[74.4563197,40.4942205],[74.458196,40.4939724],[74.4602679,40.4936984],[74.4649028,40.4914791],[74.4685195,40.4902165],[74.4701385,40.4896514],[74.4734,40.4892597],[74.4768333,40.4879542],[74.4788074,40.4863222]]},"properties":{"@id":"way/1077149320","natural":"ridge"}},{"type":"Feature","geometry":{"type":"LineString","coordinates":[[74.4873046,40.4944164],[74.491167,40.4918054],[74.4942569,40.4888028]]},"properties":{"@id":"way/1077149321","natural":"ridge"}},{"type":"Feature","geometry":{"type":"LineString","coordinates":[[74.4704818,40.5202589],[74.470396,40.5173228],[74.4715976,40.5136035],[74.4745158,40.5112543],[74.4775199,40.5072736],[74.4803523,40.5038148],[74.4827556,40.5009432],[74.4854163,40.4970272],[74.4873046,40.4944164],[74.4862746,40.490761],[74.4847297,40.48815],[74.4835281,40.4863875]]},"properties":{"@id":"way/1077149322","natural":"ridge"}},{"type":"Feature","geometry":{"type":"LineString","coordinates":[[74.4700526,40.5478525],[74.4679069,40.5498743],[74.4657611,40.5534611]]},"properties":{"@id":"way/1077149323","natural":"ridge"}},{"type":"Feature","geometry":{"type":"LineString","coordinates":[[74.4725417,40.5207809],[74.4727019,40.5212557],[74.4731964,40.5227219],[74.4734,40.5233254],[74.4732284,40.5276314],[74.4708251,40.5325241],[74.469366,40.5351335],[74.4694518,40.5382645],[74.469881,40.5417216],[74.470396,40.5451784],[74.4700526,40.5478525],[74.4729709,40.5501351],[74.4760608,40.5535264]]},"properties":{"@id":"way/1077149324","natural":"ridge"}},{"type":"Feature","geometry":{"type":"LineString","coordinates":[[74.4848155,40.5417868],[74.4875621,40.5445914],[74.4894504,40.5472003]]},"properties":{"@id":"way/1077149325","natural":"ridge"}},{"type":"Feature","geometry":{"type":"LineString","coordinates":[[74.4830131,40.5460915],[74.4852447,40.5474612],[74.4869613,40.5494178]]},"properties":{"@id":"way/1077149326","natural":"ridge"}},{"type":"Feature","geometry":{"type":"LineString","coordinates":[[74.4885921,40.5249565],[74.4869613,40.5284795],[74.4848155,40.5318718],[74.485588,40.5356553],[74.485588,40.5378079],[74.4848155,40.5417868],[74.4830131,40.5446567],[74.4830131,40.5460915],[74.4834422,40.5498743],[74.4832706,40.5515047]]},"properties":{"@id":"way/1077149327","natural":"ridge"}},{"type":"Feature","geometry":{"type":"LineString","coordinates":[[74.4879912,40.5213681],[74.4885921,40.5249565],[74.490652,40.5275661],[74.491167,40.5279575],[74.4931411,40.529458],[74.4942569,40.5328503],[74.4951152,40.5371556],[74.4952869,40.5411998],[74.4951152,40.545048]]},"properties":{"@id":"way/1077149328","natural":"ridge"}},{"type":"Feature","geometry":{"type":"LineString","coordinates":[[74.5101561,40.5061762],[74.5136118,40.5036516],[74.5161867,40.5021506],[74.5186758,40.5000294],[74.5195341,40.497843]]},"properties":{"@id":"way/1077149329","natural":"ridge"}},{"type":"Feature","geometry":{"type":"LineString","coordinates":[[74.5132255,40.5104712],[74.519577,40.5083504],[74.5242548,40.506001],[74.5276451,40.5034558],[74.5294046,40.5014]]},"properties":{"@id":"way/1077149330","natural":"ridge"}},{"type":"Feature","geometry":{"type":"LineString","coordinates":[[74.5125631,40.5095539],[74.5153284,40.5079914],[74.518547,40.5056095],[74.5212078,40.5030643],[74.5232677,40.5006495]]},"properties":{"@id":"way/1077149331","natural":"ridge"}},{"type":"Feature","geometry":{"type":"LineString","coordinates":[[74.4958877,40.515039],[74.4948577,40.5117764],[74.4943427,40.5079915],[74.4932269,40.504859]]},"properties":{"@id":"way/1077149332","natural":"ridge"}},{"type":"Feature","geometry":{"type":"LineString","coordinates":[[74.512968,40.493731],[74.5120239,40.4983978],[74.5113372,40.5012042],[74.5089339,40.5044022],[74.5050716,40.5034885],[74.5004367,40.5027053],[74.4969176,40.5012695],[74.4925403,40.5004863]]},"properties":{"@id":"way/1077149333","natural":"ridge"}},{"type":"Feature","geometry":{"type":"LineString","coordinates":[[74.5145129,40.515822],[74.5132255,40.5104712],[74.5125631,40.5095539],[74.5108222,40.5071431],[74.5101561,40.5061762],[74.5089339,40.5044022],[74.507904,40.502118],[74.5059299,40.4993115],[74.5045566,40.4955912],[74.5024108,40.4927193],[74.4993209,40.488868]]},"properties":{"@id":"way/1077149334","natural":"ridge"}},{"type":"Feature","geometry":{"type":"LineString","coordinates":[[74.5601749,40.5252827],[74.5569991,40.5237821],[74.5534801,40.5225425],[74.550476,40.519476]]},"properties":{"@id":"way/1077149335","natural":"ridge"}},{"type":"Feature","geometry":{"type":"LineString","coordinates":[[74.5232677,40.5280228],[74.5273017,40.525087],[74.5305633,40.5219553]]},"properties":{"@id":"way/1077149336","natural":"ridge"}},{"type":"Feature","geometry":{"type":"LineString","coordinates":[[74.5062732,40.5166703],[74.5054149,40.5186277],[74.5050716,40.5209114],[74.5056724,40.5229992],[74.5055865,40.5246955],[74.5055865,40.5290014],[74.5054578,40.5314803],[74.5053291,40.5340245],[74.504857,40.5359162]]},"properties":{"@id":"way/1077149337","natural":"ridge"}},{"type":"Feature","geometry":{"type":"LineString","coordinates":[[74.5224094,40.5347421],[74.5193194,40.5343507],[74.517002,40.5340245],[74.5153712,40.5333722]]},"properties":{"@id":"way/1077149338","natural":"ridge"}},{"type":"Feature","geometry":{"type":"LineString","coordinates":[[74.5158004,40.5404171],[74.5115089,40.539243]]},"properties":{"@id":"way/1077149339","natural":"ridge"}},{"type":"Feature","geometry":{"type":"LineString","coordinates":[[74.5244693,40.5327198],[74.5224094,40.5347421],[74.5206927,40.5368295],[74.5184611,40.5389168],[74.5158004,40.5404171],[74.5156287,40.5433522],[74.5139979,40.5443958]]},"properties":{"@id":"way/1077149340","natural":"ridge"}},{"type":"Feature","geometry":{"type":"LineString","coordinates":[[74.5329665,40.510928],[74.5320224,40.5080567],[74.5315932,40.5032927],[74.5324515,40.5009432]]},"properties":{"@id":"way/1077149341","natural":"ridge"}},{"type":"Feature","geometry":{"type":"LineString","coordinates":[[74.5163154,40.517649],[74.5192336,40.5174533],[74.5226668,40.5153653],[74.5268725,40.5135382],[74.5308208,40.5121679],[74.5329665,40.510928],[74.5370006,40.5104712],[74.5406055,40.5086441],[74.5442962,40.5075999]]},"properties":{"@id":"way/1077149342","natural":"ridge"}},{"type":"Feature","geometry":{"type":"LineString","coordinates":[[74.5327949,40.533046],[74.5325374,40.5295885],[74.533739,40.5262613],[74.5340823,40.5211071]]},"properties":{"@id":"way/1077149343","natural":"ridge"}},{"type":"Feature","geometry":{"type":"LineString","coordinates":[[74.5613765,40.528088],[74.5654964,40.5269137],[74.5706462,40.5246303],[74.5749377,40.522673]]},"properties":{"@id":"way/1077149344","natural":"ridge"}},{"type":"Feature","geometry":{"type":"LineString","coordinates":[[74.5656336,40.5206105],[74.5658397,40.5172575],[74.5649814,40.5113848]]},"properties":{"@id":"way/1077149345","natural":"ridge"}},{"type":"Feature","geometry":{"type":"LineString","coordinates":[[74.5590796,40.5230498],[74.5635223,40.5213029],[74.5656336,40.5206105],[74.5678996,40.5198675],[74.5741653,40.5188887]]},"properties":{"@id":"way/1077149346","natural":"ridge"}},{"type":"Feature","geometry":{"type":"LineString","coordinates":[[74.5460128,40.5254132],[74.5429229,40.5243693],[74.5402621,40.5218248],[74.5391463,40.5179753]]},"properties":{"@id":"way/1077149347","natural":"ridge"}},{"type":"Feature","geometry":{"type":"LineString","coordinates":[[74.5500468,40.530828],[74.5467853,40.5302409]]},"properties":{"@id":"way/1077149348","natural":"ridge"}},{"type":"Feature","geometry":{"type":"LineString","coordinates":[[74.55451,40.5346116],[74.5519351,40.5323284],[74.5500468,40.530828],[74.5485019,40.5273704],[74.5460128,40.5254132],[74.5458411,40.5215638],[74.5444678,40.5183015],[74.5440387,40.5143865]]},"properties":{"@id":"way/1077149349","natural":"ridge"}},{"type":"Feature","geometry":{"type":"LineString","coordinates":[[74.5569133,40.5338941],[74.5582008,40.5365686],[74.5608615,40.5381993]]},"properties":{"@id":"way/1077149350","natural":"ridge"}},{"type":"Feature","geometry":{"type":"LineString","coordinates":[[74.5524931,40.5379384],[74.55451,40.5346116],[74.5569133,40.5338941],[74.5598315,40.5313499],[74.5613765,40.528088],[74.5601749,40.5252827],[74.5590796,40.5230498],[74.5581506,40.5211559],[74.5549392,40.5186277],[74.5518493,40.5157568],[74.5510768,40.5132119],[74.5487594,40.5094271]]},"properties":{"@id":"way/1077149351","natural":"ridge"}},{"type":"Feature","geometry":{"type":"LineString","coordinates":[[74.3675403,40.5070486],[74.3655967,40.5096229],[74.3643951,40.5122984],[74.3631934,40.5160178],[74.3621635,40.5183015]]},"properties":{"@id":"way/1077150514","natural":"ridge"}},{"type":"Feature","geometry":{"type":"LineString","coordinates":[[74.3430232,40.5102102],[74.3474006,40.5118416],[74.3537521,40.5140602]]},"properties":{"@id":"way/1077150515","natural":"ridge"}},{"type":"Feature","geometry":{"type":"LineString","coordinates":[[74.3453406,40.508122],[74.3492889,40.5096229],[74.3550395,40.5107323]]},"properties":{"@id":"way/1077150516","natural":"ridge"}},{"type":"Feature","geometry":{"type":"LineString","coordinates":[[74.3439674,40.5162788],[74.3481731,40.517649],[74.3522071,40.5198022],[74.3549537,40.5222163]]},"properties":{"@id":"way/1077150517","natural":"ridge"}},{"type":"Feature","geometry":{"type":"LineString","coordinates":[[74.5696592,40.5824914],[74.5664405,40.584887],[74.5602607,40.5857995]]},"properties":{"@id":"way/1077150518","natural":"ridge"}},{"type":"Feature","geometry":{"type":"LineString","coordinates":[[74.2596173,40.7729694],[74.2577076,40.7718644],[74.2566776,40.7704587],[74.2557335,40.7698656],[74.2545318,40.7692481],[74.2521715,40.768468]]},"properties":{"@id":"way/1077444213","natural":"ridge"}},{"type":"Feature","geometry":{"type":"LineString","coordinates":[[73.9423656,40.1470608],[73.9437818,40.1481105],[73.9473867,40.1488322],[73.9570427,40.1539493],[73.9593816,40.1548513],[73.9615917,40.158902],[73.9625787,40.1614931],[73.9647245,40.1626082],[73.9672136,40.1630673],[73.9721918,40.1673963],[73.9742088,40.167921],[73.9767408,40.1705445],[73.977127,40.1746435],[73.9841222,40.1782176],[73.9845943,40.1811357],[73.9888858,40.1832341],[73.9916324,40.1838898],[73.9937782,40.1860209],[73.9938211,40.1889388],[73.995409,40.1920204],[73.9945077,40.195823],[73.9951086,40.1989371],[73.9945507,40.2021822],[73.9950656,40.2061154],[73.9929628,40.2104744],[73.9856672,40.215849],[73.9834785,40.2185034]]},"properties":{"@id":"way/1101042222","natural":"ridge"}},{"type":"Feature","geometry":{"type":"LineString","coordinates":[[73.9813327,40.2418641],[73.9789294,40.2389158],[73.977127,40.2347225],[73.9738654,40.231053],[73.9718913,40.2239757],[73.9704322,40.221682],[73.9646815,40.2207645],[73.960905,40.217422],[73.954296,40.2061482],[73.9455117,40.2010046],[73.9414214,40.1986094],[73.9355849,40.1929711],[73.9286327,40.1895617],[73.9278022,40.185063],[73.9276885,40.1844472],[73.9230537,40.1794636]]},"properties":{"@id":"way/1101042226","natural":"ridge"}},{"type":"Feature","geometry":{"type":"LineString","coordinates":[[74.1786574,40.2440917],[74.1796874,40.2395055],[74.182949,40.2386538],[74.1843223,40.2311186],[74.1766833,40.2223374],[74.1697311,40.2084752],[74.1684866,40.205296],[74.172306,40.2012644],[74.1681432,40.1952002],[74.1666412,40.1915942],[74.1579294,40.1865127],[74.1562128,40.1842505],[74.1522646,40.1815292],[74.1468143,40.1802505],[74.1418361,40.1772339],[74.1360855,40.1765125],[74.1303777,40.1733974],[74.1267728,40.1725448],[74.1224384,40.1680194],[74.1170311,40.1657894],[74.1133403,40.1626738],[74.1117525,40.1598532],[74.1073751,40.1563437],[74.1058731,40.1535557],[74.1021823,40.1518828],[74.0974617,40.1453221],[74.0935564,40.1431242],[74.0923547,40.1401716],[74.0878057,40.1380718],[74.0858745,40.1344628],[74.0820121,40.1321661],[74.0793943,40.1236674],[74.0756607,40.1194669],[74.0717554,40.1187121],[74.0676355,40.1198935],[74.0660047,40.1184167],[74.060769,40.1155615],[74.060297,40.1121154],[74.0562629,40.1103758],[74.0547609,40.1086034],[74.0512847,40.1067982],[74.049139,40.1035485],[74.0415845,40.0994957]]},"properties":{"@id":"way/1101042228","natural":"ridge"}},{"type":"Feature","geometry":{"type":"LineString","coordinates":[[74.6180677,40.5294254],[74.617424,40.5336983],[74.6181535,40.535851],[74.6210825,40.5392551],[74.6229846,40.5406458]]},"properties":{"@id":"way/1101055275","natural":"ridge"}},{"type":"Feature","geometry":{"type":"LineString","coordinates":[[74.0281104,40.1122139],[74.0337539,40.1155122],[74.0350413,40.1181213],[74.0371012,40.1196802],[74.0383458,40.1219281],[74.0407491,40.1240037],[74.0419292,40.1247503],[74.0448474,40.1288849],[74.0533573,40.1382691],[74.0553187,40.140434],[74.0607475,40.1439249],[74.06991,40.1498163],[74.0709399,40.1517844],[74.0748024,40.1558845],[74.0821409,40.1584101],[74.0881919,40.1620179],[74.0892219,40.1658878],[74.0917968,40.1685113],[74.0950584,40.1691672],[74.1020965,40.176119],[74.1030836,40.1782831],[74.1085338,40.1819226],[74.1110229,40.1814964],[74.1117096,40.1833325],[74.1113233,40.1857586],[74.1119241,40.1865127],[74.1155719,40.187988],[74.1171169,40.1905124],[74.1177556,40.1961389],[74.117546,40.1998877],[74.1156578,40.2017233],[74.1154432,40.2060826],[74.1140699,40.209229],[74.1163444,40.2138172],[74.1172885,40.2196504],[74.1299056,40.2307909],[74.1322713,40.2373377],[74.1367721,40.2497912],[74.1361713,40.2530666],[74.1379737,40.2605338],[74.1416644,40.2690481],[74.1419219,40.2742216],[74.1474151,40.2835199],[74.1517924,40.2943881],[74.1548823,40.2972031],[74.1557407,40.3006725],[74.1626929,40.3049273],[74.1643237,40.3096399],[74.1681003,40.3116689],[74.1733359,40.320962],[74.1749667,40.3227943],[74.1752242,40.3288143]]},"properties":{"@id":"way/1102331668","natural":"ridge"}},{"type":"Feature","geometry":{"type":"LineString","coordinates":[[73.8731861,40.021732],[73.8741302,40.0280088],[73.8758039,40.0305391],[73.8766193,40.0379651],[73.8751602,40.0400679],[73.8749336,40.0452743],[73.8755625,40.0473122],[73.8763189,40.0511066],[73.87928,40.0535375],[73.8835287,40.0563625],[73.886404,40.0606982],[73.8869619,40.0638514],[73.8928842,40.0685808],[73.8919401,40.0726859],[73.8936567,40.0758056],[73.9013385,40.0786954],[73.9021968,40.0807641],[73.9041709,40.0835223],[73.9037418,40.0857222],[73.9054155,40.0891696],[73.9052867,40.0924856],[73.9093637,40.099314],[73.9099216,40.1034501],[73.9108228,40.105518],[73.9118528,40.1084065],[73.9126751,40.1092087],[73.9185476,40.1149379],[73.9195776,40.1199263],[73.9243841,40.1228798],[73.9279461,40.1227485],[73.9303493,40.1219281],[73.9332032,40.1226009],[73.9363789,40.1213538],[73.9374947,40.1235689],[73.938396,40.1240612],[73.9431381,40.1256363],[73.945713,40.1273262],[73.9484167,40.1280153],[73.9500475,40.1293114],[73.9560985,40.1292294],[73.9579224,40.1303122],[73.9604759,40.1319692],[73.961935,40.1334785],[73.9655399,40.1352502],[73.966527,40.1361525],[73.9670634,40.1379078]]},"properties":{"@id":"way/1102331688","name":"Ойбала","natural":"ridge"}},{"type":"Feature","geometry":{"type":"LineString","coordinates":[[74.171276,40.2430434],[74.1709327,40.2514289],[74.1742801,40.2641361],[74.1718463,40.2691843],[74.1776692,40.2730058],[74.1779136,40.2771067],[74.1751853,40.2808035],[74.1754297,40.2824499],[74.1788501,40.2884449],[74.1780764,40.3005576],[74.1784429,40.3020483],[74.182352,40.3093458],[74.1852431,40.3164562],[74.1876456,40.3179154],[74.1882157,40.3193436]]},"properties":{"@id":"way/1102568114","natural":"ridge"}},{"type":"Feature","geometry":{"type":"LineString","coordinates":[[74.0917968,40.1685113],[74.088149,40.1713643],[74.0853595,40.1724464],[74.0855312,40.1748402],[74.0838575,40.1768404]]},"properties":{"@id":"way/1102568115","natural":"ridge"}},{"type":"Feature","geometry":{"type":"LineString","coordinates":[[74.0821409,40.1584101],[74.0768194,40.1644447],[74.0753603,40.1681834]]},"properties":{"@id":"way/1102568116","natural":"ridge"}},{"type":"Feature","geometry":{"type":"LineString","coordinates":[[74.0748024,40.1558845],[74.0716695,40.1594596],[74.0705537,40.1636904]]},"properties":{"@id":"way/1102568117","natural":"ridge"}},{"type":"Feature","geometry":{"type":"LineString","coordinates":[[74.0699723,40.170675],[74.0654039,40.1732334],[74.0610694,40.1738237],[74.0596532,40.1746107]]},"properties":{"@id":"way/1102568118","natural":"ridge"}},{"type":"Feature","geometry":{"type":"LineString","coordinates":[[74.0607475,40.1439249],[74.0587949,40.1491602],[74.0625286,40.160378],[74.0625286,40.1632969],[74.0683651,40.1677242],[74.0699723,40.170675],[74.0716695,40.1737909],[74.0723562,40.1778569],[74.0772056,40.1839882]]},"properties":{"@id":"way/1102568119","natural":"ridge"}},{"type":"Feature","geometry":{"type":"LineString","coordinates":[[74.0379381,40.142304],[74.046607,40.1449285],[74.0494823,40.1526045],[74.0487957,40.15923],[74.0521001,40.1677898]]},"properties":{"@id":"way/1102568120","natural":"ridge"}},{"type":"Feature","geometry":{"type":"LineString","coordinates":[[74.0327024,40.1278676],[74.0358352,40.1286552],[74.0387106,40.1335113],[74.0375089,40.1387608],[74.0379381,40.142304],[74.0368652,40.1442724],[74.0388393,40.1604435]]},"properties":{"@id":"way/1102568121","natural":"ridge"}},{"type":"Feature","geometry":{"type":"LineString","coordinates":[[74.0002612,40.1151371],[74.0008592,40.1206811],[73.9996147,40.1251769],[74.0005159,40.1321332],[74.0028762,40.1376781]]},"properties":{"@id":"way/1102568124","natural":"ridge"}},{"type":"Feature","geometry":{"type":"LineString","coordinates":[[74.0191626,40.1184659],[74.0161371,40.122847],[74.0166521,40.1277364],[74.014635,40.1351846],[74.0166521,40.1421072],[74.0170812,40.1497835],[74.0224027,40.1582461],[74.0280675,40.1620506],[74.0305137,40.1638216],[74.0341615,40.164248],[74.035449,40.1652974],[74.0394401,40.1665764],[74.0408992,40.169036],[74.047594,40.1712659],[74.0495681,40.1730367],[74.053688,40.1743811]]},"properties":{"@id":"way/1102568125","natural":"ridge"}},{"type":"Feature","geometry":{"type":"LineString","coordinates":[[73.9732217,40.1159225],[73.9669561,40.1212718]]},"properties":{"@id":"way/1102568127","natural":"ridge"}},{"type":"Feature","geometry":{"type":"LineString","coordinates":[[73.9743375,40.1239627],[73.9755392,40.1271457],[73.9788436,40.1295739]]},"properties":{"@id":"way/1102568128","natural":"ridge"}},{"type":"Feature","geometry":{"type":"LineString","coordinates":[[73.9785003,40.1216328],[73.9743375,40.1239627],[73.9716339,40.1253738],[73.9708185,40.1287208]]},"properties":{"@id":"way/1102568129","natural":"ridge"}},{"type":"Feature","geometry":{"type":"LineString","coordinates":[[73.9453268,40.095112],[73.9498758,40.0998064],[73.950777,40.1032531],[73.9575576,40.1118528],[73.9621496,40.1158569],[73.9638662,40.1187449]]},"properties":{"@id":"way/1102568134","natural":"ridge"}},{"type":"Feature","geometry":{"type":"LineString","coordinates":[[73.9278022,40.185063],[73.9397906,40.1856931],[73.9438552,40.1886565]]},"properties":{"@id":"way/1102568206","natural":"ridge"}},{"type":"Feature","geometry":{"type":"LineString","coordinates":[[73.8867473,40.2702269],[73.8779067,40.2709473],[73.8729285,40.2687861],[73.8608264,40.2681312],[73.8561915,40.2666249],[73.8494968,40.2617128],[73.8425124,40.2607548],[73.8397048,40.2590108],[73.8266659,40.254131],[73.8241982,40.2535087],[73.8194346,40.2535742],[73.8151645,40.2526735],[73.8125682,40.2492835],[73.8086629,40.2481698],[73.8080621,40.2464665],[73.803792,40.2451399],[73.8025689,40.2432891],[73.7981057,40.2407667],[73.7947154,40.2399477],[73.7933421,40.2352794],[73.7924623,40.2339689],[73.7892866,40.2327894],[73.7842655,40.2322652],[73.7821197,40.2273834],[73.7801885,40.2258761],[73.7757683,40.2252864],[73.7728929,40.2259745],[73.7717342,40.2280632],[73.7701464,40.2293493],[73.7680542,40.2294803],[73.7666917,40.2294312],[73.7640094,40.2287923],[73.7609195,40.2289233],[73.7577009,40.2308564],[73.7545251,40.2306926],[73.7504482,40.2294148],[73.746972,40.2291199],[73.7402344,40.2263513],[73.7386679,40.2237791],[73.7282824,40.2219113],[73.7255573,40.2199125],[73.725098,40.2195428],[73.7215876,40.2167174],[73.7163949,40.2146856],[73.7144422,40.2122113],[73.7120819,40.2108512],[73.7101936,40.2101794],[73.7060523,40.210966],[73.7039923,40.2120966],[73.6999798,40.2127029],[73.6962032,40.2101958],[73.6942935,40.2095567],[73.692019,40.2081638],[73.6882639,40.2071969],[73.6872554,40.2016741],[73.6830497,40.2003794],[73.6809253,40.1957575],[73.6794233,40.1942659],[73.673973,40.1945118],[73.6702394,40.1952658],[73.6662054,40.1940856],[73.6631584,40.1939873],[73.660283,40.1915942],[73.6550903,40.1895944],[73.6528158,40.1875618],[73.6502409,40.1868733],[73.6448335,40.186316],[73.6437177,40.1843816],[73.6414861,40.1828407],[73.6375379,40.1817587],[73.630929,40.1806439],[73.6282682,40.1776274],[73.6267662,40.1767093],[73.6210155,40.175037],[73.6199426,40.1759551],[73.6168956,40.1753649],[73.6153078,40.1741188],[73.6115741,40.1728399],[73.6083984,40.1722497],[73.6021328,40.1721185]]},"properties":{"@id":"way/1102708195","natural":"ridge"}},{"type":"Feature","geometry":{"type":"LineString","coordinates":[[73.8748169,40.2515926],[73.8750743,40.2474328],[73.8758897,40.2455002],[73.8761901,40.2417331],[73.8788938,40.2391124],[73.8791942,40.2358036],[73.8803529,40.2296442],[73.8824987,40.2276127],[73.8818121,40.2233204],[73.8819837,40.2212232],[73.88134,40.217422],[73.8809537,40.2121458],[73.8802242,40.210966],[73.8768768,40.2092945],[73.8741302,40.2079835]]},"properties":{"@id":"way/1102708197","natural":"ridge"}},{"type":"Feature","geometry":{"type":"LineString","coordinates":[[73.910737,40.2128012],[73.9023256,40.2166683],[73.9002227,40.2187328],[73.8996648,40.2245983]]},"properties":{"@id":"way/1102708198","natural":"ridge"}},{"type":"Feature","geometry":{"type":"LineString","coordinates":[[73.9172601,40.2026083],[73.9104366,40.2087046]]},"properties":{"@id":"way/1102708199","natural":"ridge"}},{"type":"Feature","geometry":{"type":"LineString","coordinates":[[73.9194488,40.2187],[73.9278173,40.2201419],[73.9327526,40.2250242],[73.9380312,40.2266953],[73.9407348,40.2293165],[73.9531803,40.2315445]]},"properties":{"@id":"way/1102708200","natural":"ridge"}},{"type":"Feature","geometry":{"type":"LineString","coordinates":[[73.9242124,40.2646273],[73.9251566,40.261287],[73.9255857,40.257226],[73.9279031,40.2546714],[73.9278602,40.2516909],[73.9297056,40.2493654],[73.9337825,40.2475966],[73.9443397,40.2456967],[73.9500475,40.2461881],[73.9544341,40.24565],[73.9572572,40.2453037],[73.9618921,40.2469742],[73.9658832,40.247007],[73.9683294,40.2474328],[73.9716339,40.2475638],[73.9741659,40.2499877],[73.9773416,40.2505445],[73.9821052,40.2504463],[73.9850235,40.2514289],[73.9931774,40.2520839],[74.0022754,40.2521167],[74.0085411,40.2545404],[74.0157938,40.2555885],[74.0223169,40.2575208]]},"properties":{"@id":"way/1102708201","natural":"ridge"}},{"type":"Feature","geometry":{"type":"LineString","coordinates":[[73.9173042,40.2337258],[73.9247918,40.236426],[73.929491,40.2403244],[73.9303279,40.2420115],[73.9328813,40.2430434],[73.9337825,40.2475966],[73.9427518,40.2494964],[73.9463138,40.2530993],[73.9490604,40.257226],[73.9541244,40.2583395]]},"properties":{"@id":"way/1102708202","natural":"ridge"}},{"type":"Feature","geometry":{"type":"LineString","coordinates":[[73.9040851,40.2049354],[73.9104366,40.2087046],[73.910737,40.2128012],[73.916831,40.2145054],[73.9184618,40.2164717],[73.9194488,40.2187],[73.9159298,40.2224684],[73.9157152,40.2236808],[73.9182901,40.2264004],[73.9182399,40.2320686],[73.9173042,40.2337258],[73.916316,40.2354759],[73.9124965,40.2385882],[73.9106941,40.2419624],[73.9093637,40.2465484],[73.9064025,40.2480552],[73.9033985,40.2518547],[73.9039135,40.2545404],[73.902626,40.2591583],[73.8987207,40.2621712]]},"properties":{"@id":"way/1102708203","natural":"ridge"}},{"type":"Feature","geometry":{"type":"LineString","coordinates":[[74.0092277,40.1795619],[74.0120172,40.176742],[74.0125322,40.1744795],[74.011631,40.1699214],[74.008584,40.1669372]]},"properties":{"@id":"way/1102708204","natural":"ridge"}},{"type":"Feature","geometry":{"type":"LineString","coordinates":[[73.9737796,40.1576885],[73.9778137,40.1596564]]},"properties":{"@id":"way/1102708205","natural":"ridge"}},{"type":"Feature","geometry":{"type":"LineString","coordinates":[[73.9840522,40.1526195],[73.9953661,40.1517844],[73.9997863,40.1532933],[74.0036058,40.1557533]]},"properties":{"@id":"way/1102708206","natural":"ridge"}},{"type":"Feature","geometry":{"type":"LineString","coordinates":[[73.9672136,40.1630673],[73.9693594,40.1601484],[73.9737796,40.1576885],[73.9750671,40.1539493],[73.9778566,40.1512596],[73.9817619,40.1502099]]},"properties":{"@id":"way/1102708207","natural":"ridge"}},{"type":"Feature","geometry":{"type":"LineString","coordinates":[[73.9815473,40.1407621],[73.9815473,40.1458142],[73.9819336,40.1474544],[73.9817619,40.1502099],[73.9840522,40.1526195],[73.9890575,40.1578853],[73.9907312,40.1613947],[73.9904737,40.1651007]]},"properties":{"@id":"way/1102708208","natural":"ridge"}},{"type":"Feature","geometry":{"type":"LineString","coordinates":[[73.9754104,40.1858242],[73.9707326,40.1858242]]},"properties":{"@id":"way/1102708209","natural":"ridge"}},{"type":"Feature","geometry":{"type":"LineString","coordinates":[[73.9845943,40.1811357],[73.9776849,40.1834964],[73.9754104,40.1858242],[73.9744663,40.1889388],[73.9763546,40.1950035],[73.9745092,40.203231],[73.9764833,40.205296],[73.9765691,40.2070658]]},"properties":{"@id":"way/1102708210","natural":"ridge"}},{"type":"Feature","geometry":{"type":"LineString","coordinates":[[74.0113735,40.1900862],[74.0154504,40.192676],[74.0163946,40.1954624],[74.0140771,40.2078852],[74.0127039,40.2119164],[74.0127897,40.2146692]]},"properties":{"@id":"way/1102708211","natural":"ridge"}},{"type":"Feature","geometry":{"type":"LineString","coordinates":[[74.0078973,40.222108],[74.012103,40.2233531],[74.0199565,40.2245],[74.0206003,40.2276783]]},"properties":{"@id":"way/1102708212","natural":"ridge"}},{"type":"Feature","geometry":{"type":"LineString","coordinates":[[74.0070606,40.2230049],[74.011116,40.22758],[74.012103,40.2302667],[74.0157938,40.233674],[74.0171241,40.2390796],[74.018197,40.2402589]]},"properties":{"@id":"way/1102708213","natural":"ridge"}},{"type":"Feature","geometry":{"type":"LineString","coordinates":[[74.0064382,40.2408158],[74.001975,40.2423555]]},"properties":{"@id":"way/1102708214","natural":"ridge"}},{"type":"Feature","geometry":{"type":"LineString","coordinates":[[74.0027046,40.2258762],[74.0031766,40.2324618],[74.0039491,40.2340999],[74.0062666,40.2363933],[74.0064382,40.2408158],[74.0117597,40.2433382]]},"properties":{"@id":"way/1102708215","natural":"ridge"}},{"type":"Feature","geometry":{"type":"LineString","coordinates":[[74.0000563,40.225189],[73.9987067,40.2267711],[73.9970269,40.2279753],[73.9948082,40.2307909],[73.992834,40.2376054],[73.9951515,40.2425848]]},"properties":{"@id":"way/1102708216","natural":"ridge"}},{"type":"Feature","geometry":{"type":"LineString","coordinates":[[74.0172529,40.1832669],[74.0131759,40.1858242],[74.0113735,40.1900862],[74.0081548,40.196577],[74.0070819,40.2022477],[74.0085411,40.210245],[74.0089273,40.2170288],[74.0078973,40.222108],[74.0070606,40.2230049],[74.0056657,40.2245],[74.0027046,40.2258762],[74.0000563,40.225189],[73.9961385,40.2241723],[73.9896154,40.224631],[73.9853239,40.2242706]]},"properties":{"@id":"way/1102708217","natural":"ridge"}},{"type":"Feature","geometry":{"type":"LineString","coordinates":[[74.035669,40.1958847],[74.030106,40.1988551],[74.0266084,40.2028541],[74.0218448,40.212113],[74.0211582,40.2148003],[74.0220594,40.2165372],[74.0234327,40.2175203],[74.0235185,40.220404],[74.0245485,40.2214198]]},"properties":{"@id":"way/1102708218","natural":"ridge"}},{"type":"Feature","geometry":{"type":"LineString","coordinates":[[73.9916324,40.1838898],[73.9954948,40.1812341],[73.9980268,40.1797914],[74.0030908,40.1805456],[74.0092277,40.1795619],[74.0142488,40.1810374],[74.0172529,40.1832669],[74.0220594,40.1818898],[74.0242052,40.1827095],[74.026823,40.1842833],[74.0333032,40.1914959],[74.033432,40.1933972],[74.035669,40.1958847],[74.0368223,40.197167],[74.0392255,40.198216],[74.0417382,40.2000222],[74.0421438,40.2003138],[74.0428733,40.2023788],[74.049139,40.2100811],[74.0535163,40.2185362],[74.0494823,40.2216492],[74.0478063,40.2236899],[74.0488566,40.224956],[74.0490156,40.226126],[74.0488641,40.2268939],[74.0488386,40.2291527],[74.0528297,40.2309547],[74.0568208,40.2339689],[74.0586233,40.2345259],[74.0604686,40.2359674],[74.063344,40.2366553],[74.0653181,40.2382606],[74.0659618,40.2408814],[74.0671045,40.2426871],[74.0696096,40.2442882],[74.0748024,40.2482517],[74.0714764,40.2539672],[74.0722275,40.2562762],[74.0716079,40.2582781],[74.0721416,40.2597805],[74.0757465,40.2635466],[74.0774202,40.2672471],[74.0818834,40.2703579],[74.0805959,40.2759897],[74.0816688,40.2819484],[74.085102,40.285124],[74.0886211,40.2864335],[74.0911102,40.2908201],[74.0935564,40.2919331],[74.0964746,40.2971703],[74.0984058,40.3001488],[74.0990066,40.3036181],[74.1001653,40.3056472],[74.1029548,40.3061382],[74.106431,40.3101962],[74.1057443,40.3121597],[74.1081923,40.3165035],[74.1103363,40.3203075],[74.1100788,40.3250191],[74.1091775,40.3264914],[74.1114521,40.3282581],[74.1121816,40.3308427],[74.1114521,40.3317587],[74.1113662,40.334016],[74.1102075,40.3359788],[74.1102669,40.3383471],[74.1103363,40.3411145],[74.1116237,40.3434041],[74.11201,40.348016],[74.1167736,40.349128],[74.1191339,40.3546879],[74.1209364,40.3556036],[74.1248416,40.35907],[74.1263866,40.3621439],[74.1284916,40.3637479],[74.1287469,40.3639424],[74.1321802,40.3704492],[74.1358709,40.3722147],[74.1371584,40.3769881],[74.1381025,40.3779688],[74.1355705,40.3822841],[74.1371154,40.3869586],[74.1359996,40.392973],[74.1328668,40.3957838],[74.1284465,40.404183]]},"properties":{"@id":"way/1102708219","natural":"ridge"}},{"type":"Feature","geometry":{"type":"LineString","coordinates":[[73.9457559,40.1392857],[73.952794,40.1399091],[73.956356,40.1397122]]},"properties":{"@id":"way/1102708220","natural":"ridge"}},{"type":"Feature","geometry":{"type":"LineString","coordinates":[[73.9570427,40.1539493],[73.959682,40.1523584],[73.9602184,40.1514564],[73.9688873,40.146864],[73.9714622,40.1444036],[73.971591,40.1423368]]},"properties":{"@id":"way/1102708221","natural":"ridge"}},{"type":"Feature","geometry":{"type":"LineString","coordinates":[[73.9453697,40.1558845],[73.9466142,40.1594268],[73.9463138,40.1614603],[73.947215,40.1628377],[73.9494896,40.1637232]]},"properties":{"@id":"way/1102708222","natural":"ridge"}},{"type":"Feature","geometry":{"type":"LineString","coordinates":[[74.080731,40.0817623],[74.0799093,40.083514],[74.0798128,40.0848438],[74.0802312,40.0857714],[74.080553,40.0874131],[74.0809822,40.0883652]]},"properties":{"@id":"way/1102708254","natural":"ridge"}},{"type":"Feature","geometry":{"type":"LineString","coordinates":[[74.1405057,40.166642],[74.1422653,40.1720201],[74.1418361,40.1772339],[74.1366863,40.1812997],[74.1335964,40.1848079]]},"properties":{"@id":"way/1102708256","natural":"ridge"}},{"type":"Feature","geometry":{"type":"LineString","coordinates":[[74.1170311,40.1657894],[74.116559,40.1704133],[74.1175031,40.1722825]]},"properties":{"@id":"way/1102708257","natural":"ridge"}},{"type":"Feature","geometry":{"type":"LineString","coordinates":[[74.0878057,40.1380718],[74.0848445,40.1420087],[74.0847587,40.1437803],[74.0829563,40.147192]]},"properties":{"@id":"way/1102708258","natural":"ridge"}},{"type":"Feature","geometry":{"type":"LineString","coordinates":[[74.0935564,40.1431242],[74.0912818,40.1462079],[74.0906381,40.1486026],[74.0918827,40.1511612]]},"properties":{"@id":"way/1102708259","natural":"ridge"}},{"type":"Feature","geometry":{"type":"LineString","coordinates":[[74.0820121,40.1321661],[74.0781068,40.1368579],[74.0775919,40.1406965],[74.079051,40.1438459]]},"properties":{"@id":"way/1102708260","natural":"ridge"}},{"type":"Feature","geometry":{"type":"LineString","coordinates":[[74.0676355,40.1198935],[74.0646743,40.1242909],[74.0651893,40.1321332],[74.0663051,40.1349222]]},"properties":{"@id":"way/1102708261","natural":"ridge"}},{"type":"Feature","geometry":{"type":"LineString","coordinates":[[74.0630006,40.0887756],[74.0611982,40.0910738]]},"properties":{"@id":"way/1102708263","natural":"ridge"}},{"type":"Feature","geometry":{"type":"LineString","coordinates":[[74.0520071,40.094878],[74.0581083,40.0965893],[74.0651893,40.1007255],[74.068408,40.1033188]]},"properties":{"@id":"way/1102708264","natural":"ridge"}},{"type":"Feature","geometry":{"type":"LineString","coordinates":[[74.0545034,40.0816178],[74.0555334,40.0837193],[74.0603935,40.0869676],[74.0630006,40.0887756],[74.0673351,40.0900232],[74.0709829,40.0925512],[74.0766906,40.1012507]]},"properties":{"@id":"way/1102708265","natural":"ridge"}},{"type":"Feature","geometry":{"type":"LineString","coordinates":[[74.0920397,40.0889383],[74.0903592,40.0918454],[74.089694,40.095391],[74.0878916,40.0977054],[74.0875911,40.0995273],[74.0939855,40.1074546],[74.0942859,40.1098507]]},"properties":{"@id":"way/1102708266","natural":"ridge"}},{"type":"Feature","geometry":{"type":"LineString","coordinates":[[74.2147876,40.1268507],[74.2144489,40.1342331],[74.2149639,40.1398435],[74.2173671,40.1417135],[74.2172813,40.1447973],[74.2183542,40.1464047],[74.2201995,40.149521],[74.2211008,40.1499803],[74.2230749,40.1524076],[74.2271947,40.1549005],[74.2300701,40.1592956],[74.2341041,40.1604435],[74.2377519,40.1619194],[74.2425584,40.162641],[74.2451763,40.1650679],[74.2476224,40.1666092],[74.2492532,40.1712331],[74.2514848,40.1741844],[74.2527294,40.177988],[74.2552614,40.1826112],[74.2555189,40.1902173],[74.2547035,40.193135],[74.2556476,40.1980521],[74.25848,40.2063776],[74.2591238,40.2126046],[74.2622137,40.2220097],[74.2651748,40.2272851],[74.2649602,40.2304633],[74.2659044,40.2334119],[74.2625999,40.2365898],[74.2609691,40.2417658],[74.2616128,40.2473018],[74.265604,40.2509703],[74.2666769,40.2543766],[74.2669344,40.264922]]},"properties":{"@id":"way/1102708267","natural":"ridge"}},{"type":"Feature","geometry":{"type":"LineString","coordinates":[[74.2001234,40.1236475],[74.1986131,40.1251441],[74.1990208,40.1308208]]},"properties":{"@id":"way/1102708268","natural":"ridge"}},{"type":"Feature","geometry":{"type":"LineString","coordinates":[[74.1604614,40.1524732],[74.1610193,40.1602796]]},"properties":{"@id":"way/1102708269","natural":"ridge"}},{"type":"Feature","geometry":{"type":"LineString","coordinates":[[74.1700315,40.1434194],[74.1660404,40.1450925],[74.1636371,40.1494226],[74.1604614,40.1524732],[74.1558694,40.1537853],[74.1542816,40.1550973]]},"properties":{"@id":"way/1102708270","natural":"ridge"}},{"type":"Feature","geometry":{"type":"LineString","coordinates":[[74.1858673,40.144666],[74.1823053,40.1488978],[74.1796875,40.1508988],[74.1792583,40.1542117],[74.180417,40.1564749],[74.1797733,40.1675603],[74.1782713,40.1716922],[74.180932,40.1742828],[74.1790437,40.1789717]]},"properties":{"@id":"way/1102708271","natural":"ridge"}},{"type":"Feature","geometry":{"type":"LineString","coordinates":[[74.1924762,40.1531621],[74.188013,40.1578853],[74.1852665,40.1635265],[74.1847086,40.1719874]]},"properties":{"@id":"way/1102708272","natural":"ridge"}},{"type":"Feature","geometry":{"type":"LineString","coordinates":[[74.1996001,40.1989371],[74.2046641,40.1986094],[74.208784,40.197626],[74.2171954,40.1966426],[74.2241048,40.1892338],[74.2162942,40.1894305],[74.2112732,40.1896928],[74.2026472,40.1907418],[74.1953945,40.1902173],[74.1926479,40.1902173]]},"properties":{"@id":"way/1102708273","natural":"ridge"}},{"type":"Feature","geometry":{"type":"LineString","coordinates":[[74.158101,40.1669372],[74.1617059,40.1671012],[74.166727,40.1647071],[74.1686153,40.1625098],[74.170804,40.1532605],[74.170804,40.147028],[74.1700315,40.1434194],[74.1709756,40.1406637],[74.1742801,40.1378422],[74.1774129,40.135644],[74.1813612,40.1364314],[74.1844081,40.1378094],[74.1854381,40.1399747],[74.1862964,40.1427633],[74.1858673,40.144666],[74.1896867,40.1463063],[74.19106,40.1484057],[74.1916608,40.1519812],[74.1924762,40.1531621],[74.1947937,40.1534245],[74.1964674,40.1553269],[74.1961669,40.1582789],[74.1987419,40.1615587],[74.2001152,40.1656582],[74.2029476,40.1695935],[74.2038917,40.1719546],[74.20681,40.1737581],[74.2080116,40.1752665],[74.2160797,40.1801193],[74.2186975,40.1807095],[74.2210578,40.1828407],[74.2236757,40.1841849],[74.2241048,40.1892338],[74.2251348,40.1911025],[74.2282247,40.1947085],[74.2269802,40.1964786],[74.2217016,40.2021822],[74.2215728,40.204411],[74.2230749,40.2054598],[74.2254352,40.2100483],[74.2256498,40.2125718],[74.2247915,40.2139483],[74.2259931,40.2177825],[74.2263364,40.2206662],[74.2317438,40.228694],[74.2356491,40.233674],[74.2379665,40.2422245],[74.2431163,40.2521822]]},"properties":{"@id":"way/1102708274","natural":"ridge"}},{"type":"Feature","geometry":{"type":"LineString","coordinates":[[74.1784429,40.1276708],[74.1771125,40.1296724],[74.1764688,40.1324285],[74.1774129,40.135644]]},"properties":{"@id":"way/1102708275","natural":"ridge"}},{"type":"Feature","geometry":{"type":"LineString","coordinates":[[74.1857302,40.1194964],[74.1829061,40.1214031],[74.1819191,40.1237002],[74.1836786,40.126916],[74.1834211,40.1324942]]},"properties":{"@id":"way/1102708276","natural":"ridge"}},{"type":"Feature","geometry":{"type":"LineString","coordinates":[[74.167725,40.1162289],[74.1664266,40.1205499],[74.166255,40.1233392],[74.1640234,40.1276379],[74.1632509,40.1296395],[74.1613197,40.1321661]]},"properties":{"@id":"way/1102708277","natural":"ridge"}},{"type":"Feature","geometry":{"type":"LineString","coordinates":[[74.1586797,40.1156882],[74.1547107,40.1179901],[74.1541957,40.1196966],[74.1542387,40.1249144],[74.1527795,40.1337738],[74.1523933,40.1379078],[74.1529941,40.1425665],[74.1524791,40.1461423]]},"properties":{"@id":"way/1102708278","natural":"ridge"}},{"type":"Feature","geometry":{"type":"LineString","coordinates":[[74.1405916,40.1117872],[74.1374588,40.1139861],[74.1361713,40.1171696]]},"properties":{"@id":"way/1102708279","natural":"ridge"}},{"type":"Feature","geometry":{"type":"LineString","coordinates":[[74.1388919,40.1081573],[74.1405916,40.1117872],[74.1417074,40.1188762],[74.1417503,40.1215015],[74.1429948,40.1262598]]},"properties":{"@id":"way/1102708280","natural":"ridge"}},{"type":"Feature","geometry":{"type":"LineString","coordinates":[[74.1273093,40.1354963],[74.1252923,40.1369891],[74.1242838,40.1385311],[74.1248202,40.1407457]]},"properties":{"@id":"way/1102708281","natural":"ridge"}},{"type":"Feature","geometry":{"type":"LineString","coordinates":[[74.1283069,40.1104298],[74.1296267,40.1132641],[74.1300344,40.1178096],[74.1316438,40.1210093],[74.1404414,40.1290817],[74.1404843,40.1315262],[74.140141,40.133823],[74.1405272,40.1345448]]},"properties":{"@id":"way/1102708282","natural":"ridge"}},{"type":"Feature","geometry":{"type":"LineString","coordinates":[[74.1195416,40.1279168],[74.1146386,40.1266371],[74.1133726,40.1255296],[74.1088557,40.1232736],[74.1070318,40.1229947],[74.0996289,40.120517],[74.098041,40.1202217]]},"properties":{"@id":"way/1102708283","natural":"ridge"}},{"type":"Feature","geometry":{"type":"LineString","coordinates":[[74.1231119,40.1112414],[74.1220951,40.1134938],[74.1196275,40.1163163],[74.1188335,40.118548],[74.1191554,40.1220922],[74.1184687,40.1247831],[74.1195416,40.1279168],[74.1241765,40.1318707],[74.1251206,40.1335277],[74.1267299,40.1345776],[74.1273093,40.1354963],[74.1293907,40.1372516],[74.1320729,40.1383343],[74.1323519,40.1396958],[74.133811,40.1418119],[74.1363215,40.1448957],[74.1364503,40.1472576],[74.1347551,40.1483565],[74.1349911,40.1511612],[74.1366219,40.1542117],[74.1375875,40.1550809],[74.1378236,40.1560649],[74.1375661,40.1572621],[74.1433811,40.1610995],[74.1442394,40.162313]]},"properties":{"@id":"way/1102708284","natural":"ridge"}},{"type":"Feature","geometry":{"type":"LineString","coordinates":[[74.1945273,40.2914578],[74.1930613,40.2948432],[74.190781,40.2977936],[74.1899259,40.3027936],[74.1922469,40.3095942],[74.1941608,40.3116125],[74.1942015,40.3162699]]},"properties":{"@id":"way/1112572186","natural":"ridge"}},{"type":"Feature","geometry":{"type":"LineString","coordinates":[[74.0417382,40.2000222],[74.0511934,40.1991165],[74.0551432,40.1962862],[74.0573014,40.197126],[74.0614955,40.1960685],[74.0649567,40.1967527],[74.0691509,40.1959751],[74.0739151,40.1968771],[74.0761954,40.1990543],[74.0766433,40.2007338],[74.0760325,40.2025688],[74.0767248,40.2044037],[74.0781092,40.2058653]]},"properties":{"@id":"way/1112572188","natural":"ridge"}},{"type":"Feature","geometry":{"type":"LineString","coordinates":[[74.0310371,40.2457846],[74.0259064,40.2469346],[74.0219973,40.2461265]]},"properties":{"@id":"way/1112572189","natural":"ridge"}},{"type":"Feature","geometry":{"type":"LineString","coordinates":[[74.0488386,40.2291527],[74.0435381,40.2307399],[74.0394661,40.2343771],[74.0350276,40.2367707],[74.0346204,40.2377343],[74.034539,40.2399412],[74.0338468,40.2421481],[74.0310371,40.2457846],[74.0320144,40.2474941],[74.0313628,40.2496696],[74.0310778,40.2556986]]},"properties":{"@id":"way/1112572190","natural":"ridge"}},{"type":"Feature","geometry":{"type":"LineString","coordinates":[[74.0535163,40.2185362],[74.0575457,40.2201693],[74.0676849,40.2192366]]},"properties":{"@id":"way/1112572191","natural":"ridge"}},{"type":"Feature","geometry":{"type":"LineString","coordinates":[[74.0975326,40.2418373],[74.0921576,40.2415575],[74.0834842,40.2425522],[74.0794937,40.244013],[74.0748024,40.2482517],[74.0837693,40.2503223],[74.0889,40.2493277]]},"properties":{"@id":"way/1112572192","natural":"ridge"}},{"type":"Feature","geometry":{"type":"LineString","coordinates":[[74.0551471,40.2563418],[74.0714764,40.2539672],[74.0662598,40.2529328],[74.0580751,40.2524356]]},"properties":{"@id":"way/1112572193","natural":"ridge"}},{"type":"Feature","geometry":{"type":"LineString","coordinates":[[74.0747165,40.2233204],[74.068988,40.2285327],[74.0665855,40.2299938],[74.0646717,40.2305534],[74.0624728,40.2318591],[74.0568208,40.2339689],[74.0535552,40.2377964],[74.0535959,40.2422103],[74.0478544,40.2474941],[74.0476915,40.249421],[74.045289,40.2508506],[74.0447597,40.2524045],[74.0359235,40.2597384],[74.0332767,40.265518]]},"properties":{"@id":"way/1112572194","natural":"ridge"}},{"type":"Feature","geometry":{"type":"LineString","coordinates":[[74.0520078,40.2671958],[74.0431309,40.2683454],[74.0385295,40.2679726],[74.0346204,40.2686251]]},"properties":{"@id":"way/1112572195","natural":"ridge"}},{"type":"Feature","geometry":{"type":"LineString","coordinates":[[74.0721416,40.2597805],[74.0627171,40.262939],[74.0570978,40.2640576],[74.0534737,40.265549],[74.0520078,40.2671958],[74.0520892,40.2731611],[74.0498497,40.2814247]]},"properties":{"@id":"way/1112572196","natural":"ridge"}},{"type":"Feature","geometry":{"type":"LineString","coordinates":[[74.0774202,40.2672471],[74.0683365,40.2731922],[74.0656897,40.27633],[74.057505,40.2787221]]},"properties":{"@id":"way/1112572197","natural":"ridge"}},{"type":"Feature","geometry":{"type":"LineString","coordinates":[[74.0816688,40.2819484],[74.0771523,40.2830245],[74.0748109,40.2848262],[74.0725103,40.2852455],[74.0664634,40.2852145],[74.0597853,40.2846864],[74.0529444,40.2839098]]},"properties":{"@id":"way/1112572198","natural":"ridge"}},{"type":"Feature","geometry":{"type":"LineString","coordinates":[[74.1016453,40.2949985],[74.1093821,40.2977936],[74.1126804,40.2983216],[74.1158565,40.2997812]]},"properties":{"@id":"way/1112572199","natural":"ridge"}},{"type":"Feature","geometry":{"type":"LineString","coordinates":[[74.0645088,40.2958992],[74.0699652,40.2991912],[74.0793308,40.299952],[74.0924019,40.2963184],[74.0964746,40.2971703],[74.1016453,40.2949985],[74.1078347,40.2928554],[74.1190327,40.2959613],[74.1255478,40.2961787],[74.1302306,40.2981974],[74.1339361,40.3008682]]},"properties":{"@id":"way/1112572200","natural":"ridge"}},{"type":"Feature","geometry":{"type":"LineString","coordinates":[[74.106431,40.3101962],[74.1089749,40.3080726],[74.1145535,40.3076379],[74.1198063,40.30534],[74.1239191,40.30711],[74.1276246,40.3074205]]},"properties":{"@id":"way/1112572201","natural":"ridge"}},{"type":"Feature","geometry":{"type":"LineString","coordinates":[[74.1081923,40.3165035],[74.1043735,40.3169529],[74.0978176,40.3170771]]},"properties":{"@id":"way/1112572202","natural":"ridge"}},{"type":"Feature","geometry":{"type":"LineString","coordinates":[[74.1293348,40.3111467],[74.1235119,40.3141896],[74.1200099,40.3145312],[74.1158158,40.3171392],[74.1103363,40.3203075]]},"properties":{"@id":"way/1112572203","natural":"ridge"}},{"type":"Feature","geometry":{"type":"LineString","coordinates":[[74.1288869,40.3261115],[74.1203357,40.3264219],[74.1167524,40.3290916],[74.1156122,40.3309851]]},"properties":{"@id":"way/1112572204","natural":"ridge"}},{"type":"Feature","geometry":{"type":"LineString","coordinates":[[74.1416729,40.327943],[74.1470886,40.3340892]]},"properties":{"@id":"way/1112572205","natural":"ridge"}},{"type":"Feature","geometry":{"type":"LineString","coordinates":[[74.1203357,40.3264219],[74.1237044,40.3239148],[74.1277084,40.322487],[74.1295384,40.3221688],[74.1342619,40.323007],[74.1354428,40.3256458],[74.138171,40.327229],[74.1416729,40.327943],[74.1462335,40.3270428],[74.1474551,40.3274463],[74.149369,40.3297124],[74.1523008,40.3312335],[74.1538074,40.3365413],[74.1583273,40.3403901],[74.1618292,40.3420971]]},"properties":{"@id":"way/1112572206","natural":"ridge"}},{"type":"Feature","geometry":{"type":"LineString","coordinates":[[74.1407363,40.3046568],[74.1400034,40.3079174],[74.13642,40.3108052],[74.13642,40.318319],[74.1342619,40.323007]]},"properties":{"@id":"way/1112572207","natural":"ridge"}},{"type":"Feature","geometry":{"type":"LineString","coordinates":[[74.0856831,40.3151211],[74.0812854,40.3132892],[74.0768062,40.3130097],[74.0746073,40.3120161]]},"properties":{"@id":"way/1112572208","natural":"ridge"}},{"type":"Feature","geometry":{"type":"LineString","coordinates":[[74.1001653,40.3056472],[74.0934606,40.3084142],[74.0910581,40.3127303],[74.0856831,40.3151211],[74.0829142,40.3207717]]},"properties":{"@id":"way/1112572209","natural":"ridge"}},{"type":"Feature","geometry":{"type":"LineString","coordinates":[[74.1100788,40.3250191],[74.1026226,40.3217341],[74.0980212,40.3211132],[74.0917911,40.3214858]]},"properties":{"@id":"way/1112572210","natural":"ridge"}},{"type":"Feature","geometry":{"type":"LineString","coordinates":[[74.1091775,40.3264914],[74.1019303,40.3271359],[74.0918318,40.3285018],[74.0876377,40.3276947],[74.0856017,40.3268565],[74.0813668,40.3266082]]},"properties":{"@id":"way/1112572211","natural":"ridge"}},{"type":"Feature","geometry":{"type":"LineString","coordinates":[[74.1121816,40.3308427],[74.1156122,40.3309851],[74.1224939,40.3326924],[74.1274617,40.333127],[74.1311672,40.3352687],[74.1357278,40.3368207],[74.1372752,40.3380933],[74.1483102,40.3431833],[74.1536853,40.3452317],[74.1552326,40.3468144],[74.1561284,40.3499178]]},"properties":{"@id":"way/1112572212","natural":"ridge"}},{"type":"Feature","geometry":{"type":"LineString","coordinates":[[74.1265251,40.3400176],[74.1187069,40.3393969],[74.1163859,40.338714],[74.1102669,40.3383471],[74.1041292,40.3392417],[74.1005459,40.3407315],[74.0899994,40.3412591],[74.0863346,40.3407004]]},"properties":{"@id":"way/1112572213","natural":"ridge"}},{"type":"Feature","geometry":{"type":"LineString","coordinates":[[74.1099521,40.348242],[74.1041699,40.3466593]]},"properties":{"@id":"way/1112572214","natural":"ridge"}},{"type":"Feature","geometry":{"type":"LineString","coordinates":[[74.11201,40.348016],[74.1099521,40.348242],[74.1084048,40.3508177],[74.1059616,40.3512522],[74.1019303,40.3500109],[74.0997722,40.3501661],[74.0966775,40.3507246],[74.0924426,40.3502281]]},"properties":{"@id":"way/1112572215","natural":"ridge"}},{"type":"Feature","geometry":{"type":"LineString","coordinates":[[74.1284916,40.3637479],[74.1309636,40.360313],[74.1339361,40.3586064],[74.1400441,40.3589167],[74.1462335,40.3596614]]},"properties":{"@id":"way/1112572216","natural":"ridge"}},{"type":"Feature","geometry":{"type":"LineString","coordinates":[[74.1167736,40.349128],[74.1211908,40.3480558],[74.1248963,40.3498247],[74.1371937,40.3506626],[74.1461928,40.3533313],[74.1518936,40.3595373]]},"properties":{"@id":"way/1112572217","natural":"ridge"}},{"type":"Feature","geometry":{"type":"LineString","coordinates":[[74.1358709,40.3722147],[74.1385375,40.3703032],[74.1417543,40.3694656],[74.1480252,40.3725989],[74.1525451,40.3727851],[74.1577572,40.3743051],[74.1635395,40.3744913]]},"properties":{"@id":"way/1112572218","natural":"ridge"}},{"type":"Feature","geometry":{"type":"LineString","coordinates":[[74.1518936,40.3837661],[74.1541739,40.3885115],[74.1553955,40.389566],[74.1557212,40.3919851]]},"properties":{"@id":"way/1112572219","natural":"ridge"}},{"type":"Feature","geometry":{"type":"LineString","coordinates":[[74.1479845,40.383642],[74.1494097,40.3913648],[74.1504277,40.3928535]]},"properties":{"@id":"way/1112572220","natural":"ridge"}},{"type":"Feature","geometry":{"type":"LineString","coordinates":[[74.1381025,40.3779688],[74.1444826,40.3812536],[74.1479845,40.383642],[74.1518936,40.3837661],[74.1566578,40.3845105],[74.1655347,40.3834249]]},"properties":{"@id":"way/1112572221","natural":"ridge"}},{"type":"Feature","geometry":{"type":"LineString","coordinates":[[74.1321802,40.3704492],[74.1289276,40.3793925],[74.1259957,40.3840452],[74.1257514,40.3919851]]},"properties":{"@id":"way/1112572222","natural":"ridge"}},{"type":"Feature","geometry":{"type":"LineString","coordinates":[[74.0074199,40.3964734],[74.0066368,40.3985805],[74.0070022,40.4010852],[74.0113353,40.4041464],[74.0125883,40.4060148],[74.0121184,40.4093938],[74.0146243,40.414124]]},"properties":{"@id":"way/1112572240","natural":"ridge"}},{"type":"Feature","geometry":{"type":"LineString","coordinates":[[73.9725463,40.3974673],[73.9789155,40.3983818],[73.9820478,40.4006082],[73.9833008,40.4063726]]},"properties":{"@id":"way/1112572241","natural":"ridge"}},{"type":"Feature","geometry":{"type":"LineString","coordinates":[[74.0071589,40.376591],[74.0053125,40.3773988],[73.9966133,40.3812042],[73.9923846,40.3810849],[73.9866419,40.3782613],[73.980325,40.3767898]]},"properties":{"@id":"way/1112572242","natural":"ridge"}},{"type":"Feature","geometry":{"type":"LineString","coordinates":[[74.0191662,40.3853797],[74.0154596,40.3814428],[74.0127449,40.3801305],[74.0110221,40.3782216],[74.0071589,40.376591],[74.005175,40.3730911],[74.002617,40.3715001],[73.9978662,40.3703467],[73.9957258,40.3695114]]},"properties":{"@id":"way/1112572243","natural":"ridge"}},{"type":"Feature","geometry":{"type":"LineString","coordinates":[[74.0728936,40.3908626],[74.0769582,40.3891971],[74.0775324,40.3884018],[74.0785244,40.3870101],[74.0810824,40.3850218],[74.0839538,40.3839879],[74.0890699,40.3815224],[74.0908972,40.3811247],[74.0945516,40.3783011],[74.0943427,40.3742047]]},"properties":{"@id":"way/1112572244","natural":"ridge"}},{"type":"Feature","geometry":{"type":"LineString","coordinates":[[74.0488714,40.3908274],[74.0495501,40.3937697],[74.0481405,40.3965131],[74.0486626,40.3992962],[74.0497067,40.4008467],[74.0503332,40.4039874],[74.0517427,40.4057365],[74.0527346,40.4110235]]},"properties":{"@id":"way/1112572245","natural":"ridge"}},{"type":"Feature","geometry":{"type":"LineString","coordinates":[[74.0953869,40.4113018],[74.0978405,40.414283],[74.0984148,40.4213578]]},"properties":{"@id":"way/1112572246","natural":"ridge"}},{"type":"Feature","geometry":{"type":"LineString","coordinates":[[74.1015994,40.4059751],[74.1052016,40.4094335],[74.1069244,40.41317],[74.1134501,40.4159921]]},"properties":{"@id":"way/1112572247","natural":"ridge"}},{"type":"Feature","geometry":{"type":"LineString","coordinates":[[74.1029045,40.4021189],[74.1026957,40.4038283],[74.1015994,40.4059751],[74.0984148,40.4095925]]},"properties":{"@id":"way/1112572248","natural":"ridge"}},{"type":"Feature","geometry":{"type":"LineString","coordinates":[[74.0860942,40.3986998],[74.0896964,40.4071279],[74.0891222,40.4136868],[74.0921501,40.4190129]]},"properties":{"@id":"way/1112572249","natural":"ridge"}},{"type":"Feature","geometry":{"type":"LineString","coordinates":[[74.0762828,40.3967115],[74.0821788,40.3971095],[74.0860942,40.3986998],[74.0919413,40.3973878],[74.1029045,40.4021189],[74.1078641,40.4023972],[74.1110486,40.404862],[74.1198192,40.4074062]]},"properties":{"@id":"way/1112572250","natural":"ridge"}},{"type":"Feature","geometry":{"type":"LineString","coordinates":[[74.0776369,40.4024767],[74.0741913,40.4046234],[74.0720508,40.4081217],[74.071581,40.4114608]]},"properties":{"@id":"way/1112572251","natural":"ridge"}},{"type":"Feature","geometry":{"type":"LineString","coordinates":[[74.0663604,40.4293459],[74.0642199,40.4317303],[74.0644288,40.4330416],[74.0654729,40.4345119],[74.0652641,40.4372139]]},"properties":{"@id":"way/1112572252","natural":"ridge"}},{"type":"Feature","geometry":{"type":"LineString","coordinates":[[74.0629476,40.4269968],[74.0655251,40.4278358],[74.0663604,40.4293459],[74.0699104,40.4309355],[74.0706935,40.433439],[74.0706413,40.4353066]]},"properties":{"@id":"way/1112572253","natural":"ridge"}},{"type":"Feature","geometry":{"type":"LineString","coordinates":[[74.066275,40.4170074],[74.0725207,40.4226296],[74.0767494,40.4244578],[74.0812391,40.4250142],[74.0832751,40.4278358],[74.082753,40.4316905],[74.0828052,40.4343529]]},"properties":{"@id":"way/1112572254","natural":"ridge"}},{"type":"Feature","geometry":{"type":"LineString","coordinates":[[74.0525258,40.3968312],[74.054353,40.3949625],[74.0552405,40.3932528],[74.0580074,40.3910262],[74.0634574,40.3913017],[74.066517,40.3893561],[74.0720508,40.3902309],[74.0728936,40.3908626],[74.0753398,40.3926962],[74.0762828,40.3967115],[74.0776369,40.4024767],[74.0813957,40.4071676],[74.0845802,40.414283],[74.0858332,40.4190526],[74.0885479,40.4222719],[74.0903751,40.4262859],[74.087817,40.4357437]]},"properties":{"@id":"way/1112572255","natural":"ridge"}},{"type":"Feature","geometry":{"type":"LineString","coordinates":[[73.991471,40.2831647],[73.9939508,40.2839413],[73.9963784,40.2840807],[73.998049,40.2848175],[74.0033479,40.284698],[74.0050707,40.285156],[74.0095865,40.2844192],[74.0165821,40.2850166],[74.0186964,40.2860122],[74.0212023,40.2884813],[74.0268666,40.289437],[74.0395266,40.2905122],[74.0418236,40.2919457],[74.0455824,40.2927023],[74.0484277,40.2944345],[74.0517166,40.295211],[74.0542486,40.2967639],[74.0586078,40.3014224]]},"properties":{"@id":"way/1112572256","natural":"ridge"}},{"type":"Feature","geometry":{"type":"LineString","coordinates":[[73.937602,40.3258043],[73.9429235,40.3239394],[73.9452409,40.3220744],[73.9453268,40.3198167],[73.9490175,40.3090508],[73.94861,40.3000686],[73.9565975,40.2947729],[73.9588162,40.2938173],[73.9617397,40.2901538],[73.96435,40.2886605],[73.9705886,40.2886804],[73.9747651,40.2900941],[73.9816041,40.2888596],[73.9840839,40.2890388],[73.985885,40.287426],[73.9888346,40.2861317],[73.991471,40.2831647],[73.9916276,40.2814323],[73.9926979,40.2800583],[73.9921236,40.2773898],[73.9887041,40.2713554],[73.9882604,40.2689853],[73.9888085,40.2668143],[73.9890956,40.2636274]]},"properties":{"@id":"way/1112572257","natural":"ridge"}},{"type":"Feature","geometry":{"type":"LineString","coordinates":[[73.9141886,40.2966066],[73.9143554,40.2985602],[73.9141318,40.3009261],[73.9153335,40.3091103],[73.9130698,40.311902],[73.9119519,40.3153756],[73.9125667,40.3207028]]},"properties":{"@id":"way/1112572271","natural":"ridge"}},{"type":"Feature","geometry":{"type":"LineString","coordinates":[[73.9347273,40.2995307],[73.9361821,40.3041445],[73.9354276,40.3076397],[73.9343935,40.3107086],[73.9313473,40.313479],[73.930956,40.3160362],[73.9290556,40.3186146],[73.9280774,40.323281],[73.928329,40.3273718],[73.9299499,40.3318672],[73.9317385,40.3342319],[73.9338346,40.3362983],[73.9342258,40.3375765],[73.9337507,40.3396002],[73.9343097,40.3416665],[73.9381384,40.3453089],[73.9411567,40.3511023],[73.9421628,40.3543396],[73.9434763,40.360771],[73.945237,40.3653068],[73.9439794,40.3679259]]},"properties":{"@id":"way/1112572272","natural":"ridge"}},{"type":"Feature","geometry":{"type":"LineString","coordinates":[[73.9234447,40.3692947],[73.9230749,40.3732702],[73.9243325,40.3756122],[73.9241648,40.3791676]]},"properties":{"@id":"way/1112572273","natural":"ridge"}},{"type":"Feature","geometry":{"type":"LineString","coordinates":[[73.9067537,40.3594081],[73.9035398,40.3600896],[73.9001582,40.3602387]]},"properties":{"@id":"way/1112572274","natural":"ridge"}},{"type":"Feature","geometry":{"type":"LineString","coordinates":[[73.9042105,40.3642634],[73.8992918,40.363944]]},"properties":{"@id":"way/1112572275","natural":"ridge"}},{"type":"Feature","geometry":{"type":"LineString","coordinates":[[73.9035677,40.3660095],[73.9083467,40.3695654],[73.9101074,40.3733341]]},"properties":{"@id":"way/1112572276","natural":"ridge"}},{"type":"Feature","geometry":{"type":"LineString","coordinates":[[73.9064184,40.3616441],[73.9080952,40.3633477],[73.910331,40.3642634],[73.9126226,40.3676278]]},"properties":{"@id":"way/1112572277","natural":"ridge"}},{"type":"Feature","geometry":{"type":"LineString","coordinates":[[73.9082908,40.3572572],[73.9067537,40.3594081],[73.9064184,40.3616441],[73.9042105,40.3642634],[73.9035677,40.3660095],[73.9053005,40.3739515],[73.9078716,40.3780393]]},"properties":{"@id":"way/1112572278","natural":"ridge"}},{"type":"Feature","geometry":{"type":"LineString","coordinates":[[73.8958955,40.345735],[73.8934229,40.3451811],[73.891243,40.3451385],[73.8883086,40.3447551]]},"properties":{"@id":"way/1112572279","natural":"ridge"}},{"type":"Feature","geometry":{"type":"LineString","coordinates":[[73.8920256,40.3503569],[73.8885042,40.3498457],[73.8830825,40.3485891],[73.8744188,40.3505698]]},"properties":{"@id":"way/1112572280","natural":"ridge"}},{"type":"Feature","geometry":{"type":"LineString","coordinates":[[73.8837532,40.3541053],[73.8805113,40.3534664],[73.8773812,40.3531895]]},"properties":{"@id":"way/1112572281","natural":"ridge"}},{"type":"Feature","geometry":{"type":"LineString","coordinates":[[73.8935626,40.3588118],[73.8905164,40.3521033],[73.8867435,40.3525932],[73.8837532,40.3541053],[73.8817969,40.3564054],[73.8781917,40.3570017],[73.8743909,40.3551915],[73.8715962,40.3543609]]},"properties":{"@id":"way/1112572282","natural":"ridge"}},{"type":"Feature","geometry":{"type":"LineString","coordinates":[[73.8950192,40.3494917],[73.8920256,40.3503569],[73.8905164,40.3521033],[73.8889514,40.355447],[73.889147,40.3604303],[73.8898457,40.363582],[73.8896221,40.369097]]},"properties":{"@id":"way/1112572283","natural":"ridge"}},{"type":"Feature","geometry":{"type":"LineString","coordinates":[[73.880679,40.3284584],[73.8787786,40.3309724],[73.8737201,40.3340189],[73.8721686,40.3375087]]},"properties":{"@id":"way/1112572284","natural":"ridge"}},{"type":"Feature","geometry":{"type":"LineString","coordinates":[[73.8982969,40.3389976],[73.8883924,40.3404949],[73.8855698,40.3415387],[73.8791978,40.3416878],[73.8762354,40.3425185],[73.8744468,40.3441161]]},"properties":{"@id":"way/1112572285","natural":"ridge"}},{"type":"Feature","geometry":{"type":"LineString","coordinates":[[73.884899,40.3276275],[73.8862125,40.3304611],[73.8857095,40.3342319],[73.8831663,40.3373422]]},"properties":{"@id":"way/1112572286","natural":"ridge"}},{"type":"Feature","geometry":{"type":"LineString","coordinates":[[73.8896792,40.3242966],[73.8860728,40.3262639],[73.884899,40.3276275],[73.880679,40.3284584],[73.8739158,40.3287354]]},"properties":{"@id":"way/1112572287","natural":"ridge"}},{"type":"Feature","geometry":{"type":"LineString","coordinates":[[73.8769178,40.3147337],[73.8801218,40.3153602],[73.8845308,40.3191395],[73.8875705,40.3202252],[73.8884195,40.3228351],[73.8896792,40.3242966],[73.8915139,40.3250899],[73.8935404,40.32747],[73.8973743,40.3336284],[73.8972648,40.3373859],[73.8982969,40.3389976],[73.8983876,40.3391393],[73.8980863,40.3428129],[73.8963611,40.3445453],[73.8958955,40.345735],[73.8958955,40.3475716],[73.8950192,40.3494917],[73.8993734,40.3525387],[73.9036181,40.3534778],[73.904823,40.3544795],[73.9071233,40.3552308],[73.9082908,40.3572572],[73.9130111,40.3589662],[73.9175844,40.3625344],[73.9220481,40.3649757],[73.9223493,40.3682515],[73.9234447,40.3692947],[73.9285383,40.3698789],[73.9310304,40.3711099],[73.9330294,40.375658],[73.9350012,40.3778067],[73.9392184,40.3811654],[73.9434631,40.3857754]]},"properties":{"@id":"way/1112572288","natural":"ridge"}},{"type":"Feature","geometry":{"type":"LineString","coordinates":[[73.9169168,40.2751384],[73.9167022,40.2806061],[73.9175605,40.2841092],[73.915286,40.2870555],[73.9088058,40.2897726],[73.9079175,40.2921576],[73.9049873,40.2945388],[73.9028513,40.2971496],[73.8989079,40.2991965],[73.8971826,40.3008464],[73.89721,40.303833],[73.8957312,40.3081559],[73.893294,40.3104948],[73.893157,40.3128544],[73.8901447,40.3152975],[73.8898709,40.3176779],[73.8884742,40.3197659],[73.8875705,40.3202252]]},"properties":{"@id":"way/1112572289","natural":"ridge"}},{"type":"Feature","geometry":{"type":"LineString","coordinates":[[73.8874062,40.2915936],[73.888173,40.2960426],[73.8849416,40.2981313],[73.8841748,40.3012432],[73.8831889,40.3025381],[73.881984,40.3070491]]},"properties":{"@id":"way/1112572290","natural":"ridge"}},{"type":"Feature","geometry":{"type":"LineString","coordinates":[[73.8650053,40.2872905],[73.8643481,40.2886065],[73.863198,40.289651],[73.8634444,40.2934317],[73.8656626,40.2976091],[73.8648684,40.302016],[73.8650601,40.304188],[73.8620478,40.3113718],[73.8618561,40.3143579],[73.8626503,40.31749],[73.8613906,40.3231274],[73.8615549,40.3262173]]},"properties":{"@id":"way/1112572291","natural":"ridge"}},{"type":"Feature","geometry":{"type":"LineString","coordinates":[[73.8492864,40.282444],[73.848547,40.2871651],[73.8463563,40.2886901],[73.8452882,40.2926589],[73.8469587,40.2946014],[73.8489031,40.307237],[73.848328,40.3116015]]},"properties":{"@id":"way/1112572292","natural":"ridge"}},{"type":"Feature","geometry":{"type":"LineString","coordinates":[[73.9840201,40.3199121],[73.9774477,40.3226681],[73.9758046,40.3257163],[73.9736138,40.3277623],[73.9687941,40.3297247],[73.9662747,40.331353],[73.9613454,40.3333571],[73.9567447,40.3372815],[73.9571829,40.3398698],[73.9544992,40.3472168]]},"properties":{"@id":"way/1112572293","natural":"ridge"}},{"type":"Feature","geometry":{"type":"LineString","coordinates":[[73.9787622,40.3500135],[73.9739972,40.3507648],[73.9681916,40.3529352],[73.9600309,40.3546882],[73.9565257,40.3546882],[73.9519798,40.3560238]]},"properties":{"@id":"way/1112572294","natural":"ridge"}},{"type":"Feature","geometry":{"type":"LineString","coordinates":[[74.0050791,40.3557734],[74.007352,40.3576098],[74.0078997,40.3606981]]},"properties":{"@id":"way/1112572295","natural":"ridge"}},{"type":"Feature","geometry":{"type":"LineString","coordinates":[[74.0111038,40.3419571],[74.0094607,40.3473003],[74.0070508,40.3522674],[74.0050791,40.3557734],[74.0020942,40.358841],[73.9968089,40.3628891],[73.9937691,40.3642454]]},"properties":{"@id":"way/1112572296","natural":"ridge"}},{"type":"Feature","geometry":{"type":"LineString","coordinates":[[74.0264667,40.3604895],[74.0205515,40.363369],[74.0132672,40.3637029],[74.0090499,40.3664154]]},"properties":{"@id":"way/1112572297","natural":"ridge"}},{"type":"Feature","geometry":{"type":"LineString","coordinates":[[74.0203051,40.3439191],[74.0208254,40.3473838],[74.0202229,40.3498465],[74.0208254,40.3515996],[74.0241664,40.3551473],[74.0249605,40.3587366],[74.0264667,40.3604895],[74.0313686,40.3613241],[74.0345004,40.3624726],[74.0363527,40.3632438],[74.0379684,40.3650174],[74.0397758,40.3686062],[74.0449789,40.3700875],[74.0492457,40.372754]]},"properties":{"@id":"way/1112572298","natural":"ridge"}},{"type":"Feature","geometry":{"type":"LineString","coordinates":[[73.9861014,40.3678133],[73.9865122,40.3631604],[73.9854168,40.3620545],[73.9856084,40.3611572],[73.9867038,40.3606773],[73.986786,40.3592166],[73.9858549,40.3573802],[73.9837189,40.3558568],[73.9825413,40.3524552],[73.9801862,40.3516831],[73.9787622,40.3500135],[73.9792278,40.3474881],[73.9785979,40.3441696],[73.979885,40.3415188],[73.9817746,40.3406839],[73.9840475,40.3382208],[73.9857728,40.3373859],[73.9884017,40.3345469],[73.9902913,40.3336284],[73.9937691,40.3332318],[73.9988901,40.3333571],[74.0018203,40.3341503],[74.0034086,40.3352775],[74.0048503,40.3372218],[74.007845,40.339849],[74.0092416,40.3413518],[74.0111038,40.3419571],[74.0141161,40.3420824],[74.01795,40.3427503],[74.0203051,40.3439191],[74.0251796,40.3422911],[74.0290409,40.3420197],[74.0324092,40.3435017],[74.0393376,40.3439817],[74.0416653,40.3440026],[74.0457457,40.3433764],[74.0495796,40.3439191]]},"properties":{"@id":"way/1112572299","natural":"ridge"}},{"type":"Feature","geometry":{"type":"LineString","coordinates":[[73.9729019,40.3734674],[73.9681917,40.3693156],[73.9667676,40.3661859],[73.9664664,40.3634942]]},"properties":{"@id":"way/1112572300","natural":"ridge"}},{"type":"Feature","geometry":{"type":"LineString","coordinates":[[73.9765988,40.3724034],[73.9771465,40.3689817],[73.9756951,40.3628474],[73.9749831,40.3618875],[73.974901,40.3605729],[73.9742985,40.3594252]]},"properties":{"@id":"way/1112572301","natural":"ridge"}},{"type":"Feature","geometry":{"type":"LineString","coordinates":[[73.955622,40.3602808],[73.9593463,40.3618875],[73.9633171,40.361971],[73.9679128,40.3623844]]},"properties":{"@id":"way/1112572302","natural":"ridge"}},{"type":"Feature","geometry":{"type":"LineString","coordinates":[[73.9542254,40.3739055],[73.9558411,40.3690443],[73.9583605,40.3657268],[73.9604417,40.3644332],[73.9664664,40.3634942],[73.9679128,40.3623844],[73.9703551,40.3605103],[73.9742985,40.3594252],[73.9801862,40.3516831]]},"properties":{"@id":"way/1112572303","natural":"ridge"}},{"type":"Feature","geometry":{"type":"LineString","coordinates":[[73.9491592,40.3874858],[73.952418,40.385379],[73.9547183,40.3843569],[73.9566626,40.3822084],[73.9567722,40.3809568],[73.9555946,40.3787664],[73.9554029,40.3756997],[73.9542254,40.3739055],[73.9514595,40.373071],[73.9514047,40.3705674]]},"properties":{"@id":"way/1112572304","natural":"ridge"}},{"type":"Feature","geometry":{"type":"LineString","coordinates":[[73.9655901,40.3955993],[73.9653436,40.3935762],[73.963235,40.3925542],[73.9615919,40.3898636],[73.9592094,40.3886539],[73.9579223,40.3871521],[73.9568269,40.386714],[73.9547183,40.3843569]]},"properties":{"@id":"way/1112572305","natural":"ridge"}},{"type":"Feature","geometry":{"type":"LineString","coordinates":[[73.8216877,40.2627934],[73.8242626,40.2653478],[73.8323663,40.2702759],[73.8376204,40.2718723],[73.842714,40.2755496],[73.8449596,40.2781403],[73.8466575,40.2806473],[73.848191,40.281274],[73.8492864,40.282444],[73.855092,40.2825275],[73.858652,40.2831542],[73.8612262,40.2854522],[73.864088,40.2859424],[73.8650053,40.2872905],[73.8698799,40.2882514],[73.8727827,40.2899225],[73.8797932,40.2902567],[73.8836271,40.2905074],[73.8874062,40.2915936],[73.8923355,40.290591],[73.8954573,40.2892959],[73.9079175,40.2921576],[73.909588,40.2927216],[73.9126003,40.2958129],[73.9141886,40.2966066],[73.9210348,40.2955622],[73.9242115,40.2961053],[73.9267309,40.2971914],[73.9324817,40.2978598],[73.9347273,40.2995307],[73.9469146,40.3000029],[73.94861,40.3000686],[73.9576758,40.305086],[73.9601952,40.3078009],[73.9652341,40.3097221],[73.9672214,40.3113771],[73.9693966,40.3131885],[73.9808435,40.3166548],[73.9840201,40.3199121],[73.987854,40.3213318],[73.9886755,40.3232109],[73.9890589,40.3261756],[73.9916879,40.3290149],[73.9937691,40.3332318]]},"properties":{"@id":"way/1112572306","natural":"ridge"}},{"type":"Feature","geometry":{"type":"LineString","coordinates":[[74.0332603,40.3033563],[74.0293979,40.3119307],[74.0271663,40.3195877],[74.0293147,40.323712],[74.0390539,40.3181152],[74.0426238,40.3177406],[74.0445353,40.3179745],[74.0514965,40.3188263],[74.0568092,40.3187846],[74.0675988,40.3219582],[74.0735139,40.3222505]]},"properties":{"@id":"way/1112572307","natural":"ridge"}},{"type":"Feature","geometry":{"type":"LineString","coordinates":[[74.0018203,40.3341503],[74.0036277,40.331687],[74.0096524,40.3289731],[74.0168272,40.3275117],[74.0193466,40.327136],[74.0293147,40.323712],[74.0311769,40.3241713],[74.0342988,40.3262591],[74.0369825,40.3268019],[74.0434453,40.3312278],[74.0474435,40.3331483],[74.0510036,40.3366553],[74.0532491,40.3403708],[74.0548374,40.3414979],[74.0565245,40.3421749],[74.0615194,40.3435434],[74.0650246,40.3437522],[74.0714875,40.3505144],[74.0735139,40.3513909],[74.0754309,40.3548969],[74.0769097,40.3559821]]},"properties":{"@id":"way/1112572308","natural":"ridge"}},{"type":"Feature","geometry":{"type":"LineString","coordinates":[[74.0544541,40.3565664],[74.0558233,40.3528935],[74.0556042,40.348636],[74.0546184,40.3460898]]},"properties":{"@id":"way/1112572309","natural":"ridge"}},{"type":"Feature","geometry":{"type":"LineString","coordinates":[[74.0537167,40.365668],[74.056371,40.3643289],[74.0588904,40.3603225],[74.0586166,40.3571507]]},"properties":{"@id":"way/1112572310","natural":"ridge"}},{"type":"Feature","geometry":{"type":"LineString","coordinates":[[74.0421781,40.3794059],[74.0441573,40.3830637],[74.0435001,40.3864429],[74.0424595,40.3884453],[74.0416379,40.3937848],[74.0403782,40.3965795],[74.0425142,40.403253],[74.0419665,40.4062976],[74.0429524,40.4110101],[74.0396662,40.4150968],[74.0392828,40.4168899],[74.0332034,40.4213515]]},"properties":{"@id":"way/1112572311","natural":"ridge"}},{"type":"Feature","geometry":{"type":"LineString","coordinates":[[74.0452909,40.3754402],[74.0382422,40.3732588],[74.0346822,40.3725077],[74.0324366,40.3722991],[74.0287122,40.3709638],[74.0224137,40.3709638]]},"properties":{"@id":"way/1112572312","natural":"ridge"}},{"type":"Feature","geometry":{"type":"LineString","coordinates":[[74.047545,40.3745203],[74.0528849,40.3767894],[74.0525361,40.3804484],[74.0545754,40.3836985],[74.0591372,40.3865804],[74.0612839,40.3899324],[74.0634574,40.3913017],[74.0619816,40.3942038],[74.0622499,40.3979027],[74.0631354,40.3998645],[74.0633233,40.402051],[74.0642625,40.40577],[74.0635379,40.4105308],[74.0642356,40.4126761],[74.064504,40.4145966],[74.066275,40.4170074],[74.064665,40.4203169],[74.0647455,40.4229318],[74.0629476,40.4269968],[74.0614449,40.4278956],[74.0568831,40.4290395],[74.0504898,40.4308957]]},"properties":{"@id":"way/1112572313","natural":"ridge"}},{"type":"Feature","geometry":{"type":"LineString","coordinates":[[73.984378,40.3916696],[73.9889397,40.3896258],[73.9982243,40.3905251],[74.0047717,40.3897076],[74.0103532,40.3898711],[74.0191662,40.3853797],[74.0225358,40.3849249],[74.0263998,40.3830444],[74.033001,40.3822268],[74.0353623,40.3808368],[74.0421781,40.3794059],[74.0452909,40.3754402],[74.047545,40.3745203],[74.0492457,40.372754],[74.051731,40.3715969],[74.0543071,40.3696752],[74.0537167,40.365668],[74.0524287,40.3628056],[74.052697,40.361497],[74.0499063,40.3585526],[74.049477,40.3565896],[74.0495306,40.3552809]]},"properties":{"@id":"way/1112572314","natural":"ridge"}},{"type":"Feature","geometry":{"type":"LineString","coordinates":[[73.977127,40.1746435],[73.969673,40.1777586],[73.9670433,40.1801369],[73.9658089,40.182392]]},"properties":{"@id":"way/1112572315","natural":"ridge"}},{"type":"Feature","geometry":{"type":"LineString","coordinates":[[73.9767408,40.1705445],[73.9929648,40.1717307]]},"properties":{"@id":"way/1112572316","natural":"ridge"}},{"type":"Feature","geometry":{"type":"LineString","coordinates":[[74.0358352,40.1286552],[74.0363016,40.1271605],[74.0376278,40.1260889],[74.0407491,40.1240037]]},"properties":{"@id":"way/1112572317","natural":"ridge"}},{"type":"Feature","geometry":{"type":"LineString","coordinates":[[73.9172601,40.2026083],[73.9215517,40.2020838],[73.9262723,40.204411],[73.9309072,40.2100811],[73.9344263,40.2115887]]},"properties":{"@id":"way/1125066782","natural":"ridge"}},{"type":"Feature","geometry":{"type":"LineString","coordinates":[[74.501295,40.2913111],[74.5055007,40.2992979],[74.5046424,40.3086581],[74.5146846,40.3217473],[74.5207786,40.3242993],[74.5290183,40.3259352],[74.5315074,40.3277674],[74.5311641,40.3337216],[74.5345973,40.3364695],[74.5394038,40.3379088],[74.541724,40.3404909],[74.5445537,40.3445163],[74.5476436,40.3448434],[74.5491885,40.3470675],[74.5521068,40.3473292],[74.5543384,40.3505344],[74.5624065,40.3521043],[74.5686721,40.356552],[74.5792293,40.3594298],[74.5888423,40.3587757],[74.6028327,40.3597568],[74.6096992,40.362896],[74.6161365,40.3691741],[74.6264361,40.3700242],[74.6311568,40.372509],[74.63562,40.3721167],[74.6397399,40.3738822],[74.6452331,40.3731629],[74.652357,40.3740784],[74.6606826,40.3740784],[74.66403,40.3718551],[74.6648883,40.3675392],[74.6716689,40.3636808],[74.6761321,40.3594952],[74.6765613,40.3559633],[74.6793079,40.3547206],[74.683771,40.355113],[74.6916965,40.3498523]]},"properties":{"@id":"way/1125692853","natural":"ridge"}},{"type":"Feature","geometry":{"type":"LineString","coordinates":[[74.1531657,40.5577651],[74.1489601,40.558352],[74.1411066,40.5578629],[74.1359567,40.559917],[74.1281032,40.559754],[74.1227817,40.5576021],[74.1134691,40.5573738],[74.1098642,40.5566565],[74.102869,40.5573412],[74.0914106,40.5565261],[74.0834713,40.5547328],[74.0716695,40.5545697]]},"properties":{"@id":"way/1125692861","natural":"ridge"}},{"type":"Feature","geometry":{"type":"LineString","coordinates":[[74.1709327,40.3392827],[74.1769408,40.341965],[74.1793441,40.348245],[74.1783141,40.3506652],[74.1752242,40.3539357],[74.1755675,40.3574022],[74.1742801,40.3621766],[74.1705035,40.3667545]]},"properties":{"@id":"way/1125692862","natural":"ridge"}},{"type":"Feature","geometry":{"type":"LineString","coordinates":[[74.1308069,40.499442],[74.1360855,40.5041085],[74.1400337,40.5054789],[74.1433382,40.5083504],[74.146986,40.510667]]},"properties":{"@id":"way/1125692863","natural":"ridge"}},{"type":"Feature","geometry":{"type":"LineString","coordinates":[[74.1414069,40.5382645],[74.1479301,40.5337962],[74.1524791,40.529719],[74.1522646,40.526718],[74.1534662,40.5243367],[74.1577148,40.5214007],[74.160633,40.5161156],[74.1597318,40.5136687],[74.1577577,40.512331],[74.1571569,40.5060989],[74.1547107,40.5014]]},"properties":{"@id":"way/1125692864","natural":"ridge"}},{"type":"Feature","geometry":{"type":"LineString","coordinates":[[74.1142448,40.4978722],[74.1108942,40.4931762]]},"properties":{"@id":"way/1125692865","natural":"ridge"}},{"type":"Feature","geometry":{"type":"LineString","coordinates":[[74.0848445,40.4980062],[74.0925693,40.4946774],[74.0970325,40.4935678],[74.099822,40.4935678]]},"properties":{"@id":"way/1125692866","natural":"ridge"}},{"type":"Feature","geometry":{"type":"LineString","coordinates":[[74.121108,40.5045979],[74.1236829,40.508383],[74.128232,40.5110911],[74.1350984,40.5123962],[74.1382312,40.5143212]]},"properties":{"@id":"way/1125692867","natural":"ridge"}},{"type":"Feature","geometry":{"type":"LineString","coordinates":[[74.1056585,40.5028032],[74.1123533,40.5043042],[74.1135549,40.5052832],[74.118061,40.5047284],[74.121108,40.5045979],[74.1251421,40.5017263],[74.1308069,40.499442],[74.1315794,40.4953628],[74.1331672,40.4927845],[74.137845,40.4908589],[74.1443252,40.49112]]},"properties":{"@id":"way/1125692868","natural":"ridge"}},{"type":"Feature","geometry":{"type":"LineString","coordinates":[[74.1132974,40.4862895],[74.1164732,40.4843311],[74.1202497,40.4838415],[74.1262579,40.4806752],[74.1299057,40.4774762],[74.1364717,40.4762684],[74.1408491,40.4759746],[74.1432523,40.4765295]]},"properties":{"@id":"way/1125692869","natural":"ridge"}},{"type":"Feature","geometry":{"type":"LineString","coordinates":[[74.1057872,40.5244998],[74.1072893,40.5228687],[74.1077184,40.5199653],[74.106903,40.5163114],[74.1085767,40.5122331],[74.1083622,40.5108954],[74.1103792,40.5071757],[74.1123533,40.5043042],[74.1141557,40.4997684],[74.1142448,40.4978722],[74.1144561,40.493372],[74.1132974,40.4862895],[74.1141986,40.4794348],[74.1117096,40.4762684],[74.1103792,40.4731018],[74.1083622,40.4718612]]},"properties":{"@id":"way/1125692870","natural":"ridge"}},{"type":"Feature","geometry":{"type":"LineString","coordinates":[[74.0968608,40.5264571],[74.0998649,40.5355901],[74.1040277,40.5418846]]},"properties":{"@id":"way/1125692871","natural":"ridge"}},{"type":"Feature","geometry":{"type":"LineString","coordinates":[[74.0945005,40.5261634],[74.091196,40.5334374],[74.0905523,40.5377101],[74.0931272,40.5435804],[74.0977621,40.5474938]]},"properties":{"@id":"way/1125692872","natural":"ridge"}},{"type":"Feature","geometry":{"type":"LineString","coordinates":[[74.0627861,40.5110585],[74.0504694,40.516344],[74.0442895,40.5176816]]},"properties":{"@id":"way/1125692873","natural":"ridge"}},{"type":"Feature","geometry":{"type":"LineString","coordinates":[[74.0678072,40.5113195],[74.0660476,40.5092966],[74.0642881,40.5054463],[74.0633869,40.5026727],[74.0598678,40.497843]]},"properties":{"@id":"way/1125692874","natural":"ridge"}},{"type":"Feature","geometry":{"type":"LineString","coordinates":[[74.054203,40.5079262],[74.0528297,40.5024442],[74.0505123,40.4993768],[74.0443754,40.4931109],[74.041543,40.491479]]},"properties":{"@id":"way/1125692875","natural":"ridge"}},{"type":"Feature","geometry":{"type":"LineString","coordinates":[[74.0495252,40.5082525],[74.0482807,40.50574],[74.0449333,40.5035211],[74.0423154,40.4994747],[74.037981,40.4942858],[74.036479,40.4937636]]},"properties":{"@id":"way/1125692876","natural":"ridge"}},{"type":"Feature","geometry":{"type":"LineString","coordinates":[[74.0793943,40.5127878],[74.074459,40.5111238],[74.071412,40.5108301],[74.0678072,40.5113195],[74.0627861,40.5110585],[74.0571641,40.5084156],[74.054203,40.5079262],[74.0495252,40.5082525],[74.0418434,40.5118089],[74.0342474,40.5117437],[74.031887,40.5123636],[74.0247631,40.5127878]]},"properties":{"@id":"way/1125692877","natural":"ridge"}},{"type":"Feature","geometry":{"type":"LineString","coordinates":[[74.0706396,40.4870076],[74.0686225,40.4835151],[74.0641594,40.4815239],[74.0624427,40.4793042],[74.0575504,40.4764642],[74.0515422,40.4743097]]},"properties":{"@id":"way/1125692878","natural":"ridge"}},{"type":"Feature","geometry":{"type":"LineString","coordinates":[[74.0763473,40.4871055],[74.0779781,40.4836783],[74.0773344,40.479598],[74.0750169,40.4755502],[74.0713691,40.4720244],[74.0645456,40.4694453],[74.0615415,40.4690209],[74.0567779,40.4708491],[74.0497827,40.4695432],[74.0477228,40.470588]]},"properties":{"@id":"way/1125692879","natural":"ridge"}},{"type":"Feature","geometry":{"type":"LineString","coordinates":[[74.0852737,40.5210419],[74.0835571,40.5197043],[74.08257,40.5178447],[74.0791368,40.515039],[74.0793943,40.5127878],[74.0853595,40.50574],[74.084115,40.5022485],[74.0848445,40.4980062],[74.0838146,40.4960807],[74.0810251,40.4946448],[74.0809392,40.4905326],[74.0763473,40.4871055],[74.0706396,40.4870076],[74.0663051,40.4888027],[74.0598249,40.4887375],[74.0556621,40.4903367],[74.0478944,40.4887375]]},"properties":{"@id":"way/1125692880","natural":"ridge"}},{"type":"Feature","geometry":{"type":"LineString","coordinates":[[74.0449332,40.5374166],[74.0467357,40.5466133],[74.0462637,40.5511134]]},"properties":{"@id":"way/1125692881","natural":"ridge"}},{"type":"Feature","geometry":{"type":"LineString","coordinates":[[74.0611553,40.5336005],[74.0567779,40.5441022],[74.0560484,40.5492221]]},"properties":{"@id":"way/1125692882","natural":"ridge"}},{"type":"Feature","geometry":{"type":"LineString","coordinates":[[74.064846,40.5335027],[74.0657043,40.5416889],[74.0634727,40.5463198]]},"properties":{"@id":"way/1125692883","natural":"ridge"}},{"type":"Feature","geometry":{"type":"LineString","coordinates":[[74.0757465,40.5301104],[74.0782785,40.5420151],[74.0834283,40.548309]]},"properties":{"@id":"way/1125692884","natural":"ridge"}},{"type":"Feature","geometry":{"type":"LineString","coordinates":[[74.0332603,40.5233254],[74.0310716,40.5251196],[74.0240764,40.5248586]]},"properties":{"@id":"way/1125692885","natural":"ridge"}},{"type":"Feature","geometry":{"type":"LineString","coordinates":[[74.0507697,40.5329808],[74.0332603,40.5233254],[74.025321,40.5203568]]},"properties":{"@id":"way/1125692886","natural":"ridge"}},{"type":"Feature","geometry":{"type":"LineString","coordinates":[[74.0267801,40.5342528],[74.024806,40.5309258],[74.0215873,40.5285773]]},"properties":{"@id":"way/1125692887","natural":"ridge"}},{"type":"Feature","geometry":{"type":"LineString","coordinates":[[74.0383243,40.5393082],[74.0319299,40.5353291],[74.0267801,40.5342528],[74.0209865,40.533894]]},"properties":{"@id":"way/1125692888","natural":"ridge"}},{"type":"Feature","geometry":{"type":"LineString","coordinates":[[73.9712905,40.5084483],[73.9706468,40.5129183],[73.9714193,40.5165071]]},"properties":{"@id":"way/1125692889","natural":"ridge"}},{"type":"Feature","geometry":{"type":"LineString","coordinates":[[73.86904,40.513256],[73.8551616,40.5205199],[73.851385,40.5309585]]},"properties":{"@id":"way/1125692890","natural":"ridge"}},{"type":"Feature","geometry":{"type":"LineString","coordinates":[[73.841257,40.5013348],[73.8319873,40.5118416],[73.8322448,40.51791],[73.8291549,40.5246955]]},"properties":{"@id":"way/1125692891","natural":"ridge"}},{"type":"Feature","geometry":{"type":"LineString","coordinates":[[73.8529729,40.4967661],[73.8488531,40.4919686],[73.846879,40.4873013],[73.8425874,40.4818504]]},"properties":{"@id":"way/1125692892","natural":"ridge"}},{"type":"Feature","geometry":{"type":"LineString","coordinates":[[73.940134,40.5008779],[73.9427948,40.5003558],[73.947258,40.4985283],[73.9501762,40.4989199]]},"properties":{"@id":"way/1125692893","natural":"ridge"}},{"type":"Feature","geometry":{"type":"LineString","coordinates":[[73.9642349,40.4900868],[73.9615917,40.4924255],[73.9608621,40.493731],[73.9615058,40.4956238]]},"properties":{"@id":"way/1125692894","natural":"ridge"}},{"type":"Feature","geometry":{"type":"LineString","coordinates":[[73.8124179,40.5119069],[73.8165378,40.516866],[73.8169669,40.5238474]]},"properties":{"@id":"way/1125692895","natural":"ridge"}},{"type":"Feature","geometry":{"type":"LineString","coordinates":[[73.7990284,40.4904999],[73.8026762,40.491936],[73.8044786,40.4948732],[73.808813,40.4981367],[73.8006591,40.4992462],[73.7962818,40.4976472],[73.794651,40.4955912],[73.7917757,40.4947427]]},"properties":{"@id":"way/1125692896","natural":"ridge"}},{"type":"Feature","geometry":{"type":"LineString","coordinates":[[73.7930202,40.4515518],[73.795166,40.4563522],[73.7957668,40.4611522]]},"properties":{"@id":"way/1125692897","natural":"ridge"}},{"type":"Feature","geometry":{"type":"LineString","coordinates":[[73.8828849,40.4498863],[73.8800525,40.4475676],[73.8769197,40.4465878]]},"properties":{"@id":"way/1125692898","natural":"ridge"}},{"type":"Feature","geometry":{"type":"LineString","coordinates":[[73.8794517,40.4528907],[73.8736581,40.4515845],[73.8700532,40.4497557]]},"properties":{"@id":"way/1125692899","natural":"ridge"}},{"type":"Feature","geometry":{"type":"LineString","coordinates":[[73.846836,40.4009477],[73.8455486,40.4055556],[73.8464927,40.4091502],[73.845849,40.4122544]]},"properties":{"@id":"way/1125692900","natural":"ridge"}},{"type":"Feature","geometry":{"type":"LineString","coordinates":[[74.3797587,40.2263349],[74.3766688,40.2300046],[74.3733214,40.237671]]},"properties":{"@id":"way/1125692981","natural":"ridge"}},{"type":"Feature","geometry":{"type":"LineString","coordinates":[[74.3813037,40.2302667],[74.3868827,40.2375399]]},"properties":{"@id":"way/1125692982","natural":"ridge"}},{"type":"Feature","geometry":{"type":"LineString","coordinates":[[74.3859386,40.2210922],[74.3880843,40.2246311],[74.3880843,40.2272524],[74.3906592,40.2328878]]},"properties":{"@id":"way/1125692983","natural":"ridge"}},{"type":"Feature","geometry":{"type":"LineString","coordinates":[[74.4063663,40.1681834],[74.3941783,40.1704789],[74.3869685,40.1692328]]},"properties":{"@id":"way/1125692984","natural":"ridge"}},{"type":"Feature","geometry":{"type":"LineString","coordinates":[[74.4103145,40.1651663],[74.4015597,40.162149],[74.3968391,40.1572293]]},"properties":{"@id":"way/1125692985","natural":"ridge"}},{"type":"Feature","geometry":{"type":"LineString","coordinates":[[74.4150352,40.1656254],[74.4103145,40.1651663],[74.4063663,40.1681834],[74.4031905,40.174414],[74.3998431,40.1769716],[74.3873977,40.176906],[74.3762397,40.1783488]]},"properties":{"@id":"way/1125692986","natural":"ridge"}},{"type":"Feature","geometry":{"type":"LineString","coordinates":[[74.4059788,40.1356569],[74.4042205,40.1380063],[74.4017314,40.1397779],[74.3946075,40.1474545],[74.3940925,40.1504724]]},"properties":{"@id":"way/1125692987","natural":"ridge"}},{"type":"Feature","geometry":{"type":"LineString","coordinates":[[74.3194045,40.102251],[74.3205356,40.1061745],[74.3226813,40.1097194],[74.322853,40.1118857]]},"properties":{"@id":"way/1125692988","natural":"ridge"}},{"type":"Feature","geometry":{"type":"LineString","coordinates":[[74.368517,40.1105669],[74.3638801,40.1164148],[74.3622493,40.1230439],[74.3583869,40.1260629],[74.3467998,40.1364314],[74.3448257,40.1446333]]},"properties":{"@id":"way/1125692989","natural":"ridge"}},{"type":"Feature","geometry":{"type":"LineString","coordinates":[[74.371924,40.1106248],[74.368517,40.1105669],[74.3572711,40.1103759]]},"properties":{"@id":"way/1125692990","natural":"ridge"}},{"type":"Feature","geometry":{"type":"LineString","coordinates":[[74.3899129,40.1191175],[74.381647,40.1226501],[74.3789863,40.1256035],[74.377613,40.1295411],[74.3698882,40.1345285],[74.3595885,40.139253],[74.3559836,40.1433866],[74.3525504,40.1502099]]},"properties":{"@id":"way/1125692991","natural":"ridge"}},{"type":"Feature","geometry":{"type":"LineString","coordinates":[[74.3661975,40.155327],[74.3697166,40.1509972],[74.3797587,40.1467328],[74.3827628,40.1480449],[74.383192,40.1521781],[74.3817329,40.1558518],[74.3776988,40.1593285],[74.3733214,40.1688393]]},"properties":{"@id":"way/1125692992","natural":"ridge"}},{"type":"Feature","geometry":{"type":"LineString","coordinates":[[74.3995119,40.1300102],[74.3926334,40.1355784],[74.3862819,40.1452238],[74.3827628,40.1480449]]},"properties":{"@id":"way/1125692993","natural":"ridge"}},{"type":"Feature","geometry":{"type":"LineString","coordinates":[[74.3958091,40.2048371],[74.4004439,40.2162423],[74.4043063,40.2206334],[74.4036197,40.2269902],[74.4057654,40.2301357],[74.4061088,40.2345259],[74.4008731,40.2398986],[74.3996715,40.2465812],[74.3930625,40.2547697]]},"properties":{"@id":"way/1125692994","natural":"ridge"}},{"type":"Feature","geometry":{"type":"LineString","coordinates":[[74.3893718,40.2054926],[74.3799304,40.1994616],[74.3758964,40.1948724],[74.3740081,40.190873],[74.3718623,40.1877913]]},"properties":{"@id":"way/1125692995","natural":"ridge"}},{"type":"Feature","geometry":{"type":"LineString","coordinates":[[74.3696307,40.2230583],[74.3657683,40.2210266],[74.3619918,40.217422]]},"properties":{"@id":"way/1125692996","natural":"ridge"}},{"type":"Feature","geometry":{"type":"LineString","coordinates":[[74.3764114,40.2203057],[74.3718623,40.2148004]]},"properties":{"@id":"way/1125692997","natural":"ridge"}},{"type":"Feature","geometry":{"type":"LineString","coordinates":[[74.381647,40.2219442],[74.3764114,40.2203057],[74.3696307,40.2230583],[74.3650817,40.2272524],[74.3570994,40.2307909]]},"properties":{"@id":"way/1125692998","natural":"ridge"}},{"type":"Feature","geometry":{"type":"LineString","coordinates":[[74.3670558,40.2433055],[74.3589019,40.2386538],[74.3540095,40.234788]]},"properties":{"@id":"way/1125692999","natural":"ridge"}},{"type":"Feature","geometry":{"type":"LineString","coordinates":[[74.377098,40.2418641],[74.3670558,40.2433055],[74.3625068,40.2462536],[74.3524646,40.2499877],[74.3443107,40.2582413],[74.340105,40.2584378],[74.3365001,40.2609268],[74.3331527,40.2659045],[74.3285178,40.2667559],[74.3213939,40.2683932],[74.3091201,40.2740252]]},"properties":{"@id":"way/1125693000","natural":"ridge"}},{"type":"Feature","geometry":{"type":"LineString","coordinates":[[74.410057,40.1931022],[74.4006156,40.2013628],[74.3958091,40.2048371],[74.3893718,40.2054926],[74.3879127,40.2083113],[74.389286,40.2152592],[74.3859386,40.2210922],[74.381647,40.2219442],[74.3797587,40.2263349],[74.3813037,40.2302667],[74.3775272,40.2366226],[74.377098,40.2418641],[74.3795013,40.2457295],[74.3805312,40.2506428],[74.3802737,40.2571933]]},"properties":{"@id":"way/1125693001","natural":"ridge"}},{"type":"Feature","geometry":{"type":"LineString","coordinates":[[74.4136619,40.1837259],[74.4104861,40.1865455],[74.410057,40.1931022],[74.4122886,40.1966426],[74.414091,40.2039849]]},"properties":{"@id":"way/1125693002","natural":"ridge"}},{"type":"Feature","geometry":{"type":"LineString","coordinates":[[74.4239814,40.1427002],[74.4184684,40.1454862],[74.4175243,40.1498163],[74.4187259,40.1582133],[74.4150352,40.1656254],[74.4124602,40.177693],[74.4136619,40.1837259],[74.4181251,40.1929711]]},"properties":{"@id":"way/1125693003","natural":"ridge"}},{"type":"Feature","geometry":{"type":"LineString","coordinates":[[74.3025111,40.0797133],[74.3082618,40.0823402],[74.3131541,40.0822089],[74.3178748,40.086543],[74.3240546,40.0881847],[74.3308353,40.0930437],[74.3338393,40.0935033],[74.3351082,40.094739],[74.3405341,40.0994125],[74.3416499,40.1025638],[74.3401908,40.1117544],[74.3427657,40.1191716],[74.3402766,40.131838]]},"properties":{"@id":"way/1125693004","natural":"ridge"}},{"type":"Feature","geometry":{"type":"LineString","coordinates":[[74.3510913,40.1726432],[74.3480014,40.1759223],[74.3409633,40.1774962]]},"properties":{"@id":"way/1125693005","natural":"ridge"}},{"type":"Feature","geometry":{"type":"LineString","coordinates":[[74.3129396,40.1271129],[74.3086909,40.1331504],[74.3043994,40.1368251]]},"properties":{"@id":"way/1125693006","natural":"ridge"}},{"type":"Feature","geometry":{"type":"LineString","coordinates":[[74.3237114,40.1428617],[74.3128108,40.143321]]},"properties":{"@id":"way/1125693007","natural":"ridge"}},{"type":"Feature","geometry":{"type":"LineString","coordinates":[[74.3042278,40.1166445],[74.3014812,40.1189747],[74.2997645,40.1257348],[74.2953014,40.1324286]]},"properties":{"@id":"way/1125693008","natural":"ridge"}},{"type":"Feature","geometry":{"type":"LineString","coordinates":[[74.2834997,40.1744467],[74.2931985,40.1673307],[74.2940139,40.1658222],[74.2966747,40.1645431],[74.3002367,40.1609683]]},"properties":{"@id":"way/1125693009","natural":"ridge"}},{"type":"Feature","geometry":{"type":"LineString","coordinates":[[74.2765903,40.1642808],[74.2805385,40.1618211],[74.2886924,40.16005],[74.2951297,40.1605092]]},"properties":{"@id":"way/1125693010","natural":"ridge"}},{"type":"Feature","geometry":{"type":"LineString","coordinates":[[74.3077468,40.170774],[74.3077039,40.1674291],[74.3109226,40.1642152],[74.3150854,40.1626738]]},"properties":{"@id":"way/1125693011","natural":"ridge"}},{"type":"Feature","geometry":{"type":"LineString","coordinates":[[74.296503,40.1811029],[74.2994642,40.1758239],[74.3032407,40.1723809],[74.3077468,40.170774],[74.3175315,40.1706101],[74.3252134,40.1712331]]},"properties":{"@id":"way/1125693012","natural":"ridge"}},{"type":"Feature","geometry":{"type":"LineString","coordinates":[[74.2931127,40.193135],[74.2870616,40.1923482],[74.2769765,40.1927088],[74.2732429,40.1938562],[74.2722559,40.1936595]]},"properties":{"@id":"way/1125693013","natural":"ridge"}},{"type":"Feature","geometry":{"type":"LineString","coordinates":[[74.2902803,40.198511],[74.2836284,40.197921],[74.2783069,40.1961836]]},"properties":{"@id":"way/1125693014","natural":"ridge"}},{"type":"Feature","geometry":{"type":"LineString","coordinates":[[74.3022536,40.2036572],[74.3052148,40.2105399],[74.3062877,40.2172254]]},"properties":{"@id":"way/1125693015","natural":"ridge"}},{"type":"Feature","geometry":{"type":"LineString","coordinates":[[74.3086481,40.2243034],[74.3045282,40.2218458],[74.2991209,40.2218458],[74.307146,40.2303977]]},"properties":{"@id":"way/1125693016","natural":"ridge"}},{"type":"Feature","geometry":{"type":"LineString","coordinates":[[74.3003654,40.1930367],[74.3081331,40.1930038],[74.3159866,40.1944134]]},"properties":{"@id":"way/1125693017","natural":"ridge"}},{"type":"Feature","geometry":{"type":"LineString","coordinates":[[74.3343114,40.2277438],[74.3410921,40.2269902],[74.346199,40.2268591],[74.350276,40.2255485]]},"properties":{"@id":"way/1125693018","natural":"ridge"}},{"type":"Feature","geometry":{"type":"LineString","coordinates":[[74.3334102,40.2312496],[74.3372726,40.2333792],[74.3392896,40.2397675],[74.3383026,40.2470397]]},"properties":{"@id":"way/1125693019","natural":"ridge"}},{"type":"Feature","geometry":{"type":"LineString","coordinates":[[74.2921686,40.1828407],[74.296503,40.1811029],[74.3011379,40.1813652],[74.3049144,40.1832013],[74.31221,40.1845128],[74.3196344,40.1857914],[74.3265438,40.1913975],[74.3295478,40.1925449],[74.3317794,40.1961508],[74.3376588,40.2010022],[74.3407487,40.2025427],[74.3474006,40.2168977],[74.3503618,40.2209938]]},"properties":{"@id":"way/1125693020","natural":"ridge"}},{"type":"Feature","geometry":{"type":"LineString","coordinates":[[74.303788,40.1147688],[74.3042278,40.1166445],[74.3098068,40.1215344],[74.3129396,40.1271129],[74.3191623,40.1305255],[74.3234109,40.1383343],[74.3237114,40.1428617],[74.331994,40.1482417],[74.3326807,40.1515876],[74.3374443,40.1579509],[74.3444824,40.1630345],[74.3458557,40.1662157],[74.3483018,40.1679866],[74.3510913,40.1726432],[74.3580436,40.1771355],[74.359374,40.1808406],[74.3582582,40.1889715],[74.3614339,40.2011661],[74.3615198,40.2049026],[74.3599319,40.2089995],[74.3581724,40.2110971],[74.3573999,40.2140138]]},"properties":{"@id":"way/1125693021","natural":"ridge"}},{"type":"Feature","geometry":{"type":"LineString","coordinates":[[74.2749631,40.1091604],[74.2799806,40.1139205],[74.282298,40.1190074],[74.2847871,40.1215015]]},"properties":{"@id":"way/1125693025","natural":"ridge"}},{"type":"Feature","geometry":{"type":"LineString","coordinates":[[74.2661972,40.1243637],[74.2696809,40.1249472],[74.2833709,40.1356768],[74.2905807,40.138564]]},"properties":{"@id":"way/1125693026","natural":"ridge"}},{"type":"Feature","geometry":{"type":"LineString","coordinates":[[74.2591577,40.1328662],[74.2655181,40.1328223],[74.2727279,40.1352174],[74.2792081,40.1398763]]},"properties":{"@id":"way/1125693027","natural":"ridge"}},{"type":"Feature","geometry":{"type":"LineString","coordinates":[[74.2733287,40.1543757],[74.2809248,40.1530637],[74.2859458,40.1504723],[74.2949581,40.1502755],[74.2971897,40.1494882],[74.302597,40.1504395],[74.3047857,40.1529653]]},"properties":{"@id":"way/1125693028","natural":"ridge"}},{"type":"Feature","geometry":{"type":"LineString","coordinates":[[74.2575788,40.1388921],[74.2488669,40.1382031]]},"properties":{"@id":"way/1125693029","natural":"ridge"}},{"type":"Feature","geometry":{"type":"LineString","coordinates":[[74.2612695,40.1471264],[74.2601966,40.1504395],[74.2629861,40.1553597],[74.2632436,40.158902]]},"properties":{"@id":"way/1125693030","natural":"ridge"}},{"type":"Feature","geometry":{"type":"LineString","coordinates":[[74.2746162,40.161821],[74.2673635,40.1652318],[74.2655181,40.1683801]]},"properties":{"@id":"way/1125693031","natural":"ridge"}},{"type":"Feature","geometry":{"type":"LineString","coordinates":[[74.2834138,40.1680194],[74.2769336,40.1694951],[74.2722988,40.1701838],[74.2685222,40.1714299]]},"properties":{"@id":"way/1125693032","natural":"ridge"}},{"type":"Feature","geometry":{"type":"LineString","coordinates":[[74.2783498,40.1723809],[74.2749166,40.175496],[74.2727279,40.1798898]]},"properties":{"@id":"way/1125693033","natural":"ridge"}},{"type":"Feature","geometry":{"type":"LineString","coordinates":[[74.2849159,40.1772339],[74.2795085,40.18248],[74.2774486,40.1868406]]},"properties":{"@id":"way/1125693034","natural":"ridge"}},{"type":"Feature","geometry":{"type":"LineString","coordinates":[[74.2951297,40.1898895],[74.2931127,40.193135],[74.291439,40.1947413],[74.2902803,40.198511],[74.2900228,40.2037227],[74.2872762,40.2080491],[74.2895937,40.2105727],[74.2896795,40.2137516],[74.2878341,40.2164389]]},"properties":{"@id":"way/1125693035","natural":"ridge"}},{"type":"Feature","geometry":{"type":"LineString","coordinates":[[74.3356418,40.2448123],[74.3362855,40.2417003],[74.335041,40.2379658],[74.3334102,40.2312496],[74.3343114,40.2277438],[74.3324661,40.222239],[74.3272733,40.2115231],[74.3206214,40.2046732],[74.3150425,40.2022477],[74.3057298,40.2023788],[74.3022536,40.2036572],[74.3125533,40.2073936],[74.3169307,40.2197159],[74.3165015,40.2271213],[74.3197631,40.2363605],[74.3196773,40.2442882],[74.3213081,40.2477604],[74.3286037,40.2511669],[74.3328094,40.2514289]]},"properties":{"@id":"way/1125693036","natural":"ridge"}},{"type":"Feature","geometry":{"type":"LineString","coordinates":[[74.2982626,40.2323308],[74.3068885,40.2363605],[74.3114375,40.2407504],[74.3134975,40.2461226]]},"properties":{"@id":"way/1125693037","natural":"ridge"}},{"type":"Feature","geometry":{"type":"LineString","coordinates":[[74.2961597,40.228694],[74.2935847,40.2305943],[74.2872333,40.2315117],[74.2801952,40.2370813]]},"properties":{"@id":"way/1125693038","natural":"ridge"}},{"type":"Feature","geometry":{"type":"LineString","coordinates":[[74.2872933,40.2717586],[74.2891216,40.275695],[74.2903661,40.2862698],[74.2901516,40.2934388]]},"properties":{"@id":"way/1125693039","natural":"ridge"}},{"type":"Feature","geometry":{"type":"LineString","coordinates":[[74.2572009,40.1335889],[74.2582655,40.1359721],[74.2575788,40.1388921],[74.2596817,40.1420744],[74.2612695,40.1471264],[74.2680502,40.1481433],[74.2687368,40.149193],[74.2698526,40.1524732],[74.2733287,40.1543757],[74.2741441,40.1563765],[74.2736291,40.1584429],[74.2746162,40.161821],[74.2765903,40.1642808],[74.2769336,40.1694951],[74.2783498,40.1723809],[74.2834997,40.1744467],[74.2849159,40.1772339],[74.2886495,40.1789717],[74.2921686,40.1828407],[74.2951297,40.1898895],[74.3003654,40.1930367],[74.3022536,40.2036572],[74.2995071,40.2103433],[74.2991209,40.2218458],[74.2967176,40.2264987],[74.2961597,40.228694],[74.2982626,40.2323308],[74.2974472,40.2381623],[74.2976617,40.2426831],[74.2963743,40.2478586],[74.2966747,40.2529683],[74.2897653,40.2604028],[74.2901945,40.2635794],[74.2872333,40.2688188],[74.2874479,40.2714384],[74.2872933,40.2717586],[74.2844438,40.2776595],[74.2812681,40.2797221],[74.2762899,40.2814901],[74.2729425,40.2873174],[74.2729425,40.2920313],[74.2735433,40.2954355],[74.2712688,40.2982504],[74.2686081,40.2994287],[74.2570638,40.301098],[74.2477941,40.3056472]]},"properties":{"@id":"way/1125693040","natural":"ridge"}},{"type":"Feature","geometry":{"type":"LineString","coordinates":[[74.2358329,40.1238634],[74.2394256,40.1264566],[74.2398119,40.1289177]]},"properties":{"@id":"way/1125693041","natural":"ridge"}},{"type":"Feature","geometry":{"type":"LineString","coordinates":[[74.2240222,40.125266],[74.2243194,40.1287864],[74.2256498,40.1304927],[74.2292976,40.131477]]},"properties":{"@id":"way/1125693042","natural":"ridge"}},{"type":"Feature","geometry":{"type":"LineString","coordinates":[[74.2659044,40.2334119],[74.2692088,40.2357708],[74.2698096,40.2404228],[74.273157,40.2441572]]},"properties":{"@id":"way/1125693043","natural":"ridge"}},{"type":"Feature","geometry":{"type":"LineString","coordinates":[[74.2492532,40.1712331],[74.2444038,40.174873],[74.2428588,40.1812341]]},"properties":{"@id":"way/1125693044","natural":"ridge"}},{"type":"Feature","geometry":{"type":"LineString","coordinates":[[74.2377519,40.1619194],[74.2365932,40.1718562],[74.2350482,40.1765781]]},"properties":{"@id":"way/1125693045","natural":"ridge"}},{"type":"Feature","geometry":{"type":"LineString","coordinates":[[74.2300701,40.1592956],[74.2293834,40.1610995],[74.2308425,40.169364],[74.2291259,40.1734958]]},"properties":{"@id":"way/1125693046","natural":"ridge"}},{"type":"Feature","geometry":{"type":"LineString","coordinates":[[74.2230749,40.1524076],[74.2201137,40.1551958],[74.2156505,40.1576229],[74.2151355,40.1595252],[74.2177962,40.162149],[74.2188262,40.1660846],[74.2222594,40.1698887]]},"properties":{"@id":"way/1125693047","natural":"ridge"}},{"type":"Feature","geometry":{"type":"LineString","coordinates":[[74.1088342,40.1162179],[74.1093063,40.1128046],[74.1110229,40.1108682],[74.113304,40.103862],[74.1048002,40.108866],[74.1022682,40.1149379]]},"properties":{"@id":"way/1125693048","natural":"ridge"}},{"type":"Feature","geometry":{"type":"LineString","coordinates":[[74.2039387,40.124241],[74.2060804,40.1273754]]},"properties":{"@id":"way/1125693049","natural":"ridge"}},{"type":"Feature","geometry":{"type":"LineString","coordinates":[[74.2183542,40.1464047],[74.225564,40.1458142],[74.2290401,40.1465687],[74.2317867,40.1489306]]},"properties":{"@id":"way/1125693050","natural":"ridge"}},{"type":"Feature","geometry":{"type":"LineString","coordinates":[[74.2149639,40.1398435],[74.2114448,40.1400075],[74.2089128,40.1410574]]},"properties":{"@id":"way/1125693051","natural":"ridge"}},{"type":"Feature","geometry":{"type":"LineString","coordinates":[[74.2278385,40.1417791],[74.2237186,40.1409261],[74.2173671,40.1417135]]},"properties":{"@id":"way/1125693052","natural":"ridge"}},{"type":"Feature","geometry":{"type":"LineString","coordinates":[[74.2095136,40.1342988],[74.2125606,40.1338394],[74.2144489,40.1342331],[74.2271089,40.1354143],[74.2301559,40.1363002],[74.2319583,40.1387608],[74.2365503,40.1409589],[74.2404127,40.1482745]]},"properties":{"@id":"way/1125693053","natural":"ridge"}},{"type":"Feature","geometry":{"type":"LineString","coordinates":[[74.1681432,40.1952002],[74.1566848,40.1985438],[74.1491317,40.1991994],[74.1442393,40.2024116]]},"properties":{"@id":"way/1125693054","natural":"ridge"}},{"type":"Feature","geometry":{"type":"LineString","coordinates":[[74.1697311,40.2084752],[74.1638087,40.2150625],[74.1638087,40.223517],[74.1604613,40.2284319],[74.1556548,40.2320359]]},"properties":{"@id":"way/1125693055","natural":"ridge"}},{"type":"Feature","geometry":{"type":"LineString","coordinates":[[74.2038917,40.1719546],[74.1977119,40.1745779],[74.1937208,40.1754304],[74.185996,40.18048]]},"properties":{"@id":"way/1125693056","natural":"ridge"}},{"type":"Feature","geometry":{"type":"LineString","coordinates":[[73.8757609,40.495526],[73.8757609,40.5006169],[73.8735293,40.5030969],[73.8768767,40.5069473],[73.8772201,40.5121679],[73.8824557,40.5164745]]},"properties":{"@id":"way/1125693057","natural":"ridge"}},{"type":"Feature","geometry":{"type":"LineString","coordinates":[[73.8915538,40.4903694],[73.8871764,40.4796634]]},"properties":{"@id":"way/1125693058","natural":"ridge"}},{"type":"Feature","geometry":{"type":"LineString","coordinates":[[73.9173181,40.4844949],[73.9118957,40.4758114]]},"properties":{"@id":"way/1125693059","natural":"ridge"}},{"type":"Feature","geometry":{"type":"LineString","coordinates":[[73.9094924,40.4847555],[73.9039134,40.4767254]]},"properties":{"@id":"way/1125693060","natural":"ridge"}},{"type":"Feature","geometry":{"type":"LineString","coordinates":[[73.8818549,40.4904347],[73.8743018,40.4858],[73.8700961,40.4791411]]},"properties":{"@id":"way/1125693061","natural":"ridge"}},{"type":"Feature","geometry":{"type":"LineString","coordinates":[[73.8603114,40.4951343],[73.8600539,40.4899125],[73.8558482,40.4854083]]},"properties":{"@id":"way/1125693062","natural":"ridge"}},{"type":"Feature","geometry":{"type":"LineString","coordinates":[[73.8272666,40.5013348],[73.8124179,40.5119069],[73.803234,40.5162135],[73.7967109,40.5216291],[73.7943076,40.5267833]]},"properties":{"@id":"way/1125693063","natural":"ridge"}},{"type":"Feature","geometry":{"type":"LineString","coordinates":[[73.8293266,40.4854082],[73.8374376,40.4862895],[73.84027,40.4875625],[73.8422441,40.4890965],[73.8490676,40.4998337],[73.8510417,40.5068821],[73.8470077,40.5180405]]},"properties":{"@id":"way/1125693064","natural":"ridge"}},{"type":"Feature","geometry":{"type":"LineString","coordinates":[[73.8644313,40.4982673],[73.863573,40.5035538],[73.8687228,40.5090356],[73.86904,40.513256],[73.8694095,40.518171],[73.8732719,40.5281533],[73.8714694,40.5382645]]},"properties":{"@id":"way/1125693065","natural":"ridge"}},{"type":"Feature","geometry":{"type":"LineString","coordinates":[[73.9273452,40.4895861],[73.9204787,40.4932415],[73.9187621,40.4984631],[73.9189338,40.5110585],[73.9141273,40.5159525],[73.9124107,40.5211724],[73.9087199,40.5275661]]},"properties":{"@id":"way/1125693066","natural":"ridge"}},{"type":"Feature","geometry":{"type":"LineString","coordinates":[[73.9625358,40.5210419],[73.96039,40.5301757],[73.9628791,40.5360467],[73.9632225,40.5404496],[73.9637374,40.5429608]]},"properties":{"@id":"way/1125693067","natural":"ridge"}},{"type":"Feature","geometry":{"type":"LineString","coordinates":[[73.9306926,40.5288709],[73.929491,40.5364381],[73.9325809,40.5445914]]},"properties":{"@id":"way/1125693068","natural":"ridge"}},{"type":"Feature","geometry":{"type":"LineString","coordinates":[[73.9283752,40.5219553],[73.9306926,40.5288709],[73.938074,40.5417868]]},"properties":{"@id":"way/1125693069","natural":"ridge"}},{"type":"Feature","geometry":{"type":"LineString","coordinates":[[73.9364432,40.5135382],[73.9434814,40.5211071],[73.944683,40.533307],[73.9470004,40.5395691]]},"properties":{"@id":"way/1125693070","natural":"ridge"}},{"type":"Feature","geometry":{"type":"LineString","coordinates":[[73.895502,40.4910874],[73.8937854,40.4967008],[73.8951587,40.5030317],[73.8939571,40.5151043],[73.8951587,40.5182363],[73.8943862,40.5232602],[73.8911246,40.5289361],[73.8937854,40.540678],[73.8918971,40.5479177],[73.8935279,40.5498743]]},"properties":{"@id":"way/1125693071","natural":"ridge"}},{"type":"Feature","geometry":{"type":"LineString","coordinates":[[73.9405631,40.504859],[73.9378165,40.5074041],[73.9364432,40.5135382],[73.9283752,40.5219553],[73.9093207,40.5356553],[73.9089774,40.5415259],[73.9110374,40.5454393],[73.9101791,40.5509177]]},"properties":{"@id":"way/1125693072","natural":"ridge"}},{"type":"Feature","geometry":{"type":"LineString","coordinates":[[73.9817802,40.5296461],[73.9833926,40.5370252]]},"properties":{"@id":"way/1125693073","natural":"ridge"}},{"type":"Feature","geometry":{"type":"LineString","coordinates":[[73.9711188,40.5262613],[73.972578,40.5393082]]},"properties":{"@id":"way/1125693074","natural":"ridge"}},{"type":"Feature","geometry":{"type":"LineString","coordinates":[[73.9995288,40.5146475],[74.0075111,40.5148433],[74.0148067,40.5204547]]},"properties":{"@id":"way/1125693075","natural":"ridge"}},{"type":"Feature","geometry":{"type":"LineString","coordinates":[[73.9869117,40.5100797],[73.9951514,40.5047937],[74.0055369,40.504598],[74.0172099,40.5027053]]},"properties":{"@id":"way/1125693076","natural":"ridge"}},{"type":"Feature","geometry":{"type":"LineString","coordinates":[[74.0007305,40.4939268],[73.9981556,40.4934372],[73.9918899,40.4885416],[73.9890575,40.4825358],[73.9891433,40.4782923],[73.9942073,40.4826664],[74.0081977,40.4886069],[74.0183257,40.4897819],[74.0241622,40.4953302]]},"properties":{"@id":"way/1125693077","natural":"ridge"}},{"type":"Feature","geometry":{"type":"LineString","coordinates":[[73.9800327,40.4811469],[73.9774703,40.4755502],[73.977127,40.469478]]},"properties":{"@id":"way/1125693078","natural":"ridge"}},{"type":"Feature","geometry":{"type":"LineString","coordinates":[[73.9684581,40.4637317],[73.9639949,40.4604665]]},"properties":{"@id":"way/1125693079","natural":"ridge"}},{"type":"Feature","geometry":{"type":"LineString","coordinates":[[73.9618491,40.4731344],[73.9579867,40.4701309],[73.9585876,40.4663437]]},"properties":{"@id":"way/1125693080","natural":"ridge"}},{"type":"Feature","geometry":{"type":"LineString","coordinates":[[73.9568709,40.4857347],[73.9494037,40.4747667],[73.9455413,40.4727427],[73.9450263,40.4695433]]},"properties":{"@id":"way/1125693081","natural":"ridge"}},{"type":"Feature","geometry":{"type":"LineString","coordinates":[[73.9907741,40.4736568],[73.9836501,40.4576584],[73.9793586,40.4524989],[73.9738654,40.4498864]]},"properties":{"@id":"way/1125693082","natural":"ridge"}},{"type":"Feature","geometry":{"type":"LineString","coordinates":[[73.9670848,40.4908589],[73.971548,40.4855388],[73.9800327,40.4811469],[73.9839076,40.4791411],[73.9891433,40.4782923],[73.9907741,40.4736568],[74.0009021,40.4676497],[74.0109443,40.4669967],[74.0220164,40.4703921],[74.0266513,40.4701309],[74.0321445,40.4662131],[74.0414142,40.4636011],[74.0476798,40.4633399],[74.0527438,40.463797]]},"properties":{"@id":"way/1125693083","natural":"ridge"}},{"type":"Feature","geometry":{"type":"LineString","coordinates":[[73.9713763,40.4581808],[73.9684581,40.4637317],[73.9682864,40.4668008],[73.9618491,40.4731344],[73.9573001,40.4822747],[73.9568709,40.4857347],[73.9602183,40.4889986],[73.9642349,40.4900868],[73.9670848,40.4908589],[73.9685439,40.4959176],[73.9687156,40.5042716],[73.9712905,40.5084483],[73.9784144,40.510145],[73.9869117,40.5100797],[73.9995288,40.5146475],[74.0032195,40.5213681],[74.0087985,40.5273704]]},"properties":{"@id":"way/1125693084","natural":"ridge"}},{"type":"Feature","geometry":{"type":"LineString","coordinates":[[73.9372157,40.4944816],[73.9442538,40.4913485],[73.9489745,40.4916749],[73.9519786,40.4898472],[73.9602183,40.4889986]]},"properties":{"@id":"way/1125693085","natural":"ridge"}},{"type":"Feature","geometry":{"type":"LineString","coordinates":[[73.7926768,40.510406],[73.8030624,40.5035538],[73.808813,40.4981367],[73.8171386,40.4973535],[73.8272666,40.5013348],[73.8349055,40.4999642],[73.841257,40.5013348],[73.8490676,40.4998337],[73.8509988,40.4976798],[73.8529729,40.4967661],[73.8603114,40.4951343],[73.8644313,40.4982673],[73.8757609,40.495526],[73.8818549,40.4904347],[73.8915538,40.4903694],[73.895502,40.4910874],[73.900051,40.4872361],[73.9094924,40.4847555],[73.9173181,40.4844949],[73.9222383,40.4843311],[73.9273452,40.4895861],[73.9324092,40.4910874],[73.9372157,40.4944816],[73.9379882,40.4986589],[73.940134,40.5008779],[73.9405631,40.504859],[73.9499187,40.5068168],[73.9523219,40.5091661],[73.9595317,40.5130162],[73.9625358,40.5210419],[73.9711188,40.5262613],[73.9817802,40.5296461],[73.9992713,40.5351987],[74.0040778,40.5413302]]},"properties":{"@id":"way/1125693086","natural":"ridge"}},{"type":"Feature","geometry":{"type":"LineString","coordinates":[[73.9180326,40.4693473],[73.9252853,40.4660172],[73.9432239,40.4652336]]},"properties":{"@id":"way/1125693087","natural":"ridge"}},{"type":"Feature","geometry":{"type":"LineString","coordinates":[[73.9366579,40.4382919],[73.939104,40.4351236],[73.938589,40.428329]]},"properties":{"@id":"way/1125693088","natural":"ridge"}},{"type":"Feature","geometry":{"type":"LineString","coordinates":[[73.9254569,40.4219911],[73.9348983,40.4233633]]},"properties":{"@id":"way/1125693089","natural":"ridge"}},{"type":"Feature","geometry":{"type":"LineString","coordinates":[[73.8997507,40.432935],[73.8996219,40.4264996],[73.9042567,40.421011],[73.9100074,40.4162408]]},"properties":{"@id":"way/1125693090","natural":"ridge"}},{"type":"Feature","geometry":{"type":"LineString","coordinates":[[73.9276027,40.4169596],[73.9221953,40.4154566],[73.9166164,40.4112742]]},"properties":{"@id":"way/1125693091","natural":"ridge"}},{"type":"Feature","geometry":{"type":"LineString","coordinates":[[73.9348125,40.4110128],[73.93198,40.4076143]]},"properties":{"@id":"way/1125693092","natural":"ridge"}},{"type":"Feature","geometry":{"type":"LineString","coordinates":[[73.953781,40.4043465],[73.9547252,40.3950648]]},"properties":{"@id":"way/1125693093","natural":"ridge"}},{"type":"Feature","geometry":{"type":"LineString","coordinates":[[73.9353274,40.4025817],[73.944168,40.4063726],[73.9442538,40.3965683],[73.9428805,40.3919924]]},"properties":{"@id":"way/1125693094","natural":"ridge"}},{"type":"Feature","geometry":{"type":"LineString","coordinates":[[73.9079904,40.4374754],[73.9131831,40.4337516],[73.9204787,40.4240167],[73.9254569,40.4219911],[73.9276027,40.4169596],[73.93198,40.4147378],[73.9348125,40.4110128],[73.9403056,40.4096403],[73.944168,40.4063726],[73.953781,40.4043465],[73.9582442,40.4055229],[73.9682864,40.405]]},"properties":{"@id":"way/1125693095","natural":"ridge"}},{"type":"Feature","geometry":{"type":"LineString","coordinates":[[73.8226435,40.4527698],[73.8220309,40.4615767],[73.8259791,40.4651683]]},"properties":{"@id":"way/1125693096","natural":"ridge"}},{"type":"Feature","geometry":{"type":"LineString","coordinates":[[73.8194561,40.4837109],[73.8243484,40.4822094],[73.8295841,40.4788146],[73.8307857,40.4762357],[73.8328456,40.4751258],[73.8407421,40.4735588],[73.8438749,40.47382],[73.8491964,40.4731018],[73.851428,40.4733629],[73.8615131,40.4715021],[73.8652038,40.4697391],[73.8712978,40.4684332],[73.8771772,40.468825],[73.8877773,40.46827],[73.8947725,40.4659519],[73.9014244,40.4662131],[73.904643,40.4659845],[73.9068746,40.4667028],[73.9116811,40.4665396],[73.9180326,40.4693473],[73.9225816,40.4765948],[73.9222383,40.4843311]]},"properties":{"@id":"way/1125693097","natural":"ridge"}},{"type":"Feature","geometry":{"type":"LineString","coordinates":[[73.9010774,40.43457],[73.8970041,40.4356788],[73.8920688,40.4355155],[73.8847732,40.4389452]]},"properties":{"@id":"way/1125693098","natural":"ridge"}},{"type":"Feature","geometry":{"type":"LineString","coordinates":[[73.8475656,40.4424727],[73.851385,40.4488413],[73.8558482,40.4534133]]},"properties":{"@id":"way/1125693099","natural":"ridge"}},{"type":"Feature","geometry":{"type":"LineString","coordinates":[[73.8383388,40.4452161],[73.8426303,40.4548501],[73.848381,40.4588992]]},"properties":{"@id":"way/1125693100","natural":"ridge"}},{"type":"Feature","geometry":{"type":"LineString","coordinates":[[73.82658,40.4497557],[73.8331031,40.4537398],[73.8350772,40.459487],[73.8404845,40.4648418]]},"properties":{"@id":"way/1125693101","natural":"ridge"}},{"type":"Feature","geometry":{"type":"LineString","coordinates":[[73.8264513,40.4461633],[73.82658,40.4497557],[73.8226435,40.4527698],[73.8127612,40.4603359],[73.8121604,40.4673885],[73.8089847,40.4722203],[73.809843,40.4766601],[73.8064097,40.4837762]]},"properties":{"@id":"way/1125693102","natural":"ridge"}},{"type":"Feature","geometry":{"type":"LineString","coordinates":[[73.8107013,40.4447589],[73.8072681,40.4363648]]},"properties":{"@id":"way/1125693103","natural":"ridge"}},{"type":"Feature","geometry":{"type":"LineString","coordinates":[[73.8542604,40.4387819],[73.8527583,40.433817],[73.8470077,40.4310077]]},"properties":{"@id":"way/1125693104","natural":"ridge"}},{"type":"Feature","geometry":{"type":"LineString","coordinates":[[73.8388538,40.432837],[73.8421153,40.4357769],[73.8441324,40.4423094]]},"properties":{"@id":"way/1125693105","natural":"ridge"}},{"type":"Feature","geometry":{"type":"LineString","coordinates":[[73.8151431,40.4272019],[73.8158083,40.428868],[73.8189626,40.4317263],[73.8209151,40.4386513],[73.8297987,40.4438118]]},"properties":{"@id":"way/1125693106","natural":"ridge"}},{"type":"Feature","geometry":{"type":"LineString","coordinates":[[73.8431882,40.4236899],[73.8486814,40.4214357],[73.8525438,40.4186259]]},"properties":{"@id":"way/1125693107","natural":"ridge"}},{"type":"Feature","geometry":{"type":"LineString","coordinates":[[73.8082122,40.428329],[73.8086843,40.4272509],[73.8114738,40.4246047],[73.815422,40.4224485],[73.820014,40.4212723],[73.8267517,40.4219584],[73.8311719,40.4215337],[73.8341331,40.4223178],[73.8373518,40.4218931],[73.84027,40.4224485],[73.8431882,40.4236899],[73.8442182,40.4250294],[73.8448619,40.428231]]},"properties":{"@id":"way/1125693108","natural":"ridge"}},{"type":"Feature","geometry":{"type":"LineString","coordinates":[[73.7776994,40.4225465],[73.7918615,40.4207496],[73.7933206,40.4179724],[73.7968397,40.4168942],[73.8013029,40.4169269],[73.8043069,40.4181358],[73.8054657,40.4204229],[73.8071394,40.4231999],[73.8114738,40.4246047]]},"properties":{"@id":"way/1125693109","natural":"ridge"}},{"type":"Feature","geometry":{"type":"LineString","coordinates":[[73.7846517,40.4428973],[73.7820768,40.4364954],[73.7818622,40.431171],[73.7803602,40.4290476]]},"properties":{"@id":"way/1125693110","natural":"ridge"}},{"type":"Feature","geometry":{"type":"LineString","coordinates":[[73.8009201,40.4479084],[73.795681,40.4462613],[73.7928056,40.4434852],[73.7891149,40.4426033],[73.7846517,40.4428973],[73.7788581,40.4446283],[73.7773561,40.4463592],[73.7756395,40.4522703]]},"properties":{"@id":"way/1125693111","natural":"ridge"}},{"type":"Feature","geometry":{"type":"LineString","coordinates":[[73.7675714,40.471143],[73.7614774,40.4705227]]},"properties":{"@id":"way/1125693112","natural":"ridge"}},{"type":"Feature","geometry":{"type":"LineString","coordinates":[[73.7686014,40.4691188],[73.7639665,40.4626215],[73.7618637,40.4614461]]},"properties":{"@id":"way/1125693113","natural":"ridge"}},{"type":"Feature","geometry":{"type":"LineString","coordinates":[[73.7745237,40.4646785],[73.7725496,40.4603359],[73.7686014,40.4588339],[73.7646961,40.4586706]]},"properties":{"@id":"way/1125693114","natural":"ridge"}},{"type":"Feature","geometry":{"type":"LineString","coordinates":[[73.7801443,40.4656198],[73.7745237,40.4646785],[73.7686014,40.4691188],[73.7675714,40.471143],[73.7668418,40.4744402]]},"properties":{"@id":"way/1125693115","natural":"ridge"}},{"type":"Feature","geometry":{"type":"LineString","coordinates":[[73.7953805,40.4804794],[73.7936639,40.4867465]]},"properties":{"@id":"way/1125693116","natural":"ridge"}},{"type":"Feature","geometry":{"type":"LineString","coordinates":[[73.7840509,40.460793],[73.7872695,40.4627521],[73.7884283,40.4667028],[73.7904453,40.4692821],[73.7925052,40.4766927],[73.7953805,40.4804794],[73.8013029,40.4850818]]},"properties":{"@id":"way/1125693117","natural":"ridge"}},{"type":"Feature","geometry":{"type":"LineString","coordinates":[[73.8670921,40.4233959],[73.86662,40.4266629],[73.864603,40.4280023],[73.863573,40.432445],[73.8618564,40.4354502],[73.8542604,40.4387819],[73.8475656,40.4424727],[73.8462352,40.4418848],[73.8441324,40.4423094],[73.8383388,40.4452161],[73.8360643,40.4449549],[73.833661,40.4433219],[73.8297987,40.4438118],[73.8264513,40.4461633],[73.8213443,40.4467511],[73.8107013,40.4447589],[73.8057661,40.4456734],[73.8009201,40.4479084],[73.7930202,40.4515518],[73.7898874,40.452205],[73.7846946,40.4582135],[73.7840509,40.460793],[73.7801443,40.4656198],[73.7790298,40.4669967],[73.7783002,40.4688903],[73.781948,40.4704247],[73.7824201,40.4718612],[73.7796306,40.4767907],[73.7813043,40.4808058],[73.7817764,40.4849186],[73.7836647,40.4868444],[73.7843084,40.4925234]]},"properties":{"@id":"way/1125693118","natural":"ridge"}},{"type":"Feature","geometry":{"type":"LineString","coordinates":[[73.9015531,40.4351562],[73.8981628,40.437312],[73.8918113,40.4456734],[73.8876485,40.4489719],[73.8828849,40.4498863],[73.8794517,40.4528907],[73.870182,40.4556338]]},"properties":{"@id":"way/1125693119","natural":"ridge"}},{"type":"Feature","geometry":{"type":"LineString","coordinates":[[73.9075613,40.4539357],[73.9067888,40.4514865],[73.9006519,40.4493311]]},"properties":{"@id":"way/1125693120","natural":"ridge"}},{"type":"Feature","geometry":{"type":"LineString","coordinates":[[73.9120004,40.4472765],[73.9067888,40.4514865]]},"properties":{"@id":"way/1125693121","natural":"ridge"}},{"type":"Feature","geometry":{"type":"LineString","coordinates":[[73.9127969,40.4479922],[73.9108228,40.4530214],[73.9124107,40.4565481],[73.9115953,40.4608583],[73.9116811,40.4665396]]},"properties":{"@id":"way/1125693122","natural":"ridge"}},{"type":"Feature","geometry":{"type":"LineString","coordinates":[[74.0124034,40.4392718],[74.0120601,40.4456081],[74.0135622,40.4487433],[74.0135192,40.4507028]]},"properties":{"@id":"way/1125693123","natural":"ridge"}},{"type":"Feature","geometry":{"type":"LineString","coordinates":[[73.9641419,40.4333039],[73.9686298,40.431367],[73.9707326,40.4292436],[73.975625,40.4276429],[73.9807748,40.4243107],[73.9876413,40.4219584],[73.9911174,40.4188219]]},"properties":{"@id":"way/1125693124","natural":"ridge"}},{"type":"Feature","geometry":{"type":"LineString","coordinates":[[73.963952,40.4349929],[73.9712476,40.4350909],[73.9773845,40.4326736],[73.9809894,40.4289496]]},"properties":{"@id":"way/1125693125","natural":"ridge"}},{"type":"Feature","geometry":{"type":"LineString","coordinates":[[73.9500904,40.4441057],[73.9538669,40.4500496],[73.9556264,40.4564828]]},"properties":{"@id":"way/1125693126","natural":"ridge"}},{"type":"Feature","geometry":{"type":"LineString","coordinates":[[73.9318943,40.4480901],[73.93404,40.4514865],[73.9351987,40.457593],[73.9413356,40.462295]]},"properties":{"@id":"way/1125693127","natural":"ridge"}},{"type":"Feature","geometry":{"type":"LineString","coordinates":[[73.9403486,40.4460653],[73.9425802,40.4547195],[73.9463567,40.4606624]]},"properties":{"@id":"way/1125693128","natural":"ridge"}},{"type":"Feature","geometry":{"type":"LineString","coordinates":[[73.9380312,40.4453468],[73.9366579,40.4382919],[73.9313364,40.431367]]},"properties":{"@id":"way/1125693129","natural":"ridge"}},{"type":"Feature","geometry":{"type":"LineString","coordinates":[[73.9569568,40.432543],[73.9540386,40.4231346]]},"properties":{"@id":"way/1125693130","natural":"ridge"}},{"type":"Feature","geometry":{"type":"LineString","coordinates":[[73.9454126,40.4248007],[73.952279,40.4307463],[73.9569568,40.432543],[73.9601755,40.4372794],[73.963952,40.4349929],[73.9641419,40.4333039],[73.9647674,40.4277409],[73.9670848,40.4235593],[73.974123,40.419312],[73.9845085,40.4159467]]},"properties":{"@id":"way/1125693131","natural":"ridge"}},{"type":"Feature","geometry":{"type":"LineString","coordinates":[[74.0005588,40.4375407],[73.9975547,40.4315957],[74.0001726,40.4244414]]},"properties":{"@id":"way/1125693132","natural":"ridge"}},{"type":"Feature","geometry":{"type":"LineString","coordinates":[[74.0196132,40.4366914],[74.0133476,40.4280349],[74.0131759,40.4229712]]},"properties":{"@id":"way/1125693133","natural":"ridge"}},{"type":"Feature","geometry":{"type":"LineString","coordinates":[[74.0326595,40.4400884],[74.0372085,40.4373447],[74.0378522,40.4309097],[74.039483,40.4286883],[74.0393543,40.4268916]]},"properties":{"@id":"way/1125693134","natural":"ridge"}},{"type":"Feature","geometry":{"type":"LineString","coordinates":[[74.0428304,40.4449875],[74.053173,40.4417541],[74.0595674,40.4428646]]},"properties":{"@id":"way/1125693135","natural":"ridge"}},{"type":"Feature","geometry":{"type":"LineString","coordinates":[[73.8259792,40.4069281],[73.8330602,40.4064052],[73.845849,40.4122544],[73.8525438,40.4186259],[73.8595819,40.4207169],[73.8633585,40.4230039],[73.8670921,40.4233959],[73.8727569,40.4219911],[73.876748,40.4221218],[73.8795805,40.423984],[73.8818121,40.4265975],[73.8883352,40.429015],[73.8935279,40.4294723],[73.896017,40.431759],[73.8997507,40.432935],[73.9010774,40.43457],[73.9015531,40.4351562],[73.9079904,40.4374754],[73.909707,40.4452161],[73.9120004,40.4472765],[73.9127969,40.4479922],[73.9190626,40.4492005],[73.9318943,40.4480901],[73.9353275,40.446],[73.9380312,40.4453468],[73.9403486,40.4460653],[73.9500904,40.4441057],[73.9601755,40.4372794],[73.9678144,40.4415582],[73.9738226,40.4421461],[73.9941215,40.4397291],[74.0005588,40.4375407],[74.0047645,40.4386839],[74.0082407,40.438096],[74.0124034,40.4392718],[74.0196132,40.4366914],[74.0274667,40.4398597],[74.0326595,40.4400884],[74.0375948,40.4434852],[74.0428304,40.4449875],[74.0436887,40.4503435],[74.0460491,40.4527928],[74.0474653,40.456091],[74.0523147,40.4597155]]},"properties":{"@id":"way/1125693136","natural":"ridge"}},{"type":"Feature","geometry":{"type":"LineString","coordinates":[[73.8646888,40.4001306],[73.8567495,40.3993789],[73.8512134,40.399477]]},"properties":{"@id":"way/1125693137","natural":"ridge"}},{"type":"Feature","geometry":{"type":"LineString","coordinates":[[73.8603797,40.3866456],[73.8635087,40.3840657],[73.8690233,40.3822677]]},"properties":{"@id":"way/1125693138","natural":"ridge"}},{"type":"Feature","geometry":{"type":"LineString","coordinates":[[73.8251254,40.3904422],[73.8167524,40.3931691],[73.8090276,40.3922212]]},"properties":{"@id":"way/1125693139","natural":"ridge"}},{"type":"Feature","geometry":{"type":"LineString","coordinates":[[73.8277816,40.3774458],[73.8327598,40.3757457]]},"properties":{"@id":"way/1125693140","natural":"ridge"}},{"type":"Feature","geometry":{"type":"LineString","coordinates":[[73.819971,40.3660351],[73.8241338,40.3627979],[73.8276529,40.3571406]]},"properties":{"@id":"way/1125693141","natural":"ridge"}},{"type":"Feature","geometry":{"type":"LineString","coordinates":[[73.8035345,40.3532816],[73.8117742,40.3524313],[73.8189411,40.3537067]]},"properties":{"@id":"way/1125693142","natural":"ridge"}},{"type":"Feature","geometry":{"type":"LineString","coordinates":[[73.8283824,40.3694683],[73.8312578,40.3631249],[73.8380384,40.3576965],[73.8403558,40.3535759]]},"properties":{"@id":"way/1125693143","natural":"ridge"}},{"type":"Feature","geometry":{"type":"LineString","coordinates":[[73.8365837,40.3694707],[73.8403987,40.3654792],[73.8434887,40.3572387]]},"properties":{"@id":"way/1125693144","natural":"ridge"}},{"type":"Feature","geometry":{"type":"LineString","coordinates":[[73.8460261,40.3392011],[73.8449049,40.3443854],[73.8467931,40.3487028]]},"properties":{"@id":"way/1125693145","natural":"ridge"}},{"type":"Feature","geometry":{"type":"LineString","coordinates":[[73.8238763,40.317559],[73.8222885,40.3236777],[73.8228035,40.3292069]]},"properties":{"@id":"way/1125693146","natural":"ridge"}},{"type":"Feature","geometry":{"type":"LineString","coordinates":[[73.8088988,40.3255426],[73.8185978,40.3357498],[73.823018,40.3374181]]},"properties":{"@id":"way/1125693147","natural":"ridge"}},{"type":"Feature","geometry":{"type":"LineString","coordinates":[[73.8034057,40.3459554],[73.8167095,40.346675],[73.8245201,40.3503381],[73.8354206,40.3518426]]},"properties":{"@id":"way/1125693148","natural":"ridge"}},{"type":"Feature","geometry":{"type":"LineString","coordinates":[[74.1263866,40.3621439],[74.1182756,40.3659043],[74.1146707,40.3722474]]},"properties":{"@id":"way/1125693178","natural":"ridge"}},{"type":"Feature","geometry":{"type":"LineString","coordinates":[[74.2599391,40.2727155],[74.2510127,40.2690481],[74.237657,40.2693755]]},"properties":{"@id":"way/1125693179","natural":"ridge"}},{"type":"Feature","geometry":{"type":"LineString","coordinates":[[74.1843223,40.2311186],[74.1902446,40.2370157],[74.1923046,40.2449106],[74.2025184,40.2557523],[74.2119598,40.2577828],[74.220972,40.2579793],[74.2352199,40.2645291],[74.237657,40.2693755],[74.2408847,40.2757933],[74.2438888,40.2835854],[74.2492961,40.2886923]]},"properties":{"@id":"way/1125693180","natural":"ridge"}},{"type":"Feature","geometry":{"type":"LineString","coordinates":[[73.9938211,40.1889388],[73.989315,40.1902829],[73.9842081,40.1930038],[73.9800453,40.2016249]]},"properties":{"@id":"way/1125693181","natural":"ridge"}},{"type":"Feature","geometry":{"type":"LineString","coordinates":[[73.879323,40.4135288],[73.8879489,40.4146397]]},"properties":{"@id":"way/1125693182","natural":"ridge"}},{"type":"Feature","geometry":{"type":"LineString","coordinates":[[73.9044499,40.4015686],[73.9079475,40.4061765]]},"properties":{"@id":"way/1125693183","natural":"ridge"}},{"type":"Feature","geometry":{"type":"LineString","coordinates":[[73.9106941,40.3948687],[73.9081192,40.3909792],[73.9109516,40.3840494]]},"properties":{"@id":"way/1125693184","natural":"ridge"}},{"type":"Feature","geometry":{"type":"LineString","coordinates":[[73.9053297,40.4006699],[73.9059949,40.3987416],[73.9095998,40.3971402],[73.9106941,40.3948687],[73.9191913,40.3879393]]},"properties":{"@id":"way/1125693185","natural":"ridge"}},{"type":"Feature","geometry":{"type":"LineString","coordinates":[[73.8954162,40.3837552],[73.8937854,40.3774785]]},"properties":{"@id":"way/1125693186","natural":"ridge"}},{"type":"Feature","geometry":{"type":"LineString","coordinates":[[73.8649034,40.3905869],[73.8724135,40.3875471],[73.878765,40.3827745],[73.8875198,40.3776093]]},"properties":{"@id":"way/1125693187","natural":"ridge"}},{"type":"Feature","geometry":{"type":"LineString","coordinates":[[73.8611269,40.3730975],[73.8611698,40.3698933],[73.8636589,40.3629941]]},"properties":{"@id":"way/1125693188","natural":"ridge"}},{"type":"Feature","geometry":{"type":"LineString","coordinates":[[73.8549041,40.3779035],[73.8570928,40.3757457],[73.8611269,40.3730975],[73.8672133,40.3720744],[73.8679897,40.3723459],[73.8727569,40.374013],[73.8795805,40.3734898],[73.8874769,40.3750919]]},"properties":{"@id":"way/1125693189","natural":"ridge"}},{"type":"Feature","geometry":{"type":"LineString","coordinates":[[73.9052867,40.4103592],[73.9003085,40.4074183],[73.8968753,40.4026471],[73.8958453,40.3978756],[73.8973044,40.392973]]},"properties":{"@id":"way/1125693190","natural":"ridge"}},{"type":"Feature","geometry":{"type":"LineString","coordinates":[[73.8784217,40.4104899],[73.8825416,40.4054576],[73.8887214,40.4027778],[73.8968753,40.4026471],[73.9044499,40.4015686],[73.9053297,40.4006699],[73.9094281,40.4002123],[73.916788,40.3992483],[73.9273452,40.3944111],[73.9306068,40.3904235]]},"properties":{"@id":"way/1125693191","natural":"ridge"}},{"type":"Feature","geometry":{"type":"LineString","coordinates":[[73.9045142,40.381663],[73.8954162,40.3837552],[73.8886355,40.3895083],[73.8859748,40.3944765],[73.8827132,40.3980063],[73.8825416,40.4054576]]},"properties":{"@id":"way/1125693192","natural":"ridge"}},{"type":"Feature","geometry":{"type":"LineString","coordinates":[[73.8395366,40.384209],[73.8428449,40.3800611],[73.8448619,40.3789169],[73.8503551,40.3774785],[73.8531875,40.3773477],[73.8549041,40.3779035],[73.8579511,40.3811399],[73.8589382,40.3853896],[73.8603797,40.3866456],[73.8649034,40.3905869],[73.8653326,40.3977775],[73.8646888,40.4001306],[73.8665342,40.4040523],[73.8717269,40.4077777],[73.8761901,40.4088887],[73.8784217,40.4104899],[73.879323,40.4135288],[73.876748,40.4221218]]},"properties":{"@id":"way/1125693193","natural":"ridge"}},{"type":"Feature","geometry":{"type":"LineString","coordinates":[[73.8466643,40.3887892],[73.8488101,40.3903581],[73.8507842,40.3938228]]},"properties":{"@id":"way/1125693194","natural":"ridge"}},{"type":"Feature","geometry":{"type":"LineString","coordinates":[[73.8255071,40.3987253],[73.824048,40.3936267],[73.8251254,40.3904422],[73.8269233,40.3851281],[73.8345622,40.3833629],[73.8395366,40.384209],[73.8434028,40.3848666],[73.8466643,40.3887892],[73.845806,40.3923847],[73.8460635,40.3962414]]},"properties":{"@id":"way/1125693195","natural":"ridge"}},{"type":"Feature","geometry":{"type":"LineString","coordinates":[[73.8533591,40.3607378],[73.8518142,40.3710704],[73.8531875,40.3773477]]},"properties":{"@id":"way/1125693196","natural":"ridge"}},{"type":"Feature","geometry":{"type":"LineString","coordinates":[[73.8263225,40.3759092],[73.8163661,40.3757785],[73.8115596,40.374863]]},"properties":{"@id":"way/1125693197","natural":"ridge"}},{"type":"Feature","geometry":{"type":"LineString","coordinates":[[73.8428878,40.3715936],[73.8373088,40.3696318],[73.8365837,40.3694707],[73.8331889,40.3687163],[73.8283824,40.3694683],[73.826065,40.3715936],[73.8263225,40.3759092],[73.8277816,40.3774458],[73.8269233,40.3851281],[73.8303565,40.3917963],[73.8376521,40.3980063]]},"properties":{"@id":"way/1125693198","natural":"ridge"}},{"type":"Feature","geometry":{"type":"LineString","coordinates":[[73.7872695,40.3260661],[73.7940501,40.3300575],[73.7982558,40.3345721],[73.8015174,40.3386939],[73.8012599,40.3431425],[73.8034057,40.3459554],[73.8035345,40.3532816],[73.8056373,40.3564866],[73.8094138,40.3585141],[73.8118171,40.361588],[73.819971,40.3660351],[73.8219451,40.3697626],[73.826065,40.3715936]]},"properties":{"@id":"way/1125693199","natural":"ridge"}},{"type":"Feature","geometry":{"type":"LineString","coordinates":[[73.7916469,40.3616534],[73.7778281,40.3572714],[73.7652969,40.3483758],[73.7619495,40.3434696],[73.7572288,40.3388902],[73.7558555,40.3364041],[73.7492465,40.3345721],[73.7422084,40.3358807],[73.7364577,40.3353573]]},"properties":{"@id":"way/1125693202","natural":"ridge"}},{"type":"Feature","geometry":{"type":"LineString","coordinates":[[73.864088,40.2859424],[73.865397,40.2849603],[73.8660192,40.2799186]]},"properties":{"@id":"way/1125693205","natural":"ridge"}},{"type":"Feature","geometry":{"type":"LineString","coordinates":[[73.8954573,40.2892959],[73.8951587,40.2840437],[73.8964461,40.2815556],[73.8936996,40.2783471]]},"properties":{"@id":"way/1125693206","natural":"ridge"}},{"type":"Feature","geometry":{"type":"LineString","coordinates":[[73.9345121,40.2762189],[73.9276885,40.2740252]]},"properties":{"@id":"way/1125693294","natural":"ridge"}},{"type":"Feature","geometry":{"type":"LineString","coordinates":[[74.0165821,40.2850166],[74.018669,40.2780852],[74.0244197,40.272519]]},"properties":{"@id":"way/1125693295","natural":"ridge"}},{"type":"Feature","geometry":{"type":"LineString","coordinates":[[73.9926979,40.2800583],[74.0063094,40.2747455],[74.0152358,40.2662974],[74.0217589,40.2641361]]},"properties":{"@id":"way/1125693296","natural":"ridge"}},{"type":"Feature","geometry":{"type":"LineString","coordinates":[[74.0474435,40.3331483],[74.053688,40.3299921],[74.0596962,40.3292723],[74.0636015,40.3275384]]},"properties":{"@id":"way/1125693297","natural":"ridge"}},{"type":"Feature","geometry":{"type":"LineString","coordinates":[[74.0510036,40.3366553],[74.0545892,40.3372218],[74.0594816,40.3358479],[74.0652751,40.3335253],[74.069395,40.3296649]]},"properties":{"@id":"way/1125693298","natural":"ridge"}},{"type":"Feature","geometry":{"type":"LineString","coordinates":[[74.0290409,40.3420197],[74.0319299,40.3488991]]},"properties":{"@id":"way/1125693299","natural":"ridge"}},{"type":"Feature","geometry":{"type":"LineString","coordinates":[[74.0363527,40.3632438],[74.0386676,40.3602473],[74.0397405,40.3575984],[74.0459203,40.3517772],[74.0484094,40.3476562]]},"properties":{"@id":"way/1125693300","natural":"ridge"}},{"type":"Feature","geometry":{"type":"LineString","coordinates":[[74.0053125,40.3773988],[73.992834,40.3755823],[73.9872121,40.3743399]]},"properties":{"@id":"way/1125693301","natural":"ridge"}},{"type":"Feature","geometry":{"type":"LineString","coordinates":[[74.01795,40.3427503],[74.0184545,40.3397406],[74.0194201,40.337369]]},"properties":{"@id":"way/1125693302","natural":"ridge"}},{"type":"Feature","geometry":{"type":"LineString","coordinates":[[74.0048503,40.3372218],[73.9978551,40.3417687],[73.9948082,40.3455302],[73.9941644,40.3514501]]},"properties":{"@id":"way/1125693303","natural":"ridge"}},{"type":"Feature","geometry":{"type":"LineString","coordinates":[[73.9785979,40.3441696],[73.9730501,40.3441237],[73.9695739,40.3459881],[73.9635229,40.3479179],[73.9576864,40.3512539]]},"properties":{"@id":"way/1125693304","natural":"ridge"}},{"type":"Feature","geometry":{"type":"LineString","coordinates":[[73.9672214,40.3113771],[73.9656686,40.316021],[73.9615917,40.3223035]]},"properties":{"@id":"way/1125693305","natural":"ridge"}},{"type":"Feature","geometry":{"type":"LineString","coordinates":[[73.9441251,40.3290106],[73.9429235,40.3239394]]},"properties":{"@id":"way/1125693306","natural":"ridge"}},{"type":"Feature","geometry":{"type":"LineString","coordinates":[[73.9736138,40.3277623],[73.977127,40.3336562]]},"properties":{"@id":"way/1125693307","natural":"ridge"}},{"type":"Feature","geometry":{"type":"LineString","coordinates":[[73.9941215,40.3147121],[74.0045499,40.3145158],[74.0122318,40.3124869]]},"properties":{"@id":"way/1125693308","natural":"ridge"}},{"type":"Feature","geometry":{"type":"LineString","coordinates":[[73.995409,40.3105235],[73.9940786,40.3070545],[73.9949798,40.3040109]]},"properties":{"@id":"way/1125693309","natural":"ridge"}},{"type":"Feature","geometry":{"type":"LineString","coordinates":[[74.0029192,40.3072836],[74.0029621,40.3043381],[74.0000867,40.3015235]]},"properties":{"@id":"way/1125693310","natural":"ridge"}},{"type":"Feature","geometry":{"type":"LineString","coordinates":[[73.987854,40.3213318],[73.9941215,40.3147121],[73.995409,40.3105235],[74.0029192,40.3072836],[74.0105152,40.3074145],[74.0169096,40.3040763]]},"properties":{"@id":"way/1125693311","natural":"ridge"}},{"type":"Feature","geometry":{"type":"LineString","coordinates":[[74.0445353,40.3179745],[74.0529584,40.3113416],[74.0542459,40.3088217],[74.0542459,40.3038472]]},"properties":{"@id":"way/1125693312","natural":"ridge"}},{"type":"Feature","geometry":{"type":"LineString","coordinates":[[74.0390539,40.3181152],[74.0416288,40.3107525],[74.0415,40.3027999]]},"properties":{"@id":"way/1125693313","natural":"ridge"}},{"type":"Feature","geometry":{"type":"LineString","coordinates":[[73.9658832,40.2791001],[73.9736509,40.2772993],[73.9800882,40.2776922]]},"properties":{"@id":"way/1125693314","natural":"ridge"}},{"type":"Feature","geometry":{"type":"LineString","coordinates":[[73.9670631,40.2738947],[73.9744234,40.272388],[73.980689,40.2725517]]},"properties":{"@id":"way/1125693315","natural":"ridge"}},{"type":"Feature","geometry":{"type":"LineString","coordinates":[[73.9840839,40.2890388],[73.9856243,40.2939625],[73.9838647,40.300607]]},"properties":{"@id":"way/1125693316","natural":"ridge"}},{"type":"Feature","geometry":{"type":"LineString","coordinates":[[73.9747651,40.2900941],[73.9774704,40.2937007],[73.9772987,40.2992978],[73.9789295,40.3020144]]},"properties":{"@id":"way/1125693317","natural":"ridge"}},{"type":"Feature","geometry":{"type":"LineString","coordinates":[[73.9631612,40.275039],[73.9511203,40.2755313]]},"properties":{"@id":"way/1125693318","natural":"ridge"}},{"type":"Feature","geometry":{"type":"LineString","coordinates":[[73.9658832,40.2761862],[73.9631612,40.275039],[73.9568709,40.272388],[73.9531802,40.2717331],[73.9485454,40.269834]]},"properties":{"@id":"way/1125693319","natural":"ridge"}},{"type":"Feature","geometry":{"type":"LineString","coordinates":[[73.9657974,40.299756],[73.9588162,40.2938173],[73.9560985,40.2880703],[73.9556264,40.2822103]]},"properties":{"@id":"way/1125693320","natural":"ridge"}},{"type":"Feature","geometry":{"type":"LineString","coordinates":[[73.9324817,40.2978598],[73.9324951,40.293537],[73.9346408,40.2896089],[73.9348125,40.2813591],[73.9345121,40.2762189],[73.9362287,40.2724862]]},"properties":{"@id":"way/1125693321","natural":"ridge"}},{"type":"Feature","geometry":{"type":"LineString","coordinates":[[73.9469146,40.3000029],[73.9450264,40.2941589],[73.9433527,40.2855823],[73.944168,40.2810645],[73.9432239,40.2740251],[73.9439964,40.2709145]]},"properties":{"@id":"way/1125693322","natural":"ridge"}},{"type":"Feature","geometry":{"type":"LineString","coordinates":[[73.96435,40.2886605],[73.9658832,40.2826032],[73.9658832,40.2791001],[73.9658832,40.2761862],[73.9670631,40.2738947],[73.9677714,40.272519],[73.9676856,40.2670179],[73.9643382,40.2612543]]},"properties":{"@id":"way/1125693323","natural":"ridge"}},{"type":"Feature","geometry":{"type":"LineString","coordinates":[[74.0757465,40.2635466],[74.0872478,40.2621058],[74.0972041,40.2596168],[74.1080188,40.2588308]]},"properties":{"@id":"way/1125693415","natural":"ridge"}},{"type":"Feature","geometry":{"type":"LineString","coordinates":[[74.0818834,40.2703579],[74.0885352,40.2691791],[74.0946292,40.2710128],[74.1147136,40.272519]]},"properties":{"@id":"way/1125693416","natural":"ridge"}},{"type":"Feature","geometry":{"type":"LineString","coordinates":[[74.0478063,40.2236899],[74.0447041,40.2236376],[74.0372452,40.2258501]]},"properties":{"@id":"way/1125693417","natural":"ridge"}},{"type":"Feature","geometry":{"type":"LineString","coordinates":[[73.9455117,40.2010046],[73.9440822,40.2064759],[73.9453696,40.2129651]]},"properties":{"@id":"way/1125693418","natural":"ridge"}},{"type":"Feature","geometry":{"type":"LineString","coordinates":[[73.9646815,40.2207645],[73.9657115,40.2315117]]},"properties":{"@id":"way/1125693419","natural":"ridge"}},{"type":"Feature","geometry":{"type":"LineString","coordinates":[[73.9544341,40.24565],[73.9578151,40.2547042]]},"properties":{"@id":"way/1125693420","natural":"ridge"}},{"type":"Feature","geometry":{"type":"LineString","coordinates":[[73.9337825,40.2475966],[73.9356279,40.2547369],[73.9373016,40.2558832],[73.9379453,40.2637431]]},"properties":{"@id":"way/1125693421","natural":"ridge"}},{"type":"Feature","geometry":{"type":"LineString","coordinates":[[73.9182399,40.2320686],[73.9060163,40.2298735]]},"properties":{"@id":"way/1125693422","natural":"ridge"}},{"type":"Feature","geometry":{"type":"LineString","coordinates":[[73.9157152,40.2236808],[73.908205,40.2251225]]},"properties":{"@id":"way/1125693423","natural":"ridge"}},{"type":"Feature","geometry":{"type":"LineString","coordinates":[[73.9001136,40.2557668],[73.8915109,40.2533286],[73.8878202,40.2531975]]},"properties":{"@id":"way/1125693424","natural":"ridge"}},{"type":"Feature","geometry":{"type":"LineString","coordinates":[[73.9039135,40.2545404],[73.9001136,40.2557668],[73.8941717,40.2576845],[73.8867044,40.256178]]},"properties":{"@id":"way/1125693425","natural":"ridge"}},{"type":"Feature","geometry":{"type":"LineString","coordinates":[[73.9033985,40.2518547],[73.8933563,40.2501515]]},"properties":{"@id":"way/1125693426","natural":"ridge"}},{"type":"Feature","geometry":{"type":"LineString","coordinates":[[73.9064025,40.2480552],[73.8978195,40.2466139]]},"properties":{"@id":"way/1125693427","natural":"ridge"}},{"type":"Feature","geometry":{"type":"LineString","coordinates":[[73.9106941,40.2419624],[73.9037847,40.2411434],[73.8976907,40.2430434]]},"properties":{"@id":"way/1125693428","natural":"ridge"}},{"type":"Feature","geometry":{"type":"LineString","coordinates":[[73.9210367,40.2411762],[73.9124965,40.2385882],[73.9068746,40.2353777],[73.9018535,40.2339361],[73.8995361,40.2340017]]},"properties":{"@id":"way/1125693429","natural":"ridge"}},{"type":"Feature","geometry":{"type":"LineString","coordinates":[[73.8471365,40.2524442],[73.8493895,40.2535906],[73.8535952,40.2541637],[73.855741,40.2552773],[73.8580584,40.2590437],[73.861041,40.2598133],[73.8623714,40.2609923]]},"properties":{"@id":"way/1125693430","natural":"ridge"}},{"type":"Feature","geometry":{"type":"LineString","coordinates":[[74.1667485,40.3342122],[74.1692805,40.3339996],[74.1724992,40.3331818],[74.18046,40.3335089],[74.1826701,40.3329528],[74.1868329,40.3330182],[74.1878414,40.3327238]]},"properties":{"@id":"way/1133293462","natural":"ridge"}},{"type":"Feature","geometry":{"type":"LineString","coordinates":[[74.1361713,40.2530666],[74.1269874,40.2569313],[74.1226958,40.2575863],[74.1147994,40.2557523]]},"properties":{"@id":"way/1133293512","natural":"ridge"}},{"type":"Feature","geometry":{"type":"LineString","coordinates":[[74.1367721,40.2497912],[74.1305064,40.248219],[74.1149711,40.2499222],[74.1118812,40.2498567]]},"properties":{"@id":"way/1133293513","natural":"ridge"}},{"type":"Feature","geometry":{"type":"LineString","coordinates":[[74.1322713,40.2373377],[74.1238116,40.2417331],[74.1194343,40.2423228],[74.1139411,40.2445503],[74.1097354,40.2452054]]},"properties":{"@id":"way/1133293514","natural":"ridge"}},{"type":"Feature","geometry":{"type":"LineString","coordinates":[[74.1161727,40.2243034],[74.1197776,40.2288906],[74.1192626,40.2336741],[74.1147994,40.2380641],[74.1076755,40.239571]]},"properties":{"@id":"way/1133293515","natural":"ridge"}},{"type":"Feature","geometry":{"type":"LineString","coordinates":[[74.1172885,40.2196504],[74.1161727,40.2243034],[74.1107654,40.2291527],[74.1080188,40.2332809]]},"properties":{"@id":"way/1133293516","natural":"ridge"}},{"type":"Feature","geometry":{"type":"LineString","coordinates":[[74.0940284,40.2082458],[74.1054439,40.2092945],[74.1140699,40.209229],[74.107418,40.2043783],[74.0969466,40.2014939]]},"properties":{"@id":"way/1133293517","natural":"ridge"}},{"type":"Feature","geometry":{"type":"LineString","coordinates":[[74.117546,40.1998877],[74.1243266,40.1996583],[74.1291331,40.2013628]]},"properties":{"@id":"way/1133293518","natural":"ridge"}},{"type":"Feature","geometry":{"type":"LineString","coordinates":[[74.1156578,40.2017233],[74.1081046,40.1986094],[74.1027831,40.1985438]]},"properties":{"@id":"way/1133293519","natural":"ridge"}},{"type":"Feature","geometry":{"type":"LineString","coordinates":[[73.8386822,40.2447631],[73.8436818,40.246794],[73.8493681,40.2472363],[73.8541746,40.2480388],[73.8605904,40.2508393],[73.8631224,40.253001]]},"properties":{"@id":"way/1133293641","natural":"ridge"}},{"type":"Feature","geometry":{"type":"LineString","coordinates":[[73.8206906,40.3146476],[73.8238763,40.317559],[73.826065,40.3184097],[73.8322877,40.3193259],[73.834691,40.3212891],[73.8364076,40.3253136],[73.8394975,40.3284871],[73.8429308,40.3305809],[73.8432741,40.3363713],[73.844304,40.3383668],[73.8460261,40.3392011],[73.8493681,40.3408201],[73.8534879,40.345334],[73.8604402,40.3485393],[73.863573,40.3538703],[73.8669633,40.3561922],[73.8689374,40.3588738]]},"properties":{"@id":"way/1151695629","natural":"ridge"}},{"type":"Feature","geometry":{"type":"LineString","coordinates":[[73.9320659,40.1734302],[73.93507,40.1753321],[73.9410781,40.1763158],[73.9469146,40.1795947],[73.9485454,40.1853652],[73.9507185,40.1864998],[73.9513978,40.1885053],[73.9572143,40.1940201]]},"properties":{"@id":"way/1151695634","natural":"ridge"}},{"type":"Feature","geometry":{"type":"LineString","coordinates":[[73.9869976,40.1305255],[73.9848518,40.1289177],[73.982191,40.1248487],[73.9785003,40.1216328],[73.9780712,40.1176947]]},"properties":{"@id":"way/1151695636","natural":"ridge"}},{"type":"Feature","geometry":{"type":"LineString","coordinates":[[74.0179824,40.1175634],[74.0191626,40.1184659],[74.020257,40.1193028],[74.0215444,40.1213375]]},"properties":{"@id":"way/1151695641","natural":"ridge"}},{"type":"Feature","geometry":{"type":"LineString","coordinates":[[73.7746524,40.3623074],[73.7816047,40.367343],[73.7961959,40.3722475],[73.7967967,40.3764977],[73.8004874,40.3817938],[73.8046931,40.3848012]]},"properties":{"@id":"way/1151695646","natural":"ridge"}},{"type":"Feature","geometry":{"type":"LineString","coordinates":[[74.0800263,40.3361254],[74.0796867,40.3361928],[74.0794314,40.336245],[74.0792294,40.3362529],[74.0791939,40.336216],[74.0791894,40.3361422],[74.0791926,40.3360482],[74.0792066,40.3358765],[74.0794863,40.3355552]]},"properties":{"@id":"way/1233613820","natural":"cliff"}},{"type":"Feature","geometry":{"type":"LineString","coordinates":[[74.0959742,40.4416424],[74.095825,40.4413821],[74.0954663,40.4412244],[74.0952988,40.4410526],[74.0950075,40.440614],[74.094895,40.4402324],[74.094857,40.440039],[74.094395,40.4395897],[74.0941553,40.4393577],[74.0940044,40.4391989],[74.0940237,40.4389353]]},"properties":{"@id":"way/1234172363","natural":"cliff"}},{"type":"Feature","geometry":{"type":"LineString","coordinates":[[73.948263,40.1718436],[73.9479066,40.1708853],[73.9478363,40.1704354],[73.9479168,40.1698151],[73.9479527,40.1695391],[73.947888,40.1691009],[73.9473343,40.1691337],[73.9468513,40.1692592],[73.9465543,40.1694748]]},"properties":{"@id":"way/1234194623","natural":"cliff"}},{"type":"Feature","geometry":{"type":"LineString","coordinates":[[73.9492014,40.1707188],[73.9488014,40.1705518],[73.948443,40.170418],[73.9481251,40.1700565],[73.9479168,40.1698151]]},"properties":{"@id":"way/1234194624","natural":"cliff"}},{"type":"Feature","geometry":{"type":"LineString","coordinates":[[73.9512841,40.1725255],[73.9506645,40.1721686],[73.9504274,40.171958],[73.9500941,40.1717359],[73.9499349,40.171437],[73.9496871,40.1710663]]},"properties":{"@id":"way/1234194625","natural":"cliff"}},{"type":"Feature","geometry":{"type":"LineString","coordinates":[[74.0550315,40.464153],[74.0554681,40.4570228],[74.0582366,40.4510417],[74.0597843,40.4492671],[74.0641557,40.4472527],[74.0653946,40.4445206],[74.0655865,40.4388885],[74.0693511,40.437367],[74.0737257,40.4363066],[74.0848106,40.4392405],[74.0890966,40.4395067],[74.1027056,40.4327712],[74.1169136,40.4248889],[74.1241931,40.4177719],[74.1282196,40.4076401],[74.1359866,40.4030871],[74.1563074,40.3960979],[74.1651556,40.3914622],[74.1697082,40.3847428],[74.1685828,40.3759763],[74.1638026,40.3694519],[74.1610251,40.3657629],[74.158275,40.3558543],[74.164071,40.3469994],[74.1639909,40.3339964],[74.1762036,40.330736],[74.1904232,40.3222266],[74.2026582,40.3147181],[74.2049257,40.3109593],[74.2083705,40.308055],[74.212016,40.3098604],[74.2179247,40.3114044],[74.2283996,40.3130295],[74.2463074,40.3125127],[74.2571984,40.3140029],[74.2705583,40.3129804],[74.2789336,40.3111206],[74.2894229,40.3030318],[74.2941799,40.2960643],[74.3023733,40.2833414],[74.3068703,40.2785406],[74.3206815,40.2749168],[74.3444531,40.2740868],[74.352507,40.2719123],[74.3622436,40.2661186],[74.3721259,40.2638743],[74.3787129,40.2681583],[74.3826302,40.2732159],[74.3854497,40.2783455],[74.3903972,40.283188],[74.3936116,40.2855358],[74.3995202,40.2900485],[74.4046864,40.2962769],[74.4089902,40.3028727],[74.4141443,40.3096252],[74.4172813,40.3168333],[74.420738,40.3214553],[74.4266733,40.3244373],[74.432843,40.327323],[74.4424728,40.3321589],[74.4530681,40.3388999],[74.4612673,40.3422559],[74.4698368,40.3426886],[74.4832567,40.3452164],[74.5013542,40.3451509],[74.5136967,40.3466362],[74.5268962,40.3510209],[74.5373793,40.3579127],[74.5412608,40.3618515],[74.5466766,40.3635824],[74.5608378,40.3706633],[74.5685739,40.3753536],[74.5770755,40.3804536],[74.582454,40.3839408],[74.598615,40.3871631],[74.6137372,40.3850021],[74.6229857,40.3860499],[74.6495747,40.3886746],[74.6600153,40.3909661],[74.6637396,40.3921437],[74.6673888,40.3926724],[74.6823724,40.3937126],[74.6992888,40.398139],[74.7102958,40.3972175],[74.717371,40.3971795],[74.731142,40.4003388],[74.7339205,40.4023619],[74.746805,40.4013832],[74.7641429,40.4005297]]},"properties":{"@id":"way/1361974080","name":"Алай-Куу өрөөнү","name:en":"Alay-Kuu Valley","name:ky":"Алай-Куу өрөөнү","name:ru":"Долина Алай-Куу","natural":"valley","wikidata":"Q20619665","wikipedia":"ky:Алай-Куу өрөөнү"}},{"type":"Feature","geometry":{"type":"LineString","coordinates":[[74.6043777,40.4433872],[74.6046781,40.4459673],[74.6064579,40.4480005],[74.6073818,40.4496577],[74.6095275,40.4516825],[74.6111154,40.4560256],[74.6129179,40.4584747],[74.6139907,40.4618705],[74.6145486,40.4665722],[74.6187543,40.46827],[74.6236038,40.4688903],[74.624505,40.4698371],[74.6249771,40.4728406],[74.6266937,40.4747014],[74.6315431,40.4752564],[74.6367359,40.4746688],[74.6400404,40.4750279],[74.6438169,40.4750605],[74.6488809,40.476301],[74.6499538,40.4777374],[74.6502113,40.479598],[74.6490526,40.4824379],[74.6494817,40.4837762],[74.6507692,40.4878562],[74.6541595,40.4899777],[74.6540737,40.4908263],[74.6531295,40.4929803],[74.6530866,40.4982672],[74.6537733,40.4988546],[74.6571636,40.4998663],[74.658966,40.5030969],[74.6602535,40.5046306],[74.6622705,40.5052505],[74.6662616,40.5056095],[74.6705746,40.5064578],[74.6714115,40.5082851],[74.6732569,40.5101449],[74.6738467,40.5115305],[74.6742439,40.5140439],[74.6737718,40.5157404],[74.6744432,40.5171773]]},"properties":{"@id":"way/1475138012","natural":"ridge"}},{"type":"Feature","geometry":{"type":"Point","coordinates":[74.8377619,40.5219397]},"properties":{"@id":"node/349006388","name":"Тузбель","natural":"peak"}},{"type":"Feature","geometry":{"type":"Point","coordinates":[73.8397048,40.2590108]},"properties":{"@id":"node/775949026","natural":"peak","source":"landsat"}},{"type":"Feature","geometry":{"type":"Point","coordinates":[73.8323663,40.2702759]},"properties":{"@id":"node/775949029","natural":"peak","source":"landsat"}},{"type":"Feature","geometry":{"type":"Point","coordinates":[73.9182399,40.2320686]},"properties":{"@id":"node/775949041","natural":"peak","source":"landsat"}},{"type":"Feature","geometry":{"type":"Point","coordinates":[74.6438096,40.5057562]},"properties":{"@id":"node/775949315","natural":"peak","source":"landsat"}},{"type":"Feature","geometry":{"type":"Point","coordinates":[74.6259568,40.4945305]},"properties":{"@id":"node/775949316","natural":"peak","source":"landsat"}},{"type":"Feature","geometry":{"type":"Point","coordinates":[74.5933412,40.5231133]},"properties":{"@id":"node/775949317","natural":"peak","source":"landsat"}},{"type":"Feature","geometry":{"type":"Point","coordinates":[74.5581506,40.5211559]},"properties":{"@id":"node/775949318","natural":"peak","source":"landsat"}},{"type":"Feature","geometry":{"type":"Point","coordinates":[74.064699,40.0819982]},"properties":{"@id":"node/2117852020","name":"撒勒吐鲁克山口","natural":"saddle"}},{"type":"Feature","geometry":{"type":"Point","coordinates":[74.0955393,40.0872574]},"properties":{"@id":"node/2117852149","name":"克自达尔山口","natural":"saddle"}},{"type":"Feature","geometry":{"type":"Point","coordinates":[74.3351082,40.094739]},"properties":{"@id":"node/2117852267","name":"且克拉岭","natural":"peak"}},{"type":"Feature","geometry":{"type":"Point","coordinates":[74.0415845,40.0994957]},"properties":{"@id":"node/2117852412","ele":"4721","natural":"peak"}},{"type":"Feature","geometry":{"type":"Point","coordinates":[74.1261778,40.1105689]},"properties":{"@id":"node/2117852574","name":"阿赖岭","natural":"peak"}},{"type":"Feature","geometry":{"type":"Point","coordinates":[74.372115,40.1108169]},"properties":{"@id":"node/2117852577","name":"琼克孜勒","natural":"peak"}},{"type":"Feature","geometry":{"type":"Point","coordinates":[74.3136224,40.1109084]},"properties":{"@id":"node/2117852580","name":"萨瓦亚尔顿山口","name:zh":"萨瓦亚尔顿山口","natural":"saddle"}},{"type":"Feature","geometry":{"type":"Point","coordinates":[74.2638009,40.1286952]},"properties":{"@id":"node/2117852798","name":"库奇克敦别勒山口","natural":"saddle"}},{"type":"Feature","geometry":{"type":"Point","coordinates":[74.4160812,40.1362478]},"properties":{"@id":"node/2117852833","direction":"300","ele":"4188","mountain_pass":"yes","name":"塔塔山口 Тата","name:en":"Tata Pass","name:ru":"Тата","name:zh":"塔塔山口","natural":"saddle"}},{"type":"Feature","geometry":{"type":"Point","coordinates":[74.44159,40.1522454]},"properties":{"@id":"node/2117852870","name":"塔塔套山","natural":"peak"}},{"type":"Feature","geometry":{"type":"Point","coordinates":[74.4605571,40.1644716]},"properties":{"@id":"node/2117852889","name":"艾木且克多维山","natural":"peak"}},{"type":"Feature","geometry":{"type":"Point","coordinates":[74.4881347,40.1936619]},"properties":{"@id":"node/2117852935","name":"希依达木山口","name:zh":"希依达木山口","natural":"saddle"}},{"type":"Feature","geometry":{"type":"Point","coordinates":[74.536358,40.2191531]},"properties":{"@id":"node/2117852970","name":"塔勒噶依山口","name:zh":"塔勒噶依山口","natural":"saddle"}},{"type":"Feature","geometry":{"type":"Point","coordinates":[74.5427732,40.2312761]},"properties":{"@id":"node/2117852983","name":"塔勒克依德山","natural":"peak"}},{"type":"Feature","geometry":{"type":"Point","coordinates":[74.5626391,40.2560397]},"properties":{"@id":"node/2117853004","name":"硝如克山口","natural":"saddle"}},{"type":"Feature","geometry":{"type":"Point","coordinates":[74.5791253,40.2671455]},"properties":{"@id":"node/2117853018","name":"苏鲁拉山口","natural":"saddle"}},{"type":"Feature","geometry":{"type":"Point","coordinates":[74.6524157,40.2727409]},"properties":{"@id":"node/2117853026","name":"图自阿舒山口","natural":"saddle"}},{"type":"Feature","geometry":{"type":"Point","coordinates":[74.6790777,40.2964786]},"properties":{"@id":"node/2117853212","name":"喀什喀苏阿舒山口","natural":"saddle"}},{"type":"Feature","geometry":{"type":"Point","coordinates":[74.2730223,40.532315]},"properties":{"@id":"node/5513582975","natural":"spring"}},{"type":"Feature","geometry":{"type":"Point","coordinates":[74.5876528,40.5509944]},"properties":{"@id":"node/5604556455","ele":"4685","natural":"peak","westra_ref":"10804"}},{"type":"Feature","geometry":{"type":"Point","coordinates":[74.4816667,40.6527778]},"properties":{"@id":"node/5604556457","ele":"4616","natural":"peak","westra_ref":"10839"}},{"type":"Feature","geometry":{"type":"Point","coordinates":[74.5291667,40.6327778]},"properties":{"@id":"node/5604556459","ele":"4470","natural":"peak","westra_ref":"10837"}},{"type":"Feature","geometry":{"type":"Point","coordinates":[74.5763889,40.6113889]},"properties":{"@id":"node/5604556461","ele":"4318","natural":"peak","westra_ref":"10840"}},{"type":"Feature","geometry":{"type":"Point","coordinates":[74.2660167,40.7617167]},"properties":{"@id":"node/5604556462","ele":"4015","mountain_pass":"yes","name":"Шиль-Бели Ложный","name:en":"Shil-Beli False Pass","natural":"saddle","rtsa_scale":"1Б","westra_ref":"12097"}},{"type":"Feature","geometry":{"type":"Point","coordinates":[74.8207467,40.5086538]},"properties":{"@id":"node/5604556464","mountain_pass":"yes","name":"Туюн-Суек","name:ru":"Туюн-Суек","natural":"saddle","westra_ref":"12233"}},{"type":"Feature","geometry":{"type":"Point","coordinates":[74.3355167,40.7004]},"properties":{"@id":"node/5604556465","ele":"4250","mountain_pass":"yes","name":"Триплет","natural":"saddle","rtsa_scale":"1Б","westra_ref":"12094"}},{"type":"Feature","geometry":{"type":"Point","coordinates":[74.3559631,40.6979833]},"properties":{"@id":"node/5604556468","ele":"4520","mountain_pass":"yes","name":"Очи-Коман","natural":"saddle","rtsa_scale":"2Б","westra_ref":"12100"}},{"type":"Feature","geometry":{"type":"Point","coordinates":[74.3195167,40.7172167]},"properties":{"@id":"node/5604556470","ele":"4311","mountain_pass":"yes","name":"Лунный","natural":"saddle","rtsa_scale":"2А","westra_ref":"12107"}},{"type":"Feature","geometry":{"type":"Point","coordinates":[74.6818667,40.5161]},"properties":{"@id":"node/5604556471","ele":"4390","mountain_pass":"yes","name":"Кульджа-Булак Восточный","natural":"saddle","rtsa_scale":"1Б","westra_ref":"8360"}},{"type":"Feature","geometry":{"type":"Point","coordinates":[74.6738467,40.5115305]},"properties":{"@id":"node/5604556472","ele":"4410","mountain_pass":"yes","name":"Кульджа-Булак Южный","natural":"saddle","rtsa_scale":"2А","westra_ref":"8359"}},{"type":"Feature","geometry":{"type":"Point","coordinates":[74.55397,40.54087]},"properties":{"@id":"node/5604556473","ele":"4570","mountain_pass":"yes","name":"Кулун-Кашкасу","name:ru":"Кулун-Кашкасу","natural":"saddle","rtsa_scale":"2Б","westra_ref":"12105"}},{"type":"Feature","geometry":{"type":"Point","coordinates":[74.39925,40.5710667]},"properties":{"@id":"node/5604556476","ele":"3610","mountain_pass":"yes","name":"Качурабель","name:en":"Kachurabel Pass","natural":"saddle","rtsa_scale":"н/к","westra_ref":"12093"}},{"type":"Feature","geometry":{"type":"Point","coordinates":[74.5799833,40.5913]},"properties":{"@id":"node/5604556478","ele":"4163","mountain_pass":"yes","name":"Каракол","natural":"saddle","rtsa_scale":"1А","westra_ref":"8368"}},{"type":"Feature","geometry":{"type":"Point","coordinates":[74.6283833,40.5364333]},"properties":{"@id":"node/5604556479","ele":"4586","mountain_pass":"yes","name":"Каракель Западный","natural":"saddle","rtsa_scale":"2А","westra_ref":"8362"}},{"type":"Feature","geometry":{"type":"Point","coordinates":[74.6064579,40.4480005]},"properties":{"@id":"node/5604556480","ele":"4344","mountain_pass":"yes","name":"Италмас","natural":"saddle","rtsa_scale":"2А","westra_ref":"8369"}},{"type":"Feature","geometry":{"type":"Point","coordinates":[74.5746667,40.5502833]},"properties":{"@id":"node/5604556483","ele":"4640","mountain_pass":"yes","name":"Двойной Западный","name:ru":"Двойной Западный","natural":"saddle","rtsa_scale":"2А","westra_ref":"8367"}},{"type":"Feature","geometry":{"type":"Point","coordinates":[74.5328333,40.6288333]},"properties":{"@id":"node/5604556484","ele":"4246","mountain_pass":"yes","name":"Геннадий","natural":"saddle","rtsa_scale":"2А*","westra_ref":"8375"}},{"type":"Feature","geometry":{"type":"Point","coordinates":[74.29165,40.7521]},"properties":{"@id":"node/5604556486","ele":"4160","mountain_pass":"yes","name":"Валера","natural":"saddle","rtsa_scale":"2А","westra_ref":"12106"}},{"type":"Feature","geometry":{"type":"Point","coordinates":[74.56323,40.54721]},"properties":{"@id":"node/5604556487","ele":"4613","mountain_pass":"yes","name":"Баяман","natural":"saddle","rtsa_scale":"2Б","westra_ref":"12103"}},{"type":"Feature","geometry":{"type":"Point","coordinates":[74.6058167,40.5404167]},"properties":{"@id":"node/5604556488","ele":"4776","mountain_pass":"yes","name":"Ашуайрык","natural":"saddle","rtsa_scale":"2Б","westra_ref":"8364"}},{"type":"Feature","geometry":{"type":"Point","coordinates":[74.5465594,40.5465743]},"properties":{"@id":"node/5604556490","ele":"4507","mountain_pass":"yes","name":"Александра","name:ru":"Александра","natural":"saddle","rtsa_scale":"3А","westra_ref":"8374"}},{"type":"Feature","geometry":{"type":"Point","coordinates":[74.3133258,40.7441032]},"properties":{"@id":"node/5604556493","ele":"4650","name":"Чыңгыз Айтматов","name:en":"Chingiz Aitmatov","name:ky":"Чыңгыз Айтматов","name:ru":"Чингиза Айтматова","natural":"peak","source:url":"https://ratel.kz/outlook/alma_ata_i_almaty_gornaja_bolezn_i_ee_vysokie_posledstvija","westra_ref":"12099","wikidata":"Q4362533","wikipedia":"ru:Пик Айтматова"}},{"type":"Feature","geometry":{"type":"Point","coordinates":[74.3534946,40.7071244]},"properties":{"@id":"node/5604556495","ele":"4905","name":"Уч-зеид","natural":"peak","westra_ref":"12088"}},{"type":"Feature","geometry":{"type":"Point","coordinates":[74.5821798,40.5531921]},"properties":{"@id":"node/5604556496","ele":"4750","name":"Кашкасу","name:ru":"Кашкасу","natural":"peak","westra_ref":"8366"}},{"type":"Feature","geometry":{"type":"Point","coordinates":[74.6614833,40.5315]},"properties":{"@id":"node/5604556497","ele":"4660","name":"Минджар","natural":"peak","westra_ref":"8361"}},{"type":"Feature","geometry":{"type":"Point","coordinates":[74.55744,40.54649]},"properties":{"@id":"node/5604556498","ele":"4773","name":"Баяман Узловая","name:ru":"Баяман Узловая","natural":"peak","westra_ref":"12104"}},{"type":"Feature","geometry":{"type":"Point","coordinates":[74.1177556,40.1961389]},"properties":{"@id":"node/5607878550","ele":"3543","mountain_pass":"yes","name":"Юджилга","natural":"saddle","rtsa_scale":"1А","westra_ref":"12872"}},{"type":"Feature","geometry":{"type":"Point","coordinates":[74.0315866,40.1011851]},"properties":{"@id":"node/5607878552","direction":"50","ele":"4444","mountain_pass":"yes","name":"Тюяджайляу","name:ru":"Тюяджайляу","natural":"saddle","rtsa_scale":"1Б","westra_ref":"12873"}},{"type":"Feature","geometry":{"type":"Point","coordinates":[73.9473556,40.1362111]},"properties":{"@id":"node/5607878553","ele":"4300","mountain_pass":"yes","name":"Тульский","natural":"saddle","rtsa_scale":"1Б","westra_ref":"12876"}},{"type":"Feature","geometry":{"type":"Point","coordinates":[74.0222354,40.11498]},"properties":{"@id":"node/5607878555","ele":"4345","mountain_pass":"yes","name":"Теке","natural":"saddle","rtsa_scale":"2Б","westra_ref":"12874"}},{"type":"Feature","geometry":{"type":"Point","coordinates":[73.933125,40.1549139]},"properties":{"@id":"node/5607878559","ele":"4150","mountain_pass":"yes","name":"Каманчай","name:en":"Kamanchay Pass","natural":"saddle","rtsa_scale":"1А-1Б","westra_ref":"12882"}},{"type":"Feature","geometry":{"type":"Point","coordinates":[74.0376278,40.1260889]},"properties":{"@id":"node/5607878562","ele":"4400","mountain_pass":"yes","name":"75 лет Щекино","natural":"saddle","rtsa_scale":"1Б*","westra_ref":"12875"}},{"type":"Feature","geometry":{"type":"Point","coordinates":[74.2700571,40.1135151]},"properties":{"@id":"node/6070724876","alt_name":"Тарт-куль","alt_name:ru":"Тарт-куль","direction":"75","ele":"3864","mountain_pass":"yes","name":"塔尔特库里山口  Тарткуль","name:en":"Tartkul Pass","name:ru":"Тарткуль","name:zh":"塔尔特库里山口","natural":"saddle"}},{"type":"Feature","geometry":{"type":"Point","coordinates":[74.0175639,40.5315]},"properties":{"@id":"node/6847977689","name":"Мазар булак","natural":"spring"}},{"type":"Feature","geometry":{"type":"Point","coordinates":[74.7960269,40.5386763]},"properties":{"@id":"node/9875873146","ele":"4720","name":"Жумар-Тоо","name:en":"Jumar-Too","natural":"peak","westra_ref":"12727","wikipedia":"ru:Тоо"}},{"type":"Feature","geometry":{"type":"Point","coordinates":[74.7893643,40.5269952]},"properties":{"@id":"node/9875873148","ele":"4020","mountain_pass":"yes","name":"Суек","natural":"saddle","westra_ref":"12234"}},{"type":"Feature","geometry":{"type":"Point","coordinates":[74.1828418,40.7395673]},"properties":{"@id":"node/9875900250","ele":"2937","mountain_pass":"yes","name":"Кара-Шоро","name:en":"Kara-Shoro Pass","natural":"saddle","rtsa_scale":"н/к"}},{"type":"Feature","geometry":{"type":"Point","coordinates":[74.2475414,40.711499]},"properties":{"@id":"node/9875900251","ele":"3158","mountain_pass":"yes","name":"Кочургенбель","name:en":"Kochurgen-Bel Pass","natural":"saddle","rtsa_scale":"н/к"}},{"type":"Feature","geometry":{"type":"Point","coordinates":[74.283548,40.6922231]},"properties":{"@id":"node/9875900252","ele":"3220","mountain_pass":"yes","name":"Учсеид","name:en":"Uchseid Pass","natural":"saddle","rtsa_scale":"н/к","westra_ref":"14726"}},{"type":"Feature","geometry":{"type":"Point","coordinates":[74.306133,40.6812542]},"properties":{"@id":"node/9875900253","ele":"3493","mountain_pass":"yes","name":"Чапканкия","name:en":"Chapkankiya Pass","natural":"saddle","rtsa_scale":"н/к","westra_ref":"14725"}},{"type":"Feature","geometry":{"type":"Point","coordinates":[74.2610954,40.6421519]},"properties":{"@id":"node/9876338246","ele":"2819","mountain_pass":"yes","name":"Аркарбель","name:en":"Arkar-Bel Pass","natural":"saddle","rtsa_scale":"н/к"}},{"type":"Feature","geometry":{"type":"Point","coordinates":[74.0248275,40.1090629]},"properties":{"@id":"node/10076718621","ele":"4921","natural":"peak"}},{"type":"Feature","geometry":{"type":"Point","coordinates":[73.9560985,40.1292294]},"properties":{"@id":"node/10086900841","natural":"saddle"}},{"type":"Feature","geometry":{"type":"Point","coordinates":[73.857555,40.2206084]},"properties":{"@id":"node/10090530044","natural":"peak","source":"landsat"}},{"type":"Feature","geometry":{"type":"Point","coordinates":[73.8667604,40.2116934]},"properties":{"@id":"node/10090530052","ele":"3956","mountain_pass":"yes","name":"Кичи-Эркеч","name:en":"Kichi-Erkech Pass","name:ru":"Кичи-Эркеч","natural":"saddle","rtsa_scale":"1Б?","westra_ref":"14561"}},{"type":"Feature","geometry":{"type":"Point","coordinates":[74.1796016,40.1265551]},"properties":{"@id":"node/10090530562","natural":"saddle"}},{"type":"Feature","geometry":{"type":"Point","coordinates":[74.1277084,40.322487]},"properties":{"@id":"node/10178993598","natural":"saddle"}},{"type":"Feature","geometry":{"type":"Point","coordinates":[74.0345004,40.3624726]},"properties":{"@id":"node/10178995177","ele":"3605","mountain_pass":"yes","name":"Каратумабель","name:en":"Karatuma Bel Pass","natural":"saddle","rtsa_scale":"н/к"}},{"type":"Feature","geometry":{"type":"Point","coordinates":[74.0492457,40.372754]},"properties":{"@id":"node/10178995344","ele":"4430","name":"Каратума","natural":"peak"}},{"type":"Feature","geometry":{"type":"Point","coordinates":[73.9117522,40.1929363]},"properties":{"@id":"node/10288456428","ele":"3880","mountain_pass":"yes","name":"Кызылагын","name:en":"Kyzyl-Agyn Pass","natural":"saddle","rtsa_scale":"н/к","westra_ref":"14533"}},{"type":"Feature","geometry":{"type":"Point","coordinates":[74.2601378,40.7676536]},"properties":{"@id":"node/10293886278","ele":"3860","mountain_pass":"yes","name":"Шиль-Бели","name:en":"Shil-Beli Pass","natural":"saddle"}},{"type":"Feature","geometry":{"type":"Point","coordinates":[74.541724,40.3404909]},"properties":{"@id":"node/10293887104","mountain_pass":"yes","name":"Эшигарт","name:ru":"Эшигарт","natural":"saddle","rtsa_scale":"н/к"}},{"type":"Feature","geometry":{"type":"Point","coordinates":[73.9566993,40.1185808]},"properties":{"@id":"node/10293888667","ele":"4050","mountain_pass":"yes","natural":"saddle"}},{"type":"Feature","geometry":{"type":"Point","coordinates":[74.0533573,40.1382691]},"properties":{"@id":"node/10566117408","ele":"4043","mountain_pass":"yes","name":"Карабель","natural":"saddle"}},{"type":"Feature","geometry":{"type":"Point","coordinates":[73.9875075,40.1142409]},"properties":{"@id":"node/10566135165","ele":"4080","mountain_pass":"yes","name":"Наурус","name:en":"Naurus Pass","name:ru":"Наурус","natural":"saddle","rtsa_scale":"н/к","westra_ref":"14532"}},{"type":"Feature","geometry":{"type":"Point","coordinates":[74.0407491,40.1240037]},"properties":{"@id":"node/10566138176","ele":"4683","natural":"peak"}},{"type":"Feature","geometry":{"type":"Point","coordinates":[73.87619,40.20534]},"properties":{"@id":"node/10566142024","ele":"4085","mountain_pass":"yes","name":"100 лет Комсомола","name:ru":"100 лет Комсомола","natural":"saddle","rtsa_scale":"2А","westra_ref":"13691"}},{"type":"Feature","geometry":{"type":"Point","coordinates":[74.0565245,40.3421749]},"properties":{"@id":"node/11366039965","ele":"3190","mountain_pass":"yes","name":"Отузойчурма","name:en":"Otuzoychurma Pass","natural":"saddle","rtsa_scale":"н/к"}},{"type":"Feature","geometry":{"type":"Point","coordinates":[74.0716079,40.2582781]},"properties":{"@id":"node/11366040627","ele":"3510","mountain_pass":"yes","name":"Каркаракуль","natural":"saddle","rtsa_scale":"н/к"}},{"type":"Feature","geometry":{"type":"Point","coordinates":[74.0671045,40.2426871]},"properties":{"@id":"node/11366040628","ele":"3470","mountain_pass":"yes","name":"Тугумукташ","natural":"saddle","rtsa_scale":"н/к"}},{"type":"Feature","geometry":{"type":"Point","coordinates":[74.0488641,40.2268939]},"properties":{"@id":"node/11366040629","ele":"3710","mountain_pass":"yes","name":"Тепчи","name:en":"Tepchi Pass","natural":"saddle","rtsa_scale":"н/к"}},{"type":"Feature","geometry":{"type":"Point","coordinates":[74.3440146,40.4938195]},"properties":{"@id":"node/11446884375","name":"Сары-Бель","name:en":"Sary Bel Pass","natural":"saddle"}},{"type":"Feature","geometry":{"type":"Point","coordinates":[73.8038668,40.3302416]},"properties":{"@id":"node/11446884376","mountain_pass":"yes","name":"Айтапан","name:en":"Aytapan Pass","natural":"saddle"}},{"type":"Feature","geometry":{"type":"Point","coordinates":[73.7885426,40.3467988]},"properties":{"@id":"node/11446884378","natural":"saddle"}},{"type":"Feature","geometry":{"type":"Point","coordinates":[73.8010608,40.339245]},"properties":{"@id":"node/11446884379","natural":"saddle"}},{"type":"Feature","geometry":{"type":"Point","coordinates":[73.8334088,40.2662267]},"properties":{"@id":"node/11446884380","mountain_pass":"yes","name":"Алдакуль","name:en":"Aldakul Pass","natural":"saddle","rtsa_scale":"1Б"}},{"type":"Feature","geometry":{"type":"Point","coordinates":[74.4961724,40.5635572]},"properties":{"@id":"node/11450898569","ele":"4100","mountain_pass":"yes","natural":"saddle"}},{"type":"Feature","geometry":{"type":"Point","coordinates":[74.2467679,40.5139124]},"properties":{"@id":"node/11450900948","natural":"spring"}},{"type":"Feature","geometry":{"type":"Point","coordinates":[74.2086682,40.4526604]},"properties":{"@id":"node/11451042639","name":"Белкунуш","name:en":"Bel-Kunush Pass","natural":"saddle"}},{"type":"Feature","geometry":{"type":"Point","coordinates":[74.3022553,40.5622838]},"properties":{"@id":"node/11451045732","natural":"saddle"}},{"type":"Feature","geometry":{"type":"Point","coordinates":[74.2581608,40.4763154]},"properties":{"@id":"node/11451165203","mountain_pass":"yes","name":"Сары-Булак","name:en":"Sary-Bulak Pass","natural":"saddle"}},{"type":"Feature","geometry":{"type":"Point","coordinates":[74.1383177,40.450312]},"properties":{"@id":"node/11451165334","mountain_pass":"yes","natural":"saddle"}},{"type":"Feature","geometry":{"type":"Point","coordinates":[74.4108535,40.5066024]},"properties":{"@id":"node/11451165443","ele":"4155","name":"Чекайрек","name:en":"Chekayrek Pass","natural":"saddle"}},{"type":"Feature","geometry":{"type":"Point","coordinates":[74.3584102,40.5018788]},"properties":{"@id":"node/11451165444","natural":"saddle"}},{"type":"Feature","geometry":{"type":"Point","coordinates":[74.3548256,40.5397849]},"properties":{"@id":"node/11451165450","natural":"saddle"}},{"type":"Feature","geometry":{"type":"Point","coordinates":[74.3476178,40.5777963]},"properties":{"@id":"node/11451165463","natural":"saddle"}},{"type":"Feature","geometry":{"type":"Point","coordinates":[74.3210922,40.5769786]},"properties":{"@id":"node/11451165464","natural":"saddle"}},{"type":"Feature","geometry":{"type":"Point","coordinates":[74.3304584,40.5778376]},"properties":{"@id":"node/11451165465","natural":"saddle"}},{"type":"Feature","geometry":{"type":"Point","coordinates":[73.9483349,40.2651775]},"properties":{"@id":"node/11454133509","natural":"spring"}},{"type":"Feature","geometry":{"type":"Point","coordinates":[74.0242451,40.2334256]},"properties":{"@id":"node/11454402309","natural":"spring"}},{"type":"Feature","geometry":{"type":"Point","coordinates":[74.0247185,40.2335973]},"properties":{"@id":"node/11454402310","natural":"spring"}},{"type":"Feature","geometry":{"type":"Point","coordinates":[74.0244303,40.2337101]},"properties":{"@id":"node/11454402311","natural":"spring"}},{"type":"Feature","geometry":{"type":"Point","coordinates":[73.9347365,40.1926538]},"properties":{"@id":"node/11458225472","ele":"3950","mountain_pass":"yes","natural":"saddle"}},{"type":"Feature","geometry":{"type":"Point","coordinates":[74.4758841,40.5725144]},"properties":{"@id":"node/11460203123","natural":"saddle"}},{"type":"Feature","geometry":{"type":"Point","coordinates":[74.3028552,40.6532962]},"properties":{"@id":"node/11460203126","mountain_pass":"yes","natural":"saddle"}},{"type":"Feature","geometry":{"type":"Point","coordinates":[74.3761363,40.5902632]},"properties":{"@id":"node/11460982629","natural":"spring"}},{"type":"Feature","geometry":{"type":"Point","coordinates":[74.0751959,40.1190982]},"properties":{"@id":"node/11987843841","ele":"4509","natural":"peak"}},{"type":"Feature","geometry":{"type":"Point","coordinates":[73.741084,40.3875333]},"properties":{"@id":"node/12324355018","natural":"saddle"}},{"type":"Feature","geometry":{"type":"Point","coordinates":[73.8580517,40.3817035]},"properties":{"@id":"node/12327336296","ele":"3270","name":"Калмак-Ашуу","name:en":"Kalmak-Ashuu Pass","name:ky":"Калмак-Ашуу","natural":"saddle"}},{"type":"Feature","geometry":{"type":"Point","coordinates":[73.7961875,40.3913634]},"properties":{"@id":"node/12327689664","natural":"spring"}},{"type":"Feature","geometry":{"type":"Point","coordinates":[73.7467148,40.3708588]},"properties":{"@id":"node/12327707894","intermittent":"yes","natural":"spring"}},{"type":"Feature","geometry":{"type":"Point","coordinates":[73.7312122,40.3675197]},"properties":{"@id":"node/12327707904","ele":"2865","natural":"saddle"}},{"type":"Feature","geometry":{"type":"Point","coordinates":[73.750021,40.3689936]},"properties":{"@id":"node/12327707925","natural":"spring"}},{"type":"Feature","geometry":{"type":"Point","coordinates":[73.7499474,40.3684588]},"properties":{"@id":"node/12327707926","natural":"spring"}},{"type":"Feature","geometry":{"type":"Point","coordinates":[73.7498679,40.3678467]},"properties":{"@id":"node/12327707927","natural":"spring"}},{"type":"Feature","geometry":{"type":"Point","coordinates":[73.7510395,40.3676512]},"properties":{"@id":"node/12327707928","natural":"spring"}},{"type":"Feature","geometry":{"type":"Point","coordinates":[74.3947463,40.5085523]},"properties":{"@id":"node/12327735196","ele":"4185","natural":"saddle"}},{"type":"Feature","geometry":{"type":"Point","coordinates":[74.4314834,40.4152947]},"properties":{"@id":"node/12327760384","mountain_pass":"yes","name":"Узун-Айрык","name:en":"Uzun-Ayryk Pass","name:ky":"Узун-Айрык","natural":"saddle"}},{"type":"Feature","geometry":{"type":"Point","coordinates":[74.3249098,40.5143387]},"properties":{"@id":"node/12607661718","ele":"3970","mountain_pass":"yes","name":"Ойурма","name:en":"Oyurma Pass","name:ky":"Ойурма","natural":"saddle"}},{"type":"Feature","geometry":{"type":"Point","coordinates":[74.2375158,40.5089142]},"properties":{"@id":"node/12607726986","natural":"spring"}},{"type":"Feature","geometry":{"type":"Point","coordinates":[74.4548976,40.5231133]},"properties":{"@id":"node/12610093325","ele":"4150","natural":"saddle"}},{"type":"Feature","geometry":{"type":"Point","coordinates":[73.5578792,40.4245191]},"properties":{"@id":"node/12613599371","ele":"2450","mountain_pass":"yes","name":"Суук-Дөбө ашуу","name:en":"Suuk-Döbö Pass","name:ky":"Суук-Дөбө ашуу","name:ru":"Перевал Суук-Добо","natural":"saddle"}},{"type":"Feature","geometry":{"type":"Point","coordinates":[73.7025354,40.3640773]},"properties":{"@id":"node/12613641526","ele":"2650","natural":"saddle"}},{"type":"Feature","geometry":{"type":"Point","coordinates":[73.7905997,40.3908206]},"properties":{"@id":"node/12613645238","natural":"spring"}},{"type":"Feature","geometry":{"type":"Point","coordinates":[73.7918968,40.3613648]},"properties":{"@id":"node/12613924831","natural":"spring"}},{"type":"Feature","geometry":{"type":"Point","coordinates":[73.7913589,40.3607685]},"properties":{"@id":"node/12613924832","natural":"spring"}},{"type":"Feature","geometry":{"type":"Point","coordinates":[73.7906627,40.3602395]},"properties":{"@id":"node/12613924833","natural":"spring"}},{"type":"Feature","geometry":{"type":"Point","coordinates":[73.8233081,40.3699341]},"properties":{"@id":"node/12613924954","ele":"3650","natural":"saddle"}},{"type":"Feature","geometry":{"type":"Point","coordinates":[73.8957564,40.3481408]},"properties":{"@id":"node/12613925048","natural":"saddle"}},{"type":"Feature","geometry":{"type":"Point","coordinates":[73.8974152,40.3344851]},"properties":{"@id":"node/12613925050","natural":"saddle"}},{"type":"Feature","geometry":{"type":"Point","coordinates":[73.8514534,40.3433781]},"properties":{"@id":"node/12613925198","natural":"saddle"}},{"type":"Feature","geometry":{"type":"Point","coordinates":[73.9692927,40.313242]},"properties":{"@id":"node/12614202130","mountain_pass":"yes","name":"Бек-Таш","name:en":"Bek-Tash Pass","name:ky":"Бек-Таш","natural":"saddle"}},{"type":"Feature","geometry":{"type":"Point","coordinates":[74.0838704,40.2162614]},"properties":{"@id":"node/12614366741","natural":"spring"}},{"type":"Feature","geometry":{"type":"Point","coordinates":[74.0807621,40.218432]},"properties":{"@id":"node/12614366742","natural":"spring"}},{"type":"Feature","geometry":{"type":"Point","coordinates":[74.0089892,40.2171306]},"properties":{"@id":"node/12616255316","natural":"saddle"}},{"type":"Feature","geometry":{"type":"Point","coordinates":[73.9480124,40.3493774]},"properties":{"@id":"node/12616367434","natural":"spring"}},{"type":"Feature","geometry":{"type":"Point","coordinates":[73.6913967,40.3906237]},"properties":{"@id":"node/13305641666","mountain_pass":"yes","name":"Pass 2490m","natural":"saddle"}},{"type":"Feature","geometry":{"type":"Point","coordinates":[73.7555122,40.7096294]},"properties":{"@id":"node/13310978573","mountain_pass":"yes","name":"Kukunchak Pass","natural":"saddle"}}]}