{"type":"FeatureCollection","name":"kara-kulja-context-roads","features":[{"type":"Feature","geometry":{"type":"LineString","coordinates":[[74.44245,39.79816],[74.43244,39.80321],[74.43114,39.81079],[74.42354,39.81595],[74.40299,39.81223],[74.37166,39.81971],[74.35974,39.81643],[74.33536,39.81836],[74.32208,39.81799],[74.31728,39.81613],[74.31332,39.80849],[74.309,39.80574],[74.28884,39.80218],[74.27078,39.79687],[74.25809,39.80023],[74.22553,39.79234],[74.20182,39.77569],[74.19015,39.77131],[74.17581,39.77096]]},"properties":{"@id":"way/25098417","highway":"trunk","name":"喀什 - 伊尔克什坦","ref":"G581"}},{"type":"Feature","geometry":{"type":"LineString","coordinates":[[73.4451,40.31133],[73.45946,40.30742],[73.458,40.30615]]},"properties":{"@id":"way/25108829","highway":"secondary","name":"Алымбек датка көчөсү","ref":"М-104"}},{"type":"Feature","geometry":{"type":"LineString","coordinates":[[73.24378,39.73391],[73.23976,39.73985],[73.22257,39.74406],[73.19882,39.74542],[73.19891,39.74315],[73.18423,39.74139],[73.17115,39.74085],[73.15592,39.74196],[73.15164,39.74569],[73.15054,39.74979],[73.15603,39.75158],[73.16074,39.75561],[73.15775,39.75502],[73.16049,39.75954],[73.1597,39.7567],[73.16804,39.76448],[73.17004,39.7688]]},"properties":{"@id":"way/25109558","highway":"trunk","name":"Памирский тракт","name:ru":"Памирский тракт","name:en":"Pamir Highway","ref":"ЭМ-05"}},{"type":"Feature","geometry":{"type":"LineString","coordinates":[[72.39764,40.63326],[72.41922,40.63473],[72.43764,40.63809],[72.47539,40.6395]]},"properties":{"@id":"way/25215011","highway":"secondary","ref":"D139"}},{"type":"Feature","geometry":{"type":"LineString","coordinates":[[72.56283,40.66616],[72.56703,40.65887],[72.57028,40.65634],[72.58467,40.65408],[72.5937,40.65082]]},"properties":{"@id":"way/25215014","highway":"trunk","ref":"A373"}},{"type":"Feature","geometry":{"type":"LineString","coordinates":[[72.52746,40.6372],[72.55062,40.65151],[72.55895,40.66424],[72.56268,40.66608]]},"properties":{"@id":"way/25215105","highway":"primary","ref":"D139"}},{"type":"Feature","geometry":{"type":"LineString","coordinates":[[72.34475,40.78337],[72.33976,40.78337]]},"properties":{"@id":"way/26979002","highway":"primary","name":"O'zbekiston ko'chasi","name:ru":"Узбекистан улица"}},{"type":"Feature","geometry":{"type":"LineString","coordinates":[[72.37877,40.75881],[72.37026,40.75885],[72.36811,40.76126]]},"properties":{"@id":"way/26979023","highway":"primary","name":"Dukchi Eshon ko'chasi","name:ru":"Дукчи Эшан улица","ref":"D017e"}},{"type":"Feature","geometry":{"type":"LineString","coordinates":[[72.87425,40.72743],[72.86816,40.72931],[72.84497,40.73],[72.80446,40.7272],[72.78998,40.72819]]},"properties":{"@id":"way/27011507","highway":"primary","ref":"D138"}},{"type":"Feature","geometry":{"type":"LineString","coordinates":[[72.50841,40.86113],[72.50683,40.86208]]},"properties":{"@id":"way/27011529","highway":"secondary","ref":"D137a;D145"}},{"type":"Feature","geometry":{"type":"LineString","coordinates":[[72.56033,40.67017],[72.55001,40.66912],[72.54238,40.6694],[72.53808,40.67094],[72.5323,40.67024],[72.52506,40.6739],[72.51369,40.67476]]},"properties":{"@id":"way/27011926","highway":"secondary"}},{"type":"Feature","geometry":{"type":"LineString","coordinates":[[72.56033,40.67017],[72.56283,40.66616]]},"properties":{"@id":"way/27011936","highway":"trunk","ref":"A373"}},{"type":"Feature","geometry":{"type":"LineString","coordinates":[[72.53514,40.50863],[72.54382,40.51266],[72.555,40.51535],[72.58521,40.51061],[72.6067,40.50992],[72.62907,40.51164],[72.65726,40.5101],[72.67196,40.51494],[72.73319,40.51658]]},"properties":{"@id":"way/27012086","highway":"primary","ref":"М-090"}},{"type":"Feature","geometry":{"type":"LineString","coordinates":[[72.99805,40.29612],[72.99959,40.29747],[72.9906,40.30416],[72.98592,40.31019],[72.98334,40.32159],[72.97924,40.32757]]},"properties":{"@id":"way/27012410","highway":"secondary","ref":"М-102"}},{"type":"Feature","geometry":{"type":"LineString","coordinates":[[72.30438,40.71823],[72.29407,40.70235],[72.28295,40.69465]]},"properties":{"@id":"way/27013572","highway":"trunk","name":"Farg‘ona halqa yo‘li","name:ru":"Ферганская кольцевая дорога","name:en":"Fergana Ring Road","ref":"D105"}},{"type":"Feature","geometry":{"type":"LineString","coordinates":[[72.51566,40.60219],[72.51276,40.59863],[72.49855,40.59161],[72.48807,40.58741],[72.48148,40.58766],[72.47374,40.58451]]},"properties":{"@id":"way/27079143","highway":"secondary","ref":"60V023"}},{"type":"Feature","geometry":{"type":"LineString","coordinates":[[72.32918,40.59869],[72.33261,40.59171],[72.34688,40.54649],[72.34598,40.53468]]},"properties":{"@id":"way/27079171","highway":"primary","ref":"D140"}},{"type":"Feature","geometry":{"type":"LineString","coordinates":[[72.97682,40.80164],[72.97729,40.80125]]},"properties":{"@id":"way/27079373","highway":"primary","name":"Islom Karimov koʻchasi","name:ru":"Ислама Каримова улица","name:en":"Islam Karimov street","ref":"M41"}},{"type":"Feature","geometry":{"type":"LineString","coordinates":[[72.82999,40.80244],[72.83026,40.79837],[72.82722,40.78694],[72.82691,40.77912],[72.84063,40.76069]]},"properties":{"@id":"way/27079680","highway":"secondary","ref":"60V004"}},{"type":"Feature","geometry":{"type":"LineString","coordinates":[[72.88517,40.72981],[72.89035,40.73104]]},"properties":{"@id":"way/27079683","highway":"primary","name":"Qorasuv ko'chasi","name:ru":"улица Карасу","ref":"D138"}},{"type":"Feature","geometry":{"type":"LineString","coordinates":[[72.68583,40.78866],[72.68407,40.79192],[72.68467,40.79328],[72.69239,40.7953],[72.70246,40.79481],[72.70628,40.79828],[72.71069,40.79863],[72.71087,40.80074],[72.72236,40.80837],[72.73813,40.81218],[72.73879,40.8153],[72.74149,40.81875]]},"properties":{"@id":"way/27079721","highway":"secondary","ref":"D143"}},{"type":"Feature","geometry":{"type":"LineString","coordinates":[[72.36363,40.76758],[72.3635,40.76752]]},"properties":{"@id":"way/27142575","highway":"primary"}},{"type":"Feature","geometry":{"type":"LineString","coordinates":[[72.32787,40.74379],[72.34883,40.74382]]},"properties":{"@id":"way/27142640","highway":"secondary","name":"Furqat ko'chasi","name:ru":"Фуркат улица"}},{"type":"Feature","geometry":{"type":"LineString","coordinates":[[72.38497,40.82627],[72.40337,40.83452],[72.43702,40.84176]]},"properties":{"@id":"way/27142693","highway":"trunk","name":"Andijon halqa yo‘li","name:ru":"Андижанская кольцевая дорога","name:en":"Andijan Ring Road","ref":"D132;D137"}},{"type":"Feature","geometry":{"type":"LineString","coordinates":[[72.71303,40.60134],[72.71332,40.60569]]},"properties":{"@id":"way/27142859","highway":"secondary","ref":"D137"}},{"type":"Feature","geometry":{"type":"LineString","coordinates":[[72.54764,40.69189],[72.56805,40.68887],[72.57284,40.68564],[72.58282,40.68336],[72.59352,40.68405],[72.60487,40.68853]]},"properties":{"@id":"way/27142862","highway":"secondary","ref":"60V002"}},{"type":"Feature","geometry":{"type":"LineString","coordinates":[[72.47313,40.5901],[72.45939,40.60591],[72.44982,40.62437],[72.45158,40.62877],[72.44927,40.63189],[72.44963,40.63823]]},"properties":{"@id":"way/27142905","highway":"secondary","ref":"60V023"}},{"type":"Feature","geometry":{"type":"LineString","coordinates":[[72.79765,40.52426],[72.79287,40.52224],[72.78868,40.52247]]},"properties":{"@id":"way/27142923","highway":"secondary","name":"Рысбай Абдыкадыров көчөсү","name:ru":"улица Рыспая Абдыкадырова"}},{"type":"Feature","geometry":{"type":"LineString","coordinates":[[72.77872,40.4998],[72.79055,40.4917],[72.79324,40.48167]]},"properties":{"@id":"way/27143060","highway":"secondary","name":"Сатиева улица"}},{"type":"Feature","geometry":{"type":"LineString","coordinates":[[72.34465,40.81049],[72.34236,40.81804],[72.34194,40.82545]]},"properties":{"@id":"way/27154526","highway":"primary","name":"Ул.Асад Исматов","name:ru":"Асад Исматов улица","name:en":"Asad Ismatov street","ref":"D132b"}},{"type":"Feature","geometry":{"type":"LineString","coordinates":[[72.35657,40.7683],[72.34999,40.77693],[72.34844,40.78236]]},"properties":{"@id":"way/27154544","highway":"secondary","name":"Abdurauf Fitrat ko'chasi","name:ru":"улица Абдурауфа Фитрата"}},{"type":"Feature","geometry":{"type":"LineString","coordinates":[[72.38497,40.82627],[72.38167,40.82914],[72.37756,40.83013]]},"properties":{"@id":"way/27278815","highway":"trunk","name":"Andijon halqa yo‘li","name:ru":"Андижанская кольцевая дорога","name:en":"Andijan Ring Road","ref":"D132"}},{"type":"Feature","geometry":{"type":"LineString","coordinates":[[73.00462,40.79426],[72.98365,40.80159],[72.97736,40.8016]]},"properties":{"@id":"way/27281469","highway":"secondary"}},{"type":"Feature","geometry":{"type":"LineString","coordinates":[[72.75638,40.69857],[72.75686,40.71873],[72.75999,40.71897]]},"properties":{"@id":"way/27281521","highway":"secondary","ref":"D137"}},{"type":"Feature","geometry":{"type":"LineString","coordinates":[[72.99244,40.93364],[72.99179,40.94084],[72.99319,40.945]]},"properties":{"@id":"way/27281884","highway":"secondary","name":"Кыргыз Республикасы көчөсү","name:ru":"Кургызской Республки улица"}},{"type":"Feature","geometry":{"type":"LineString","coordinates":[[72.71947,40.82702],[72.68918,40.82982]]},"properties":{"@id":"way/27282369","highway":"secondary","ref":"D137"}},{"type":"Feature","geometry":{"type":"LineString","coordinates":[[72.81076,40.99193],[72.79513,40.99219],[72.78863,40.9994],[72.78026,41.00354],[72.7787,41.00756],[72.77592,41.01036],[72.75843,41.02415],[72.74515,41.03016],[72.74267,41.03311]]},"properties":{"@id":"way/27303373","highway":"secondary","name":"Жалал-Абадская улица"}},{"type":"Feature","geometry":{"type":"LineString","coordinates":[[72.99031,40.96341],[72.99093,40.97454],[72.9897,40.9753]]},"properties":{"@id":"way/27305097","highway":"secondary","name":"Аттокурова Бегалы улица"}},{"type":"Feature","geometry":{"type":"LineString","coordinates":[[73.45361,40.76048],[73.44375,40.75667],[73.42103,40.75227]]},"properties":{"@id":"way/27382946","highway":"secondary","name":"Полотов Аттокур улица","ref":"М-097"}},{"type":"Feature","geometry":{"type":"LineString","coordinates":[[73.29913,40.77041],[73.29976,40.7696]]},"properties":{"@id":"way/27383101","highway":"secondary"}},{"type":"Feature","geometry":{"type":"LineString","coordinates":[[72.78769,40.52752],[72.79061,40.51145]]},"properties":{"@id":"way/27385803","highway":"secondary","name":"Амир-Тимура улица"}},{"type":"Feature","geometry":{"type":"LineString","coordinates":[[73.58291,40.62545],[73.59387,40.62224],[73.59067,40.61887],[73.59021,40.61563],[73.58315,40.61532],[73.58026,40.61173]]},"properties":{"@id":"way/27391875","highway":"secondary","ref":"ЭМ-19"}},{"type":"Feature","geometry":{"type":"LineString","coordinates":[[73.95534,40.55073],[73.94494,40.55318],[73.94313,40.5517],[73.92682,40.55116],[73.92537,40.55211],[73.92607,40.55466],[73.92479,40.55638],[73.92242,40.55219],[73.91041,40.55732],[73.90245,40.55637]]},"properties":{"@id":"way/27392017","highway":"secondary","ref":"ЭМ-19"}},{"type":"Feature","geometry":{"type":"LineString","coordinates":[[72.95813,40.70835],[72.96138,40.70828]]},"properties":{"@id":"way/27392303","highway":"secondary","ref":"М-091"}},{"type":"Feature","geometry":{"type":"LineString","coordinates":[[72.95813,40.70835],[72.92229,40.70525]]},"properties":{"@id":"way/27451067","highway":"secondary","ref":"М-091"}},{"type":"Feature","geometry":{"type":"LineString","coordinates":[[72.89586,40.72594],[72.89404,40.72119]]},"properties":{"@id":"way/27451075","highway":"primary","name":"Do‘stlik ko‘chasi","name:ru":"улица Дустлик","ref":"D138a"}},{"type":"Feature","geometry":{"type":"LineString","coordinates":[[72.8972,40.71004],[72.8929,40.71791]]},"properties":{"@id":"way/27451083","highway":"primary","name":"Юлдашева улица","name:en":"Yuldasheva Street"}},{"type":"Feature","geometry":{"type":"LineString","coordinates":[[72.79724,40.5247],[72.79856,40.52521]]},"properties":{"@id":"way/27451424","highway":"primary","name":"Рысбай Абдыкадыров көчөсү","name:ru":"улица Рыспая Абдыкадырова","name:en":"Abdykadyrov Street"}},{"type":"Feature","geometry":{"type":"LineString","coordinates":[[72.31299,40.85759],[72.31006,40.85681],[72.30909,40.85886],[72.29899,40.86252],[72.28722,40.85911],[72.26439,40.85542],[72.24948,40.84899],[72.22115,40.84251]]},"properties":{"@id":"way/27466327","highway":"secondary","ref":"D136"}},{"type":"Feature","geometry":{"type":"LineString","coordinates":[[72.31359,40.8598],[72.28898,40.8744]]},"properties":{"@id":"way/27466369","highway":"primary","ref":"D109"}},{"type":"Feature","geometry":{"type":"LineString","coordinates":[[72.31381,40.85786],[72.31381,40.85786]]},"properties":{"@id":"way/27466422","highway":"primary","ref":"D109"}},{"type":"Feature","geometry":{"type":"LineString","coordinates":[[72.31492,40.85924],[72.31649,40.89592]]},"properties":{"@id":"way/27466426","highway":"primary","ref":"D133"}},{"type":"Feature","geometry":{"type":"LineString","coordinates":[[72.31635,40.85641],[72.31506,40.85694]]},"properties":{"@id":"way/27466447","highway":"primary","ref":"D109"}},{"type":"Feature","geometry":{"type":"LineString","coordinates":[[72.31649,40.89592],[72.30696,40.89268],[72.27512,40.89559],[72.26154,40.89804],[72.25503,40.89586]]},"properties":{"@id":"way/27484959","highway":"secondary","ref":"D134"}},{"type":"Feature","geometry":{"type":"LineString","coordinates":[[72.80885,40.51368],[72.81134,40.51388]]},"properties":{"@id":"way/27583357","highway":"primary","name":"Генерала Нурматова улица","name:en":"General Nurmatov street"}},{"type":"Feature","geometry":{"type":"LineString","coordinates":[[72.81134,40.51388],[72.81215,40.51397]]},"properties":{"@id":"way/27583358","highway":"primary","name":"Генерала Нурматова улица","name:en":"General Nurmatov street"}},{"type":"Feature","geometry":{"type":"LineString","coordinates":[[72.81215,40.51397],[72.81333,40.51416]]},"properties":{"@id":"way/27583359","highway":"primary","name":"Генерала Нурматова улица","name:en":"General Nurmatov street"}},{"type":"Feature","geometry":{"type":"LineString","coordinates":[[72.79993,40.5258],[72.8035,40.52699]]},"properties":{"@id":"way/27583366","highway":"primary","name":"Рысбай Абдыкадыров көчөсү","name:ru":"улица Рыспая Абдыкадырова","name:en":"Abdykadyrov street"}},{"type":"Feature","geometry":{"type":"LineString","coordinates":[[72.84465,40.47244],[72.83519,40.48219],[72.8283,40.49211]]},"properties":{"@id":"way/27583421","highway":"secondary","name":"Насирдина Исанова улица","name:en":"Isanov street","ref":"М-094"}},{"type":"Feature","geometry":{"type":"LineString","coordinates":[[72.79174,40.5429],[72.79341,40.54306]]},"properties":{"@id":"way/27583442","highway":"secondary"}},{"type":"Feature","geometry":{"type":"LineString","coordinates":[[72.79697,40.52932],[72.79553,40.5291]]},"properties":{"@id":"way/27583463","highway":"primary","name":"Гапара Айтиева улица","name:en":"Aytiev Street"}},{"type":"Feature","geometry":{"type":"LineString","coordinates":[[72.75823,40.47897],[72.7648,40.47767]]},"properties":{"@id":"way/27583671","highway":"secondary","name":"Ишматова улица"}},{"type":"Feature","geometry":{"type":"LineString","coordinates":[[72.79518,40.53625],[72.79322,40.54151],[72.79099,40.5432]]},"properties":{"@id":"way/27583680","highway":"primary","name":"Алымбек Датка көчөсү","name:ky":"Алымбек Датка көчөсү","name:ru":"Алымбек Датка улица","name:en":"Alymbek Datka Street","ref":"ЭМ-15"}},{"type":"Feature","geometry":{"type":"LineString","coordinates":[[72.80758,40.47958],[72.80875,40.49364]]},"properties":{"@id":"way/27583696","highway":"secondary","name":"Толонова улица"}},{"type":"Feature","geometry":{"type":"LineString","coordinates":[[72.332,40.77719],[72.31563,40.77101]]},"properties":{"@id":"way/27635554","highway":"secondary","name":"Bobur shoh koʻchasi","name:ru":"проспект Бобура"}},{"type":"Feature","geometry":{"type":"LineString","coordinates":[[72.31462,40.74074],[72.33325,40.75492]]},"properties":{"@id":"way/27635565","highway":"secondary","name":"A. Yo'ldoshev ko'chasi","name:ru":"улица А. Юлдашева"}},{"type":"Feature","geometry":{"type":"LineString","coordinates":[[72.34627,40.76577],[72.33213,40.77723],[72.3335,40.80989]]},"properties":{"@id":"way/27635582","highway":"primary","name":"Bobur shoh ko'chasi","name:ru":"Бабур проспект"}},{"type":"Feature","geometry":{"type":"LineString","coordinates":[[72.36003,40.79775],[72.38096,40.79491]]},"properties":{"@id":"way/27635649","highway":"secondary","name":"Soy ko'chasi","name:ru":"Сайская улица","name:en":"Say Street"}},{"type":"Feature","geometry":{"type":"LineString","coordinates":[[72.36882,40.76024],[72.36722,40.75538]]},"properties":{"@id":"way/27635853","highway":"secondary","name":"B.Naqshbandiy ko'chasi"}},{"type":"Feature","geometry":{"type":"LineString","coordinates":[[72.36722,40.75538],[72.36581,40.75327]]},"properties":{"@id":"way/27635933","highway":"secondary"}},{"type":"Feature","geometry":{"type":"LineString","coordinates":[[72.33228,40.79384],[72.32073,40.79381]]},"properties":{"@id":"way/27636575","highway":"secondary"}},{"type":"Feature","geometry":{"type":"LineString","coordinates":[[72.80056,40.62304],[72.80721,40.61897],[72.82166,40.62347],[72.8308,40.62085]]},"properties":{"@id":"way/27712498","highway":"secondary","name":"Аэрапорт көчөсү","name:ru":"Аэропортинская улица","ref":"М-093"}},{"type":"Feature","geometry":{"type":"LineString","coordinates":[[72.93223,40.55141],[72.92036,40.54563]]},"properties":{"@id":"way/27731386","highway":"secondary","name":"Чагыр улица"}},{"type":"Feature","geometry":{"type":"LineString","coordinates":[[72.82398,40.60045],[72.82376,40.60452],[72.82823,40.61556]]},"properties":{"@id":"way/27731396","highway":"secondary","name":"Карасуйская улица","name:ru":"Карасуйская улица"}},{"type":"Feature","geometry":{"type":"LineString","coordinates":[[73.00796,40.93053],[73.0109,40.94532]]},"properties":{"@id":"way/27731664","highway":"trunk","name":"Пушкин көчөсү","name:ru":"улица Пушкина","name:en":"Pushkina street"}},{"type":"Feature","geometry":{"type":"LineString","coordinates":[[72.94858,40.83322],[72.93697,40.83674],[72.9312,40.84079]]},"properties":{"@id":"way/27731736","highway":"secondary"}},{"type":"Feature","geometry":{"type":"LineString","coordinates":[[72.83512,40.82168],[72.8361,40.82373],[72.83955,40.82583],[72.843,40.83167],[72.84493,40.83821],[72.84913,40.84434]]},"properties":{"@id":"way/27732081","highway":"secondary","ref":"D143"}},{"type":"Feature","geometry":{"type":"LineString","coordinates":[[72.86477,40.83588],[72.84988,40.84446]]},"properties":{"@id":"way/27732088","highway":"secondary","ref":"D143"}},{"type":"Feature","geometry":{"type":"LineString","coordinates":[[73.00127,40.78349],[72.99986,40.77942]]},"properties":{"@id":"way/27732289","highway":"primary","ref":"M41"}},{"type":"Feature","geometry":{"type":"LineString","coordinates":[[73.00202,40.78568],[73.00154,40.78426]]},"properties":{"@id":"way/27732290","highway":"primary","ref":"M41"}},{"type":"Feature","geometry":{"type":"LineString","coordinates":[[72.79009,40.25073],[72.83191,40.25402],[72.84793,40.25408],[72.86852,40.25802],[72.88783,40.25999],[72.9133,40.2589],[72.91447,40.26104],[72.93739,40.2686],[72.96568,40.28108],[72.97811,40.28889],[72.98174,40.28806],[72.98388,40.29101],[72.98141,40.29154],[72.99198,40.29476]]},"properties":{"@id":"way/27732312","highway":"secondary","ref":"М-105"}},{"type":"Feature","geometry":{"type":"LineString","coordinates":[[72.50062,40.62622],[72.49912,40.63492],[72.49964,40.63941]]},"properties":{"@id":"way/27734750","highway":"primary","name":"Mirza Ismoiliy ko'chasi","name:ru":"улица М. Исмоилий","ref":"D146"}},{"type":"Feature","geometry":{"type":"LineString","coordinates":[[72.75559,41.0573],[72.74144,41.04397],[72.73763,41.03796]]},"properties":{"@id":"way/27735178","highway":"secondary"}},{"type":"Feature","geometry":{"type":"LineString","coordinates":[[72.36131,40.9163],[72.36678,40.91547],[72.37158,40.91661],[72.43267,40.93938],[72.4392,40.9404],[72.44554,40.93924]]},"properties":{"@id":"way/27735293","highway":"secondary","ref":"D134"}},{"type":"Feature","geometry":{"type":"LineString","coordinates":[[72.352,40.82444],[72.35501,40.81758],[72.35048,40.80857]]},"properties":{"@id":"way/27752708","highway":"secondary","name":"Nayman ko'chasi","name:ru":"Найман улица"}},{"type":"Feature","geometry":{"type":"LineString","coordinates":[[72.35189,40.82825],[72.34952,40.82773]]},"properties":{"@id":"way/27752709","highway":"trunk","name":"Andijon halqa yo‘li","name:ru":"Андижанская кольцевая дорога","name:en":"Andijan Ring Road","ref":"D132"}},{"type":"Feature","geometry":{"type":"LineString","coordinates":[[72.3526,40.82866],[72.3526,40.82866]]},"properties":{"@id":"way/27752720","highway":"trunk","name":"Andijon halqa yo‘li","name:ru":"Андижанская кольцевая дорога","name:en":"Andijan Ring Road","ref":"D132"}},{"type":"Feature","geometry":{"type":"LineString","coordinates":[[72.34384,40.80982],[72.3335,40.80989]]},"properties":{"@id":"way/27752743","highway":"primary","name":"Yusuf Otabekov ko'chasi","name:ru":"улица Атабекова","ref":"D109"}},{"type":"Feature","geometry":{"type":"LineString","coordinates":[[72.34438,40.80987],[72.34438,40.80987]]},"properties":{"@id":"way/27752751","highway":"primary","ref":"D109"}},{"type":"Feature","geometry":{"type":"LineString","coordinates":[[72.34607,40.80978],[72.34646,40.80978]]},"properties":{"@id":"way/27752753","highway":"secondary"}},{"type":"Feature","geometry":{"type":"LineString","coordinates":[[72.34646,40.80978],[72.35103,40.80976]]},"properties":{"@id":"way/27752754","highway":"secondary"}},{"type":"Feature","geometry":{"type":"LineString","coordinates":[[72.3475,40.79937],[72.34735,40.7992]]},"properties":{"@id":"way/27752802","highway":"secondary","ref":"D137"}},{"type":"Feature","geometry":{"type":"LineString","coordinates":[[72.34157,40.82687],[72.33061,40.8261]]},"properties":{"@id":"way/27752808","highway":"trunk","name":"Andijon halqa yo‘li","name:ru":"Андижанская кольцевая дорога","name:en":"Andijan Ring Road","ref":"D132"}},{"type":"Feature","geometry":{"type":"LineString","coordinates":[[72.34952,40.82773],[72.34901,40.82762]]},"properties":{"@id":"way/27752809","highway":"trunk","name":"Andijon halqa yo‘li","name:ru":"Андижанская кольцевая дорога","name:en":"Andijan Ring Road","ref":"D132"}},{"type":"Feature","geometry":{"type":"LineString","coordinates":[[72.43274,40.88214],[72.35952,40.85813],[72.35292,40.82904]]},"properties":{"@id":"way/27752824","highway":"secondary","ref":"D145"}},{"type":"Feature","geometry":{"type":"LineString","coordinates":[[72.50498,40.87934],[72.49762,40.88037],[72.48922,40.88396],[72.4728,40.88747],[72.47216,40.8894],[72.47056,40.88972]]},"properties":{"@id":"way/27752833","highway":"secondary","ref":"D145"}},{"type":"Feature","geometry":{"type":"LineString","coordinates":[[72.5091,40.89136],[72.50917,40.89293]]},"properties":{"@id":"way/27752844","highway":"secondary","ref":"D137a"}},{"type":"Feature","geometry":{"type":"LineString","coordinates":[[72.50922,40.8938],[72.5094,40.89619],[72.5027,40.9139],[72.49427,40.92996]]},"properties":{"@id":"way/27752845","highway":"secondary","ref":"D137a"}},{"type":"Feature","geometry":{"type":"LineString","coordinates":[[72.34623,40.79825],[72.35029,40.78736],[72.35053,40.78362]]},"properties":{"@id":"way/27753055","highway":"primary","name":"Cho'lpon shoh ko'chasi","name:ru":"проспект Чулпон","ref":"D109"}},{"type":"Feature","geometry":{"type":"LineString","coordinates":[[72.35064,40.78364],[72.35064,40.78364]]},"properties":{"@id":"way/27753092","highway":"primary","ref":"D109"}},{"type":"Feature","geometry":{"type":"LineString","coordinates":[[72.34623,40.74382],[72.34619,40.75142]]},"properties":{"@id":"way/27753141","highway":"secondary","name":"Lermontov ko’chasi","name:ru":"улица Лермонтова"}},{"type":"Feature","geometry":{"type":"LineString","coordinates":[[72.37586,40.63118],[72.37271,40.63436]]},"properties":{"@id":"way/27753149","highway":"secondary"}},{"type":"Feature","geometry":{"type":"LineString","coordinates":[[72.352,40.82444],[72.35968,40.82254],[72.36383,40.81944]]},"properties":{"@id":"way/27753388","highway":"secondary"}},{"type":"Feature","geometry":{"type":"LineString","coordinates":[[72.50683,40.86208],[72.50528,40.86005]]},"properties":{"@id":"way/27753413","highway":"secondary","ref":"D137a;D145"}},{"type":"Feature","geometry":{"type":"LineString","coordinates":[[72.44827,40.80936],[72.44791,40.81534],[72.43895,40.82287],[72.43699,40.83177],[72.43719,40.8404]]},"properties":{"@id":"way/27753649","highway":"trunk","name":"Andijon halqa yo‘li","name:ru":"Андижанская кольцевая дорога","name:en":"Andijan Ring Road","ref":"D132"}},{"type":"Feature","geometry":{"type":"LineString","coordinates":[[72.32793,40.8259],[72.32675,40.82582]]},"properties":{"@id":"way/27753706","highway":"trunk","name":"Andijon halqa yo‘li","name:ru":"Андижанская кольцевая дорога","name:en":"Andijan Ring Road","ref":"D132"}},{"type":"Feature","geometry":{"type":"LineString","coordinates":[[72.32406,40.84321],[72.32072,40.85374],[72.31635,40.85641]]},"properties":{"@id":"way/27753718","highway":"primary","name":"Oltin vodiy ko'chasi","ref":"D109"}},{"type":"Feature","geometry":{"type":"LineString","coordinates":[[72.32405,40.84283],[72.32406,40.84321]]},"properties":{"@id":"way/27753719","highway":"primary","ref":"D109"}},{"type":"Feature","geometry":{"type":"LineString","coordinates":[[72.31635,40.85641],[72.32092,40.85315],[72.3239,40.84322]]},"properties":{"@id":"way/27753723","highway":"primary","name":"Oltin vodiy ko'chasi","ref":"D109"}},{"type":"Feature","geometry":{"type":"LineString","coordinates":[[72.3239,40.84322],[72.32389,40.84283]]},"properties":{"@id":"way/27753725","highway":"primary","ref":"D109"}},{"type":"Feature","geometry":{"type":"LineString","coordinates":[[72.32786,40.82356],[72.32979,40.81639],[72.33333,40.80989]]},"properties":{"@id":"way/27753744","highway":"primary","name":"Mustaqillik ko'chasi","name:ru":"Мустакиллик улица","ref":"D109"}},{"type":"Feature","geometry":{"type":"LineString","coordinates":[[72.3893,40.78929],[72.38962,40.78958]]},"properties":{"@id":"way/27754451","highway":"secondary","name":"Milliy Tiklanish ko'chasi","name:ru":"Миллий Тикланиш улица"}},{"type":"Feature","geometry":{"type":"LineString","coordinates":[[72.37929,40.7925],[72.3739,40.78789],[72.37074,40.77982],[72.35945,40.77258]]},"properties":{"@id":"way/27754506","highway":"secondary","name":"Universitet kо‘chasi","name:ru":"Университетская улица"}},{"type":"Feature","geometry":{"type":"LineString","coordinates":[[72.61104,40.76273],[72.61687,40.76546]]},"properties":{"@id":"way/27757791","highway":"secondary","ref":"D143;D144"}},{"type":"Feature","geometry":{"type":"LineString","coordinates":[[72.43311,40.97786],[72.43275,40.98052],[72.43526,40.98457],[72.43517,40.98971],[72.43033,40.99243]]},"properties":{"@id":"way/27757942","highway":"secondary","ref":"D135"}},{"type":"Feature","geometry":{"type":"LineString","coordinates":[[72.80266,40.55005],[72.80336,40.55029]]},"properties":{"@id":"way/27758349","highway":"secondary","name":"Артыкова улица","name:en":"Artykov street"}},{"type":"Feature","geometry":{"type":"LineString","coordinates":[[72.66161,40.6965],[72.64251,40.71835]]},"properties":{"@id":"way/28552038","highway":"secondary","name:ru":"Неъмат улица","ref":"D144"}},{"type":"Feature","geometry":{"type":"LineString","coordinates":[[72.66198,40.69586],[72.66161,40.6965]]},"properties":{"@id":"way/28552039","highway":"secondary","ref":"D144"}},{"type":"Feature","geometry":{"type":"LineString","coordinates":[[72.6998,40.65697],[72.69911,40.65777]]},"properties":{"@id":"way/28552040","highway":"secondary","ref":"D144"}},{"type":"Feature","geometry":{"type":"LineString","coordinates":[[72.69911,40.65777],[72.66198,40.69586]]},"properties":{"@id":"way/28552041","highway":"secondary","ref":"D144"}},{"type":"Feature","geometry":{"type":"LineString","coordinates":[[72.71354,40.60915],[72.71736,40.60779],[72.7282,40.61133]]},"properties":{"@id":"way/28552042","highway":"secondary","ref":"D137"}},{"type":"Feature","geometry":{"type":"LineString","coordinates":[[72.72909,40.61189],[72.72907,40.61563],[72.73291,40.62396],[72.73618,40.64496],[72.74073,40.65559],[72.75786,40.67558]]},"properties":{"@id":"way/28552043","highway":"secondary","ref":"D137"}},{"type":"Feature","geometry":{"type":"LineString","coordinates":[[72.80783,40.53426],[72.80797,40.52665],[72.8145,40.51623],[72.81745,40.51447]]},"properties":{"@id":"way/28552081","highway":"secondary","name":"Шакирова А. улица"}},{"type":"Feature","geometry":{"type":"LineString","coordinates":[[73.41793,40.83925],[73.43429,40.85151],[73.43667,40.85542]]},"properties":{"@id":"way/28552107","highway":"secondary","name":"Жолдошалиева улица"}},{"type":"Feature","geometry":{"type":"LineString","coordinates":[[73.0066,40.92727],[73.00343,40.93502]]},"properties":{"@id":"way/28552143","highway":"secondary","name":"Эркиндик көчөсү"}},{"type":"Feature","geometry":{"type":"LineString","coordinates":[[72.9897,40.9753],[72.98885,40.97555]]},"properties":{"@id":"way/28552280","highway":"secondary"}},{"type":"Feature","geometry":{"type":"LineString","coordinates":[[73.00796,40.93053],[73.00122,40.92971]]},"properties":{"@id":"way/28552285","highway":"trunk","name":"Жусупбек Бакиев көчөсү","name:ru":"Бакиева Жусупбека улица"}},{"type":"Feature","geometry":{"type":"LineString","coordinates":[[72.92785,40.91598],[72.92897,40.91572]]},"properties":{"@id":"way/28552288","highway":"trunk","name:ru":"Бишкек-Ош","name:en":"Bishkek-Osh","ref":"ЭМ-04;М-120"}},{"type":"Feature","geometry":{"type":"LineString","coordinates":[[72.91632,40.91969],[72.92785,40.91598]]},"properties":{"@id":"way/28552289","highway":"trunk","name:ru":"Бишкек-Ош","name:en":"Bishkek-Osh","ref":"ЭМ-04;М-120"}},{"type":"Feature","geometry":{"type":"LineString","coordinates":[[72.34318,41.04841],[72.34181,41.04839]]},"properties":{"@id":"way/28554161","highway":"primary","ref":"D133"}},{"type":"Feature","geometry":{"type":"LineString","coordinates":[[72.8134,40.98588],[72.81699,40.97604],[72.81509,40.96679],[72.82074,40.96019],[72.84233,40.95262],[72.85799,40.93864],[72.86212,40.93182],[72.87375,40.92563],[72.87934,40.9243],[72.89564,40.92436]]},"properties":{"@id":"way/38115561","highway":"trunk","name:ru":"Бишкек-Ош","name:en":"Bishkek-Osh","ref":"ЭМ-04"}},{"type":"Feature","geometry":{"type":"LineString","coordinates":[[72.55136,40.68489],[72.55479,40.67676],[72.56033,40.67017]]},"properties":{"@id":"way/38129562","highway":"trunk"}},{"type":"Feature","geometry":{"type":"LineString","coordinates":[[72.80451,40.53431],[72.80388,40.53768]]},"properties":{"@id":"way/38129732","highway":"primary","name":"Масалиева проспект","name:en":"Masaliev avenue","ref":"М-091"}},{"type":"Feature","geometry":{"type":"LineString","coordinates":[[72.40991,40.741],[72.39819,40.7508],[72.38064,40.75866]]},"properties":{"@id":"way/38147026","highway":"primary","ref":"D017e"}},{"type":"Feature","geometry":{"type":"LineString","coordinates":[[72.43955,40.72477],[72.44535,40.72935],[72.44819,40.73845],[72.44814,40.74228],[72.44569,40.7454],[72.43441,40.75044],[72.43237,40.75448]]},"properties":{"@id":"way/38147027","highway":"trunk","name":"Andijon halqa yo‘li","name:ru":"Андижанская кольцевая дорога","name:en":"Andijan Ring Road","ref":"D132"}},{"type":"Feature","geometry":{"type":"LineString","coordinates":[[72.8034,40.52711],[72.79988,40.52591]]},"properties":{"@id":"way/61918075","highway":"primary","name":"Рысбай Абдыкадыров көчөсү","name:ru":"улица Рыспая Абдыкадырова","name:en":"Abdykadyrov street"}},{"type":"Feature","geometry":{"type":"LineString","coordinates":[[72.79988,40.52591],[72.79724,40.5247]]},"properties":{"@id":"way/61918076","highway":"primary","name":"Рысбай Абдыкадыров көчөсү","name:ru":"улица Рыспая Абдыкадырова","name:en":"Abdykadyrov Street"}},{"type":"Feature","geometry":{"type":"LineString","coordinates":[[72.80662,40.52779],[72.8034,40.52711]]},"properties":{"@id":"way/61918077","highway":"primary","name":"Рысбай Абдыкадыров көчөсү","name:ru":"улица Рыспая Абдыкадырова","name:en":"Abdykadyrov Street"}},{"type":"Feature","geometry":{"type":"LineString","coordinates":[[72.8035,40.52699],[72.80662,40.52779]]},"properties":{"@id":"way/61918078","highway":"primary","name":"Рысбай Абдыкадыров көчөсү","name:ru":"улица Рыспая Абдыкадырова","name:en":"Abdykadyrov Street"}},{"type":"Feature","geometry":{"type":"LineString","coordinates":[[72.98317,40.94376],[72.98061,40.92784]]},"properties":{"@id":"way/61940493","highway":"primary","name":"Курманбек көчөсү","name:ru":"Курманбека улица"}},{"type":"Feature","geometry":{"type":"LineString","coordinates":[[72.96956,40.94704],[72.96047,40.93312]]},"properties":{"@id":"way/61940513","highway":"secondary","name":"Манаса проспект"}},{"type":"Feature","geometry":{"type":"LineString","coordinates":[[72.96438,40.93907],[72.96758,40.93786]]},"properties":{"@id":"way/61940515","highway":"secondary","name":"Абдукаимов көчөсү"}},{"type":"Feature","geometry":{"type":"LineString","coordinates":[[72.97682,40.80164],[72.97096,40.80893]]},"properties":{"@id":"way/61940791","highway":"primary","ref":"M41"}},{"type":"Feature","geometry":{"type":"LineString","coordinates":[[72.89564,40.92436],[72.90571,40.90384],[72.91189,40.89963]]},"properties":{"@id":"way/61941598","highway":"secondary","name":"Юнусов Алымжан көчөсү"}},{"type":"Feature","geometry":{"type":"LineString","coordinates":[[72.78973,40.59546],[72.79237,40.59672],[72.79606,40.59643],[72.81835,40.58887]]},"properties":{"@id":"way/63299709","highway":"secondary","name":"Сулейманова улица"}},{"type":"Feature","geometry":{"type":"LineString","coordinates":[[72.80087,40.51587],[72.80204,40.5138]]},"properties":{"@id":"way/63311771","highway":"secondary","name":"Э. Алиев көчөсү","name:ky":"Э. Алиев көчөсү","name:ru":"Алиева Э. улица","name:en":"Aliev Street"}},{"type":"Feature","geometry":{"type":"LineString","coordinates":[[72.80711,40.51233],[72.80356,40.51223]]},"properties":{"@id":"way/63332591","highway":"secondary","name":"Джиннах М.А. улица","name:en":"Dzinnakh street"}},{"type":"Feature","geometry":{"type":"LineString","coordinates":[[72.52746,40.6372],[72.51959,40.63082]]},"properties":{"@id":"way/63475059","highway":"primary"}},{"type":"Feature","geometry":{"type":"LineString","coordinates":[[72.96387,40.93216],[72.97013,40.94216]]},"properties":{"@id":"way/63699984","highway":"secondary","name":"Жеңи жок көчөсү","name:ru":"улица Жени жок"}},{"type":"Feature","geometry":{"type":"LineString","coordinates":[[72.98842,41.03714],[72.98483,41.00712],[72.98841,41.00227],[72.97768,40.98365]]},"properties":{"@id":"way/63699985","highway":"secondary","ref":"М-116"}},{"type":"Feature","geometry":{"type":"LineString","coordinates":[[72.99244,40.93364],[72.98121,40.93218]]},"properties":{"@id":"way/63699986","highway":"secondary","name":"Байзаков Түмөнбай көчөсү","name:ru":"Байзакова Т. улица"}},{"type":"Feature","geometry":{"type":"LineString","coordinates":[[72.97102,40.94654],[72.96795,40.94189]]},"properties":{"@id":"way/63699987","highway":"secondary","name":"Жамашева көчөсү"}},{"type":"Feature","geometry":{"type":"LineString","coordinates":[[72.92129,40.90259],[72.92856,40.90436],[72.93497,40.90971],[72.93803,40.91055]]},"properties":{"@id":"way/63730679","highway":"secondary","name":"Тиллабай ажы көчөсү","ref":"М-117"}},{"type":"Feature","geometry":{"type":"LineString","coordinates":[[72.86524,40.5405],[72.86975,40.55435],[72.87007,40.55999]]},"properties":{"@id":"way/63743114","highway":"secondary","name":"Ул. Карим Шоруков"}},{"type":"Feature","geometry":{"type":"LineString","coordinates":[[72.5023,40.51191],[72.49442,40.52349],[72.4938,40.52727],[72.48273,40.5391],[72.47226,40.55297],[72.44845,40.56762],[72.43816,40.57115]]},"properties":{"@id":"way/64123868","highway":"secondary","ref":"М-095"}},{"type":"Feature","geometry":{"type":"LineString","coordinates":[[73.04625,40.77176],[73.04417,40.76762]]},"properties":{"@id":"way/64566366","highway":"secondary"}},{"type":"Feature","geometry":{"type":"LineString","coordinates":[[72.79483,40.529],[72.79217,40.52846]]},"properties":{"@id":"way/64605446","highway":"primary","name":"Гапар Айтиев көчөсү","name:ky":"Гапар Айтиев көчөсү","name:ru":"Гапара Айтиева улица","name:en":"Aytiev Street"}},{"type":"Feature","geometry":{"type":"LineString","coordinates":[[72.98927,40.94453],[72.99005,40.95867]]},"properties":{"@id":"way/66861666","highway":"primary","name":"Шерматов көчөсү","name:ru":"Шерматова Жалалидина улица"}},{"type":"Feature","geometry":{"type":"LineString","coordinates":[[72.97334,40.93299],[72.97334,40.93299]]},"properties":{"@id":"way/66861685","highway":"secondary"}},{"type":"Feature","geometry":{"type":"LineString","coordinates":[[73.00767,40.93578],[72.99689,40.93336]]},"properties":{"@id":"way/66861692","highway":"secondary","name":"Михаил Бабкин көчөсү","name:ru":"Бабкина Михаила улица"}},{"type":"Feature","geometry":{"type":"LineString","coordinates":[[73.0097,40.92722],[73.01106,40.93082]]},"properties":{"@id":"way/66861706","highway":"primary","name":"Барпы Сейил улица"}},{"type":"Feature","geometry":{"type":"LineString","coordinates":[[73.00106,40.92969],[73.00127,40.92738]]},"properties":{"@id":"way/66861711","highway":"trunk"}},{"type":"Feature","geometry":{"type":"LineString","coordinates":[[72.80725,40.51544],[72.8033,40.51971]]},"properties":{"@id":"way/69882561","highway":"primary","name":"Алымбек Датка көчөсү","name:ky":"Алымбек Датка көчөсү","name:ru":"Алымбек Датка улица","name:en":"Alymbek Datka Street"}},{"type":"Feature","geometry":{"type":"LineString","coordinates":[[73.07685,40.86569],[73.08868,40.86551]]},"properties":{"@id":"way/69891598","highway":"secondary","name":"Тургунбаева Чырмаш улица","ref":"М-098"}},{"type":"Feature","geometry":{"type":"LineString","coordinates":[[73.03585,40.62011],[73.03627,40.61578]]},"properties":{"@id":"way/70006887","highway":"secondary","name":"Абдыкадыров Б. улица"}},{"type":"Feature","geometry":{"type":"LineString","coordinates":[[73.02937,40.51843],[73.04106,40.52898],[73.04043,40.53643],[73.04252,40.54025],[73.04478,40.54174]]},"properties":{"@id":"way/70006888","highway":"secondary"}},{"type":"Feature","geometry":{"type":"LineString","coordinates":[[72.79645,40.53127],[72.7944,40.53094]]},"properties":{"@id":"way/70850503","highway":"secondary","name":"улица Сулайманова","name:en":"Sulaymanov Street"}},{"type":"Feature","geometry":{"type":"LineString","coordinates":[[72.81363,40.51432],[72.81363,40.51432]]},"properties":{"@id":"way/70851890","highway":"primary","name":"Кольцо"}},{"type":"Feature","geometry":{"type":"LineString","coordinates":[[72.80826,40.52297],[72.81363,40.51436]]},"properties":{"@id":"way/70851893","highway":"primary","name":"Абсамат Масалиева проспект","name:en":"Masaliev avenue"}},{"type":"Feature","geometry":{"type":"LineString","coordinates":[[72.80826,40.52297],[72.80451,40.53431]]},"properties":{"@id":"way/70851895","highway":"primary","name":"Абсамат Масалиева проспект","name:en":"Masaliev avenue"}},{"type":"Feature","geometry":{"type":"LineString","coordinates":[[72.81382,40.51452],[72.80826,40.52297]]},"properties":{"@id":"way/70851900","highway":"primary","name":"Абсамат Масалиева проспект","name:en":"Masaliev avenue"}},{"type":"Feature","geometry":{"type":"LineString","coordinates":[[72.7987,40.53439],[72.80451,40.53431]]},"properties":{"@id":"way/70883451","highway":"secondary","name":"Монуева улица","name:en":"Monueva street"}},{"type":"Feature","geometry":{"type":"LineString","coordinates":[[72.84789,40.5499],[72.84943,40.55637]]},"properties":{"@id":"way/70890523","highway":"trunk","ref":"ЭМ-04"}},{"type":"Feature","geometry":{"type":"LineString","coordinates":[[72.84419,40.53742],[72.84367,40.53692]]},"properties":{"@id":"way/70890531","highway":"primary","ref":"http://cbd.minjust.gov.kg/act/view/ru-ru/100245?cl=ru-ru"}},{"type":"Feature","geometry":{"type":"LineString","coordinates":[[72.84443,40.53797],[72.84789,40.5499]]},"properties":{"@id":"way/70890534","highway":"trunk","name":"Фуркат улица","ref":"ЭМ-04"}},{"type":"Feature","geometry":{"type":"LineString","coordinates":[[72.80758,40.50603],[72.80912,40.50332]]},"properties":{"@id":"way/70904783","highway":"secondary","name":"Алиева улица","name:en":"Aliev street"}},{"type":"Feature","geometry":{"type":"LineString","coordinates":[[72.80978,40.53473],[72.80966,40.5347]]},"properties":{"@id":"way/70904784","highway":"primary","name":"Монуева улица","name:en":"Monueva street"}},{"type":"Feature","geometry":{"type":"LineString","coordinates":[[72.77508,40.56519],[72.77559,40.5654]]},"properties":{"@id":"way/70935428","highway":"trunk","name":"Касымбекова улица","name:en":"Kasymbekov street"}},{"type":"Feature","geometry":{"type":"LineString","coordinates":[[72.79224,40.54436],[72.79797,40.54648]]},"properties":{"@id":"way/70935435","highway":"secondary","name":"Женишбек Бабараимов"}},{"type":"Feature","geometry":{"type":"LineString","coordinates":[[72.77559,40.5654],[72.78415,40.56775]]},"properties":{"@id":"way/70935447","highway":"trunk","name":"Касымбекова улица","name:en":"Kasymbekov street","ref":"M-002"}},{"type":"Feature","geometry":{"type":"LineString","coordinates":[[72.79206,40.54412],[72.79224,40.54436]]},"properties":{"@id":"way/70935450","highway":"secondary"}},{"type":"Feature","geometry":{"type":"LineString","coordinates":[[72.74221,41.03331],[72.74221,41.03331]]},"properties":{"@id":"way/70946118","highway":"secondary"}},{"type":"Feature","geometry":{"type":"LineString","coordinates":[[72.75953,41.05372],[72.74739,41.03948],[72.73999,41.03414]]},"properties":{"@id":"way/70948673","highway":"secondary","name":"Юбилейная улица"}},{"type":"Feature","geometry":{"type":"LineString","coordinates":[[72.77769,40.50011],[72.77769,40.50011]]},"properties":{"@id":"way/70949606","highway":"trunk","ref":"ЭМ-16"}},{"type":"Feature","geometry":{"type":"LineString","coordinates":[[72.77827,40.50022],[72.77862,40.50066]]},"properties":{"@id":"way/70949625","highway":"primary"}},{"type":"Feature","geometry":{"type":"LineString","coordinates":[[72.77793,40.50039],[72.77715,40.50079]]},"properties":{"@id":"way/70949629","highway":"trunk","ref":"M-002"}},{"type":"Feature","geometry":{"type":"LineString","coordinates":[[72.76948,40.56247],[72.76948,40.56247]]},"properties":{"@id":"way/70955741","highway":"trunk","ref":"ЭМ-15"}},{"type":"Feature","geometry":{"type":"LineString","coordinates":[[72.80266,40.55005],[72.80191,40.55136]]},"properties":{"@id":"way/70978532","highway":"secondary"}},{"type":"Feature","geometry":{"type":"LineString","coordinates":[[72.73999,41.03414],[72.73763,41.03796]]},"properties":{"@id":"way/70984460","highway":"secondary"}},{"type":"Feature","geometry":{"type":"LineString","coordinates":[[72.73999,41.03414],[72.74087,41.0327]]},"properties":{"@id":"way/70984475","highway":"secondary"}},{"type":"Feature","geometry":{"type":"LineString","coordinates":[[72.73763,41.03796],[72.73999,41.03414]]},"properties":{"@id":"way/70984479","highway":"secondary"}},{"type":"Feature","geometry":{"type":"LineString","coordinates":[[72.82138,40.50484],[72.82139,40.50498]]},"properties":{"@id":"way/71032592","highway":"secondary","ref":"М-094"}},{"type":"Feature","geometry":{"type":"LineString","coordinates":[[72.80642,40.53429],[72.80633,40.53429]]},"properties":{"@id":"way/71032606","highway":"primary","name":"Монуева улица","name:en":"Monueva street"}},{"type":"Feature","geometry":{"type":"LineString","coordinates":[[72.80954,40.52035],[72.80947,40.52032]]},"properties":{"@id":"way/71032608","highway":"primary"}},{"type":"Feature","geometry":{"type":"LineString","coordinates":[[72.80968,40.5204],[72.80964,40.52039]]},"properties":{"@id":"way/71032614","highway":"primary"}},{"type":"Feature","geometry":{"type":"LineString","coordinates":[[72.82139,40.50498],[72.82239,40.50724],[72.81745,40.51447]]},"properties":{"@id":"way/71032627","highway":"secondary","name":"Аскар Шакиров","ref":"М-094"}},{"type":"Feature","geometry":{"type":"LineString","coordinates":[[72.80964,40.52039],[72.80954,40.52035]]},"properties":{"@id":"way/71032632","highway":"primary"}},{"type":"Feature","geometry":{"type":"LineString","coordinates":[[72.80633,40.53429],[72.80451,40.53431]]},"properties":{"@id":"way/71032639","highway":"primary","name":"Монуева улица","name:en":"Monueva street"}},{"type":"Feature","geometry":{"type":"LineString","coordinates":[[72.8035,40.55034],[72.80504,40.55062]]},"properties":{"@id":"way/71043740","highway":"secondary","name":"Артыкова улица","name:en":"Artykov street"}},{"type":"Feature","geometry":{"type":"LineString","coordinates":[[72.80415,40.56277],[72.80456,40.56341]]},"properties":{"@id":"way/71043754","highway":"primary","name:en":"Razzakov street","ref":"М-091"}},{"type":"Feature","geometry":{"type":"LineString","coordinates":[[72.78543,40.56776],[72.80655,40.56644]]},"properties":{"@id":"way/71043762","highway":"trunk","name":"Касымбекова улица","name:en":"Kasymbekov street","ref":"M-002"}},{"type":"Feature","geometry":{"type":"LineString","coordinates":[[72.80336,40.55029],[72.8035,40.55034]]},"properties":{"@id":"way/71043766","highway":"secondary","name:en":"Artykov street"}},{"type":"Feature","geometry":{"type":"LineString","coordinates":[[72.80655,40.56644],[72.80995,40.5711],[72.81699,40.58603]]},"properties":{"@id":"way/71043789","highway":"trunk","name":"Раззакова улица","name:en":"Razzakov street","ref":"М-091"}},{"type":"Feature","geometry":{"type":"LineString","coordinates":[[72.77715,40.50079],[72.77769,40.50011]]},"properties":{"@id":"way/71046742","highway":"trunk","ref":"M-002"}},{"type":"Feature","geometry":{"type":"LineString","coordinates":[[72.80869,40.49384],[72.81036,40.49816],[72.80646,40.50154]]},"properties":{"@id":"way/71046744","highway":"secondary","name":"Атабаева улица"}},{"type":"Feature","geometry":{"type":"LineString","coordinates":[[72.81816,40.48505],[72.81346,40.48285],[72.81111,40.4782]]},"properties":{"@id":"way/71046745","highway":"secondary","name":"Юнусова улица"}},{"type":"Feature","geometry":{"type":"LineString","coordinates":[[72.77715,40.50079],[72.7613,40.52245]]},"properties":{"@id":"way/71046748","highway":"trunk","name":"улица Бекмамата Осмонова","name:en":"Bekmamat Osmanov street","ref":"M-002"}},{"type":"Feature","geometry":{"type":"LineString","coordinates":[[72.77773,40.50004],[72.77735,40.49967]]},"properties":{"@id":"way/71046750","highway":"trunk","ref":"ЭМ-16"}},{"type":"Feature","geometry":{"type":"LineString","coordinates":[[72.77872,40.4998],[72.77828,40.50015]]},"properties":{"@id":"way/71046754","highway":"secondary"}},{"type":"Feature","geometry":{"type":"LineString","coordinates":[[72.77819,40.50001],[72.77872,40.4998]]},"properties":{"@id":"way/71046757","highway":"secondary"}},{"type":"Feature","geometry":{"type":"LineString","coordinates":[[72.77862,40.50066],[72.7908,40.51161],[72.80087,40.51587]]},"properties":{"@id":"way/71046761","highway":"primary","name":"Абдуманап Мамыров улица","name:en":"Mamyrov Street"}},{"type":"Feature","geometry":{"type":"LineString","coordinates":[[72.77862,40.50066],[72.7781,40.50037]]},"properties":{"@id":"way/71046762","highway":"primary"}},{"type":"Feature","geometry":{"type":"LineString","coordinates":[[72.77735,40.49967],[72.77792,40.49995]]},"properties":{"@id":"way/71046763","highway":"trunk","ref":"ЭМ-16"}},{"type":"Feature","geometry":{"type":"LineString","coordinates":[[72.80875,40.49364],[72.80869,40.49384]]},"properties":{"@id":"way/71046765","highway":"secondary"}},{"type":"Feature","geometry":{"type":"LineString","coordinates":[[72.81835,40.48533],[72.81816,40.48505]]},"properties":{"@id":"way/71046767","highway":"secondary"}},{"type":"Feature","geometry":{"type":"LineString","coordinates":[[72.76854,40.56213],[72.76898,40.56227]]},"properties":{"@id":"way/71071596","highway":"trunk","ref":"M-002"}},{"type":"Feature","geometry":{"type":"LineString","coordinates":[[72.76987,40.56286],[72.76928,40.56279]]},"properties":{"@id":"way/71071597","highway":"trunk","ref":"M-002"}},{"type":"Feature","geometry":{"type":"LineString","coordinates":[[72.7696,40.56195],[72.76948,40.56247]]},"properties":{"@id":"way/71071598","highway":"primary","name":"Курманжан Датка көчөсү","name:ky":"Курманжан Датка көчөсү","name:ru":"Курманжан Датка улица","name:en":"Kurmanzhan Datka Street","ref":"ЭМ-15"}},{"type":"Feature","geometry":{"type":"LineString","coordinates":[[72.76914,40.56282],[72.76864,40.56309]]},"properties":{"@id":"way/71071599","highway":"trunk","name":"Кулигов көчөсү","name:ky":"Кулигов көчөсү","name:ru":"Улица Кулигова","ref":"ЭМ-15"}},{"type":"Feature","geometry":{"type":"LineString","coordinates":[[72.76987,40.56286],[72.77091,40.56331]]},"properties":{"@id":"way/71071600","highway":"trunk","name":"Касымбекова улица","name:en":"Kasymbekov street","ref":"M-002"}},{"type":"Feature","geometry":{"type":"LineString","coordinates":[[72.76949,40.56253],[72.76987,40.56286]]},"properties":{"@id":"way/71071601","highway":"trunk","ref":"M-002"}},{"type":"Feature","geometry":{"type":"LineString","coordinates":[[72.76911,40.56225],[72.7696,40.56195]]},"properties":{"@id":"way/71071602","highway":"primary","name":"Курманжан Датка көчөсү","name:ky":"Курманжан Датка көчөсү","name:ru":"Курманжан Датка улица","name:en":"Kurmanzhan Datka Street","ref":"ЭМ-15"}},{"type":"Feature","geometry":{"type":"LineString","coordinates":[[72.77043,40.56082],[72.77566,40.55285],[72.79092,40.54009],[72.79284,40.53569]]},"properties":{"@id":"way/71071603","highway":"primary","name":"Курманжан Датка көчөсү","name:ky":"Курманжан Датка көчөсү","name:ru":"Курманжан Датка улица","name:en":"Kurmanzhan Datka Street","ref":"ЭМ-15"}},{"type":"Feature","geometry":{"type":"LineString","coordinates":[[72.76864,40.56309],[72.76875,40.56261]]},"properties":{"@id":"way/71071604","highway":"trunk","name":"Кулигов көчөсү","name:ky":"Кулигов көчөсү","name:ru":"Улица Кулигова","ref":"ЭМ-15"}},{"type":"Feature","geometry":{"type":"LineString","coordinates":[[72.76875,40.56247],[72.76854,40.56213]]},"properties":{"@id":"way/71071605","highway":"trunk","ref":"M-002"}},{"type":"Feature","geometry":{"type":"LineString","coordinates":[[72.76884,40.52125],[72.76611,40.52022]]},"properties":{"@id":"way/71075789","highway":"secondary","name":"Рысбай Абдыкадыров көчөсү","name:ru":"улица Рыспая Абдыкадырова"}},{"type":"Feature","geometry":{"type":"LineString","coordinates":[[72.77101,40.52202],[72.76951,40.52151]]},"properties":{"@id":"way/71075819","highway":"secondary","name":"Рысбай Абдыкадыров көчөсү","name:ru":"улица Рыспая Абдыкадырова"}},{"type":"Feature","geometry":{"type":"LineString","coordinates":[[72.75435,40.52035],[72.76047,40.52276]]},"properties":{"@id":"way/71075823","highway":"primary","name":"Кокум Бий улица","ref":"М-090"}},{"type":"Feature","geometry":{"type":"LineString","coordinates":[[72.76951,40.52151],[72.77101,40.52202]]},"properties":{"@id":"way/71075893","highway":"secondary","name":"Рысбай Абдыкадыров көчөсү","name:ru":"улица Рыспая Абдыкадырова"}},{"type":"Feature","geometry":{"type":"LineString","coordinates":[[72.79345,40.53383],[72.79571,40.53421]]},"properties":{"@id":"way/71076450","highway":"secondary","name:en":"Bor street"}},{"type":"Feature","geometry":{"type":"LineString","coordinates":[[72.76966,40.52568],[72.77615,40.53157]]},"properties":{"@id":"way/71510669","highway":"primary","name":"Алишера Новои улица","name:en":"A. Navoi street","ref":"М-090"}},{"type":"Feature","geometry":{"type":"LineString","coordinates":[[72.77603,40.59538],[72.7737,40.59918],[72.77354,40.61373],[72.7787,40.62285],[72.78286,40.62869],[72.78407,40.62879]]},"properties":{"@id":"way/71528452","highway":"secondary","ref":"М-093"}},{"type":"Feature","geometry":{"type":"LineString","coordinates":[[72.78448,40.56767],[72.78509,40.56769]]},"properties":{"@id":"way/71528456","highway":"trunk","name":"Айкол Манас"}},{"type":"Feature","geometry":{"type":"LineString","coordinates":[[72.79797,40.54648],[72.80018,40.54843]]},"properties":{"@id":"way/71532776","highway":"secondary","name":"Карасуйская улица"}},{"type":"Feature","geometry":{"type":"LineString","coordinates":[[72.80004,40.54853],[72.79797,40.54648]]},"properties":{"@id":"way/71532780","highway":"secondary","name":"Карасуйская улица"}},{"type":"Feature","geometry":{"type":"LineString","coordinates":[[72.80004,40.54853],[72.80077,40.54909]]},"properties":{"@id":"way/71532781","highway":"secondary"}},{"type":"Feature","geometry":{"type":"LineString","coordinates":[[72.72836,41.02733],[72.72813,41.02565]]},"properties":{"@id":"way/72064556","highway":"secondary","name":"Сулайманова М. улица"}},{"type":"Feature","geometry":{"type":"LineString","coordinates":[[72.72836,41.02733],[72.74218,41.03313]]},"properties":{"@id":"way/72064561","highway":"secondary","name":"Сулайманова М. улица"}},{"type":"Feature","geometry":{"type":"LineString","coordinates":[[72.72026,41.02164],[72.70576,41.01524],[72.68983,41.0018],[72.68589,40.99616],[72.66822,40.98485],[72.65343,40.96958]]},"properties":{"@id":"way/72159763","highway":"secondary"}},{"type":"Feature","geometry":{"type":"LineString","coordinates":[[72.72813,41.02565],[72.72026,41.02164]]},"properties":{"@id":"way/72159766","highway":"secondary","name":"Сулайманова М. улица"}},{"type":"Feature","geometry":{"type":"LineString","coordinates":[[72.98633,40.86343],[72.99231,40.87071]]},"properties":{"@id":"way/73241579","highway":"primary","ref":"М-122"}},{"type":"Feature","geometry":{"type":"LineString","coordinates":[[72.76366,41.04991],[72.76078,41.045],[72.74526,41.0345]]},"properties":{"@id":"way/74362524","highway":"secondary","name":"Сайдуллаева Т. улица"}},{"type":"Feature","geometry":{"type":"LineString","coordinates":[[72.98538,40.86833],[72.98636,40.86461],[72.98476,40.86174]]},"properties":{"@id":"way/75765839","highway":"trunk","name:ru":"Бишкек-Ош","name:en":"Bishkek-Osh","ref":"ЭМ-04"}},{"type":"Feature","geometry":{"type":"LineString","coordinates":[[72.32675,40.82582],[72.32631,40.82578]]},"properties":{"@id":"way/85204585","highway":"trunk","name":"Andijon halqa yo‘li","name:ru":"Андижанская кольцевая дорога","name:en":"Andijan Ring Road","ref":"D132"}},{"type":"Feature","geometry":{"type":"LineString","coordinates":[[72.37938,40.75855],[72.37938,40.75855]]},"properties":{"@id":"way/85204586","highway":"primary","ref":"D017e"}},{"type":"Feature","geometry":{"type":"LineString","coordinates":[[72.34465,40.80907],[72.34393,40.80202],[72.34606,40.79905]]},"properties":{"@id":"way/85204589","highway":"primary","name":"Pirmuhamedov ko'chasi","name:ru":"Пирмухамедова улица","ref":"D109"}},{"type":"Feature","geometry":{"type":"LineString","coordinates":[[72.3466,40.79814],[72.3466,40.79814]]},"properties":{"@id":"way/85204591","highway":"primary","ref":"D109"}},{"type":"Feature","geometry":{"type":"LineString","coordinates":[[72.3335,40.80989],[72.31023,40.81306]]},"properties":{"@id":"way/85204598","highway":"primary","name":"Yusuf Otabekov ko'chasi","name:ru":"улица Атабекова"}},{"type":"Feature","geometry":{"type":"LineString","coordinates":[[72.37756,40.83013],[72.37623,40.83034]]},"properties":{"@id":"way/85209701","highway":"trunk","name":"Andijon halqa yo‘li","name:ru":"Андижанская кольцевая дорога","name:en":"Andijan Ring Road","ref":"D132"}},{"type":"Feature","geometry":{"type":"LineString","coordinates":[[72.37623,40.83034],[72.36836,40.83115],[72.35934,40.82978]]},"properties":{"@id":"way/85209702","highway":"trunk","name":"Andijon halqa yo‘li","name:ru":"Андижанская кольцевая дорога","name:en":"Andijan Ring Road","ref":"D132"}},{"type":"Feature","geometry":{"type":"LineString","coordinates":[[72.60391,40.75056],[72.60747,40.74158]]},"properties":{"@id":"way/85209711","highway":"secondary","ref":"D144"}},{"type":"Feature","geometry":{"type":"LineString","coordinates":[[72.8182,40.58739],[72.81754,40.58734]]},"properties":{"@id":"way/85607921","highway":"trunk","ref":"M41"}},{"type":"Feature","geometry":{"type":"LineString","coordinates":[[72.34401,40.76415],[72.33745,40.75933]]},"properties":{"@id":"way/93677517","highway":"secondary","name":"Gogol ko'chasi","name:ru":"улица Гоголя","name:en":"Gogol street"}},{"type":"Feature","geometry":{"type":"LineString","coordinates":[[72.69579,40.30285],[72.70637,40.30893],[72.70884,40.3124]]},"properties":{"@id":"way/122572018","highway":"trunk","ref":"ЭМ-16"}},{"type":"Feature","geometry":{"type":"LineString","coordinates":[[72.5889,40.25899],[72.61715,40.26579]]},"properties":{"@id":"way/122572019","highway":"trunk","name":"Салтобаева улица","name:ky":"Салтобаев көчөсү","name:ru":"Салтобаева улица","ref":"ЭМ-16"}},{"type":"Feature","geometry":{"type":"LineString","coordinates":[[72.75732,40.47712],[72.76132,40.4871],[72.76515,40.4928],[72.77735,40.49967]]},"properties":{"@id":"way/122572023","highway":"trunk","name":"Мамырова улица","name:en":"Mamyrov street","ref":"ЭМ-16"}},{"type":"Feature","geometry":{"type":"LineString","coordinates":[[72.63056,40.27854],[72.64193,40.28418],[72.64669,40.2887],[72.66043,40.29496],[72.67563,40.29901],[72.69079,40.30058],[72.69549,40.30256]]},"properties":{"@id":"way/122572024","highway":"trunk","name":"Р.Козибай ажы","ref":"ЭМ-16"}},{"type":"Feature","geometry":{"type":"LineString","coordinates":[[72.99198,40.29476],[72.99233,40.29491]]},"properties":{"@id":"way/122572031","highway":"secondary","ref":"М-105"}},{"type":"Feature","geometry":{"type":"LineString","coordinates":[[72.75716,40.47675],[72.75732,40.47712]]},"properties":{"@id":"way/122572032","highway":"trunk","ref":"ЭМ-16"}},{"type":"Feature","geometry":{"type":"LineString","coordinates":[[72.99785,40.29594],[72.99805,40.29612]]},"properties":{"@id":"way/122572033","highway":"secondary","ref":"М-102"}},{"type":"Feature","geometry":{"type":"LineString","coordinates":[[72.99266,40.29501],[72.99785,40.29594]]},"properties":{"@id":"way/122572034","highway":"secondary","ref":"М-102"}},{"type":"Feature","geometry":{"type":"LineString","coordinates":[[72.56619,40.26193],[72.56682,40.26164]]},"properties":{"@id":"way/122572036","highway":"trunk","ref":"ЭМ-16"}},{"type":"Feature","geometry":{"type":"LineString","coordinates":[[72.63039,40.27847],[72.63056,40.27854]]},"properties":{"@id":"way/122572037","highway":"trunk","ref":"ЭМ-16"}},{"type":"Feature","geometry":{"type":"LineString","coordinates":[[72.69549,40.30256],[72.69579,40.30285]]},"properties":{"@id":"way/122572039","highway":"trunk","ref":"ЭМ-16"}},{"type":"Feature","geometry":{"type":"LineString","coordinates":[[72.31672,40.73927],[72.31488,40.74033]]},"properties":{"@id":"way/123544099","highway":"trunk","name":"Andijon halqa yo‘li","name:ru":"Андижанская кольцевая дорога","name:en":"Andijan Ring Road","ref":"A373"}},{"type":"Feature","geometry":{"type":"LineString","coordinates":[[72.41984,40.71797],[72.36991,40.71481],[72.35056,40.71735],[72.34548,40.71947],[72.32543,40.73414]]},"properties":{"@id":"way/123544100","highway":"trunk","name":"Andijon halqa yo‘li","name:ru":"Андижанская кольцевая дорога","name:en":"Andijan Ring Road","ref":"A373"}},{"type":"Feature","geometry":{"type":"LineString","coordinates":[[72.32066,40.7371],[72.31672,40.73927]]},"properties":{"@id":"way/123544101","highway":"trunk","name":"Andijon halqa yo‘li","name:ru":"Андижанская кольцевая дорога","name:en":"Andijan Ring Road","ref":"A373"}},{"type":"Feature","geometry":{"type":"LineString","coordinates":[[72.33445,40.75443],[72.33971,40.75833]]},"properties":{"@id":"way/123544102","highway":"secondary","name":"Sanoat ko'chasi","name:ru":"Саноат улица"}},{"type":"Feature","geometry":{"type":"LineString","coordinates":[[72.33793,40.75195],[72.33994,40.75118]]},"properties":{"@id":"way/123570271","highway":"secondary","name":"Mashrab ko'chasi","name:ru":"Машраба улица"}},{"type":"Feature","geometry":{"type":"LineString","coordinates":[[72.34045,40.7515],[72.33867,40.7527]]},"properties":{"@id":"way/123570300","highway":"secondary","name":"Mashrab ko'chasi","name:ru":"Машраба улица"}},{"type":"Feature","geometry":{"type":"LineString","coordinates":[[72.37086,40.77244],[72.36698,40.77372]]},"properties":{"@id":"way/123570376","highway":"secondary","name":"N.Xakimov koʻchasi","name:ru":"улица Хакимова"}},{"type":"Feature","geometry":{"type":"LineString","coordinates":[[72.36101,40.74771],[72.36101,40.74771]]},"properties":{"@id":"way/123570392","highway":"primary"}},{"type":"Feature","geometry":{"type":"LineString","coordinates":[[72.33198,40.76154],[72.31881,40.7725]]},"properties":{"@id":"way/123582362","highway":"secondary"}},{"type":"Feature","geometry":{"type":"LineString","coordinates":[[72.33445,40.76001],[72.3334,40.755]]},"properties":{"@id":"way/123582612","highway":"secondary"}},{"type":"Feature","geometry":{"type":"LineString","coordinates":[[72.34763,40.79365],[72.34747,40.79361]]},"properties":{"@id":"way/123632256","highway":"primary"}},{"type":"Feature","geometry":{"type":"LineString","coordinates":[[72.35009,40.77684],[72.3536,40.77927]]},"properties":{"@id":"way/123632466","highway":"secondary","name":"Chorguzar ko'chasi","name:ru":"Чоргузар улица"}},{"type":"Feature","geometry":{"type":"LineString","coordinates":[[72.34661,40.78613],[72.34665,40.78337]]},"properties":{"@id":"way/123632503","highway":"secondary","name":"Abdurauf Fitrat ko'chasi","name:ru":"улица Абдурауфа Фитрата"}},{"type":"Feature","geometry":{"type":"LineString","coordinates":[[72.34665,40.78337],[72.34668,40.78243],[72.34844,40.78236]]},"properties":{"@id":"way/123632651","highway":"secondary","name":"Abdurauf Fitrat ko'chasi","name:ru":"улица Абдурауфа Фитрата"}},{"type":"Feature","geometry":{"type":"LineString","coordinates":[[72.3203,40.80141],[72.30704,40.80198],[72.30388,40.80321]]},"properties":{"@id":"way/123635132","highway":"secondary"}},{"type":"Feature","geometry":{"type":"LineString","coordinates":[[72.32842,40.50458],[72.30068,40.50829],[72.26859,40.50477],[72.25651,40.50519],[72.2373,40.50305],[72.21503,40.50318],[72.19348,40.50125],[72.18125,40.50318],[72.16279,40.51158],[72.15094,40.51232],[72.14728,40.50794],[72.12054,40.51487]]},"properties":{"@id":"way/123941196","highway":"primary","name":"Ipak yo'li ko'chasi","ref":"D087"}},{"type":"Feature","geometry":{"type":"LineString","coordinates":[[72.50112,40.51145],[72.4811,40.50345],[72.47302,40.50219],[72.46279,40.50349],[72.44814,40.50793],[72.42261,40.50685]]},"properties":{"@id":"way/123941217","highway":"primary","name":"Улица Ленина","ref":"М-090"}},{"type":"Feature","geometry":{"type":"LineString","coordinates":[[72.94134,40.72808],[72.95432,40.7331],[72.96411,40.74362],[72.96926,40.74594]]},"properties":{"@id":"way/124048000","highway":"secondary","ref":"М-091"}},{"type":"Feature","geometry":{"type":"LineString","coordinates":[[72.96289,40.89196],[72.96923,40.90099],[72.96889,40.91509]]},"properties":{"@id":"way/126748353","highway":"secondary"}},{"type":"Feature","geometry":{"type":"LineString","coordinates":[[73.12198,41.03522],[73.11703,41.03086]]},"properties":{"@id":"way/126748354","highway":"trunk","name":"улица Калбердиева К.","name:ru":"улица Калбердиева К.","ref":"ЭМ-12"}},{"type":"Feature","geometry":{"type":"LineString","coordinates":[[72.33987,41.0152],[72.34269,41.03375],[72.3457,41.04271],[72.34552,41.04861]]},"properties":{"@id":"way/130148824","highway":"primary","ref":"D133"}},{"type":"Feature","geometry":{"type":"LineString","coordinates":[[72.21226,41.0545],[72.22577,41.05232],[72.24261,41.05503],[72.25085,41.05421],[72.25809,41.05186],[72.26861,41.05164],[72.27557,41.04916],[72.29544,41.05005],[72.31075,41.04929]]},"properties":{"@id":"way/130151060","highway":"trunk","name:ru":"Бишкек-Ош","name:en":"Bishkek-Osh","ref":"ЭМ-04"}},{"type":"Feature","geometry":{"type":"LineString","coordinates":[[72.7648,40.47767],[72.76488,40.47745]]},"properties":{"@id":"way/160492561","highway":"secondary","name":"улица Ишматова"}},{"type":"Feature","geometry":{"type":"LineString","coordinates":[[72.76488,40.47745],[72.77441,40.47743],[72.78286,40.48036],[72.79317,40.48176]]},"properties":{"@id":"way/160492567","highway":"secondary","name":"Калбай Исаков"}},{"type":"Feature","geometry":{"type":"LineString","coordinates":[[72.79343,40.48149],[72.80449,40.48123],[72.81111,40.4782]]},"properties":{"@id":"way/160621204","highway":"secondary","name":"Ишматова улица"}},{"type":"Feature","geometry":{"type":"LineString","coordinates":[[72.79324,40.48167],[72.79343,40.48149]]},"properties":{"@id":"way/160621205","highway":"secondary","name":"улица Ишматова"}},{"type":"Feature","geometry":{"type":"LineString","coordinates":[[72.84731,40.46912],[72.84727,40.46902]]},"properties":{"@id":"way/160705977","highway":"secondary","ref":"М-094"}},{"type":"Feature","geometry":{"type":"LineString","coordinates":[[72.85888,40.43371],[72.85989,40.43409],[72.8561,40.43842],[72.85657,40.44556]]},"properties":{"@id":"way/160898270","highway":"secondary","ref":"М-094"}},{"type":"Feature","geometry":{"type":"LineString","coordinates":[[72.85888,40.43371],[72.8583,40.43388]]},"properties":{"@id":"way/160898271","highway":"secondary","ref":"М-094"}},{"type":"Feature","geometry":{"type":"LineString","coordinates":[[72.8583,40.43388],[72.85739,40.43476]]},"properties":{"@id":"way/160898272","highway":"secondary","ref":"М-094"}},{"type":"Feature","geometry":{"type":"LineString","coordinates":[[72.85739,40.43476],[72.85732,40.43484]]},"properties":{"@id":"way/160898273","highway":"secondary","ref":"М-094"}},{"type":"Feature","geometry":{"type":"LineString","coordinates":[[72.85732,40.43484],[72.85709,40.43505]]},"properties":{"@id":"way/160898274","highway":"secondary","ref":"М-094"}},{"type":"Feature","geometry":{"type":"LineString","coordinates":[[72.42261,40.50685],[72.41518,40.50819]]},"properties":{"@id":"way/164432955","highway":"primary","name":"Ипак Йули","ref":"М-090"}},{"type":"Feature","geometry":{"type":"LineString","coordinates":[[72.8243,40.59953],[72.83909,40.61644],[72.84114,40.62321]]},"properties":{"@id":"way/167218839","highway":"primary","ref":"М-091"}},{"type":"Feature","geometry":{"type":"LineString","coordinates":[[72.84499,40.64802],[72.8425,40.64403]]},"properties":{"@id":"way/167218840","highway":"primary","name":"Наримана улица","ref":"М-091"}},{"type":"Feature","geometry":{"type":"LineString","coordinates":[[72.82398,40.60045],[72.82392,40.59976]]},"properties":{"@id":"way/167218849","highway":"secondary"}},{"type":"Feature","geometry":{"type":"LineString","coordinates":[[72.80758,40.50603],[72.81291,40.50883]]},"properties":{"@id":"way/167218853","highway":"secondary","name":"Жунусова улица"}},{"type":"Feature","geometry":{"type":"LineString","coordinates":[[72.81797,40.58696],[72.82158,40.58563]]},"properties":{"@id":"way/167218858","highway":"trunk"}},{"type":"Feature","geometry":{"type":"LineString","coordinates":[[72.81699,40.58603],[72.81792,40.58695]]},"properties":{"@id":"way/167218970","highway":"trunk","name":"пр. Раззакова","ref":"М-091"}},{"type":"Feature","geometry":{"type":"LineString","coordinates":[[72.78571,40.60748],[72.78571,40.60748]]},"properties":{"@id":"way/167429183","highway":"primary"}},{"type":"Feature","geometry":{"type":"LineString","coordinates":[[72.84465,40.53719],[72.84468,40.53746]]},"properties":{"@id":"way/167796194","highway":"trunk"}},{"type":"Feature","geometry":{"type":"LineString","coordinates":[[72.84468,40.53746],[72.84457,40.53764]]},"properties":{"@id":"way/167796196","highway":"trunk","ref":"ЭМ-04"}},{"type":"Feature","geometry":{"type":"LineString","coordinates":[[72.84543,40.53741],[72.84468,40.53746]]},"properties":{"@id":"way/167796197","highway":"trunk"}},{"type":"Feature","geometry":{"type":"LineString","coordinates":[[72.79284,40.53569],[72.79405,40.53215]]},"properties":{"@id":"way/168264493","highway":"primary","name":"Курманжан Датка көчөсү","name:ky":"Курманжан Датка көчөсү","name:ru":"Курманжан Датка улица","name:en":"Kurmanzhan Datka Street"}},{"type":"Feature","geometry":{"type":"LineString","coordinates":[[72.80711,40.51233],[72.81106,40.5079]]},"properties":{"@id":"way/168282091","highway":"secondary","name":"Курманджан Датка","name:en":"Kurmanjan Datka street"}},{"type":"Feature","geometry":{"type":"LineString","coordinates":[[74.79145,39.80046],[74.80505,39.80098]]},"properties":{"@id":"way/169089362","highway":"trunk","name":"喀什 - 伊尔克什坦","ref":"G581"}},{"type":"Feature","geometry":{"type":"LineString","coordinates":[[72.96376,40.93179],[72.9568,40.92118]]},"properties":{"@id":"way/169187024","highway":"secondary","name":"Чынгыз Айтматов көчөсү"}},{"type":"Feature","geometry":{"type":"LineString","coordinates":[[72.36081,40.74735],[72.36124,40.74722]]},"properties":{"@id":"way/172637238","highway":"secondary"}},{"type":"Feature","geometry":{"type":"LineString","coordinates":[[72.36075,40.74788],[72.3605,40.7482]]},"properties":{"@id":"way/172637239","highway":"primary","name":"Bobur shoh ko'chasi","name:ru":"Бабура проспект"}},{"type":"Feature","geometry":{"type":"LineString","coordinates":[[72.37491,40.71662],[72.37595,40.73309]]},"properties":{"@id":"way/172637243","highway":"secondary"}},{"type":"Feature","geometry":{"type":"LineString","coordinates":[[72.97545,40.32937],[72.97508,40.32932]]},"properties":{"@id":"way/175698711","highway":"secondary","ref":"М-102"}},{"type":"Feature","geometry":{"type":"LineString","coordinates":[[72.97508,40.32932],[72.97245,40.3304]]},"properties":{"@id":"way/175698713","highway":"secondary","ref":"М-102"}},{"type":"Feature","geometry":{"type":"LineString","coordinates":[[72.74006,40.24423],[72.73944,40.24399]]},"properties":{"@id":"way/175703900","highway":"secondary","ref":"М-105"}},{"type":"Feature","geometry":{"type":"LineString","coordinates":[[72.76655,40.24894],[72.7657,40.24842]]},"properties":{"@id":"way/175703903","highway":"secondary","ref":"М-105"}},{"type":"Feature","geometry":{"type":"LineString","coordinates":[[72.7657,40.24842],[72.74715,40.24642]]},"properties":{"@id":"way/175703906","highway":"secondary","name":"Исанова улица","ref":"М-105"}},{"type":"Feature","geometry":{"type":"LineString","coordinates":[[72.73944,40.24399],[72.72457,40.24204],[72.68869,40.24121],[72.68758,40.23966],[72.66708,40.2407]]},"properties":{"@id":"way/175703908","highway":"secondary","name":"Достук","ref":"М-105"}},{"type":"Feature","geometry":{"type":"LineString","coordinates":[[72.83223,40.62354],[72.83774,40.62194],[72.84098,40.62316]]},"properties":{"@id":"way/175729990","highway":"secondary","name":"Бобир улица"}},{"type":"Feature","geometry":{"type":"LineString","coordinates":[[72.8825,40.55284],[72.86824,40.55017]]},"properties":{"@id":"way/175729994","highway":"secondary","name":"Алайчы уулу Сыдыка улица"}},{"type":"Feature","geometry":{"type":"LineString","coordinates":[[72.84212,40.6443],[72.83953,40.64086],[72.83874,40.63593],[72.83223,40.62354]]},"properties":{"@id":"way/175729998","highway":"secondary","name":"Ош көчөсү","name:en":"Osh Street"}},{"type":"Feature","geometry":{"type":"LineString","coordinates":[[72.64253,40.25618],[72.64212,40.25607]]},"properties":{"@id":"way/175730009","highway":"secondary","ref":"М-105"}},{"type":"Feature","geometry":{"type":"LineString","coordinates":[[72.87304,40.55042],[72.87309,40.55062]]},"properties":{"@id":"way/175730033","highway":"secondary"}},{"type":"Feature","geometry":{"type":"LineString","coordinates":[[72.8308,40.62085],[72.83223,40.62354]]},"properties":{"@id":"way/175730065","highway":"secondary","name":"Карасуу көчөсү","name:ru":"Карасуйская улица","name:en":"Karasuu Street"}},{"type":"Feature","geometry":{"type":"LineString","coordinates":[[72.82954,40.61819],[72.8308,40.62085]]},"properties":{"@id":"way/175730098","highway":"secondary","name":"Карасуйская улица","name:ru":"Карасуйская улица"}},{"type":"Feature","geometry":{"type":"LineString","coordinates":[[72.9334,40.55926],[72.93394,40.55618],[72.93668,40.55308]]},"properties":{"@id":"way/175730143","highway":"secondary","name":"Маданов Алишер улица"}},{"type":"Feature","geometry":{"type":"LineString","coordinates":[[72.87404,40.54148],[72.87304,40.55042]]},"properties":{"@id":"way/175730160","highway":"secondary","name":"улица Назир уулу Байыша","name:ru":"улица Назир уулу Байыша"}},{"type":"Feature","geometry":{"type":"LineString","coordinates":[[72.64212,40.25607],[72.63136,40.2625],[72.62338,40.26432]]},"properties":{"@id":"way/175730168","highway":"secondary","name":"Мирмахмудов","ref":"М-105"}},{"type":"Feature","geometry":{"type":"LineString","coordinates":[[72.92232,40.57777],[72.93464,40.56885]]},"properties":{"@id":"way/175730187","highway":"secondary","name":"Жайылма улица"}},{"type":"Feature","geometry":{"type":"LineString","coordinates":[[72.8763,40.56111],[72.8899,40.54357]]},"properties":{"@id":"way/175730193","highway":"secondary","name":"Асанбека улица"}},{"type":"Feature","geometry":{"type":"LineString","coordinates":[[72.78557,40.60733],[72.77603,40.59538]]},"properties":{"@id":"way/175730195","highway":"primary","ref":"М-093"}},{"type":"Feature","geometry":{"type":"LineString","coordinates":[[72.77618,40.59514],[72.78579,40.60717]]},"properties":{"@id":"way/175730196","highway":"primary","ref":"М-093"}},{"type":"Feature","geometry":{"type":"LineString","coordinates":[[72.80504,40.55062],[72.80891,40.55393]]},"properties":{"@id":"way/175730205","highway":"secondary","name":"Артыкова улица","name:en":"Artykov street"}},{"type":"Feature","geometry":{"type":"LineString","coordinates":[[72.59389,40.65073],[72.59425,40.65058]]},"properties":{"@id":"way/175730207","highway":"trunk","ref":"A373"}},{"type":"Feature","geometry":{"type":"LineString","coordinates":[[72.73652,40.59163],[72.72116,40.59966],[72.71014,40.60199]]},"properties":{"@id":"way/175730208","highway":"trunk","ref":"A373"}},{"type":"Feature","geometry":{"type":"LineString","coordinates":[[72.71336,40.60613],[72.71354,40.60915]]},"properties":{"@id":"way/175735107","highway":"secondary","ref":"D137"}},{"type":"Feature","geometry":{"type":"LineString","coordinates":[[72.71332,40.60569],[72.71336,40.60613]]},"properties":{"@id":"way/175735109","highway":"secondary","ref":"D137"}},{"type":"Feature","geometry":{"type":"LineString","coordinates":[[72.99343,40.92743],[72.98061,40.92784]]},"properties":{"@id":"way/175843072","highway":"trunk","name":"Түмөнбай Байзаков проспекти","name:ru":"Түмөнбай Байзаков проспекти","name:en":"Lenin St."}},{"type":"Feature","geometry":{"type":"LineString","coordinates":[[72.82097,40.48774],[72.8223,40.49036],[72.82093,40.49359]]},"properties":{"@id":"way/175843370","highway":"secondary","name":"Рашида Юнусова","ref":"М-101"}},{"type":"Feature","geometry":{"type":"LineString","coordinates":[[72.8025,40.51328],[72.80521,40.51445]]},"properties":{"@id":"way/175843374","highway":"secondary","name":"Асранкулова улица","name:en":"Asrankulov Street"}},{"type":"Feature","geometry":{"type":"LineString","coordinates":[[72.80725,40.51544],[72.80983,40.51249]]},"properties":{"@id":"way/175843375","highway":"primary","name":"Алымбек Датка улица","name:en":"Alymbek Datka street"}},{"type":"Feature","geometry":{"type":"LineString","coordinates":[[72.8014,40.51871],[72.8033,40.51971]]},"properties":{"@id":"way/175843382","highway":"secondary","name":"Мырзалы Аматов көчөсү","name:ky":"Мырзалы Аматов көчөсү","name:ru":"улица Мырзалы Аматова"}},{"type":"Feature","geometry":{"type":"LineString","coordinates":[[72.85657,40.44556],[72.85284,40.45312]]},"properties":{"@id":"way/175895061","highway":"secondary","ref":"М-094"}},{"type":"Feature","geometry":{"type":"LineString","coordinates":[[72.97825,40.8257],[72.97052,40.8382],[72.9686,40.84491]]},"properties":{"@id":"way/175898160","highway":"primary","ref":"М-122"}},{"type":"Feature","geometry":{"type":"LineString","coordinates":[[73.12662,40.65973],[73.11998,40.65504],[73.10413,40.64895]]},"properties":{"@id":"way/175904735","highway":"trunk","name":"Ленина улица","name:ru":"Бишкек-Ош","name:en":"Bishkek-Osh","ref":"ЭМ-04"}},{"type":"Feature","geometry":{"type":"LineString","coordinates":[[73.0915,40.64568],[73.0776,40.64281],[73.07162,40.63992]]},"properties":{"@id":"way/175904737","highway":"trunk","name:ru":"Бишкек-Ош","name:en":"Bishkek-Osh","ref":"ЭМ-04"}},{"type":"Feature","geometry":{"type":"LineString","coordinates":[[73.2853,40.75982],[73.28533,40.7615]]},"properties":{"@id":"way/175904738","highway":"primary","name:ru":"Бишкек-Ош","name:en":"Bishkek-Osh","ref":"ЭМ-04"}},{"type":"Feature","geometry":{"type":"LineString","coordinates":[[73.13141,40.66248],[73.12974,40.66195]]},"properties":{"@id":"way/175904743","highway":"trunk","name:ru":"Бишкек-Ош","name:en":"Bishkek-Osh","ref":"ЭМ-04"}},{"type":"Feature","geometry":{"type":"LineString","coordinates":[[73.09177,40.64581],[73.0915,40.64568]]},"properties":{"@id":"way/175904746","highway":"trunk","name:ru":"Бишкек-Ош","name:en":"Bishkek-Osh","ref":"ЭМ-04"}},{"type":"Feature","geometry":{"type":"LineString","coordinates":[[72.97455,40.60246],[72.97383,40.60228]]},"properties":{"@id":"way/175904748","highway":"trunk","name:ru":"Бишкек-Ош","name:en":"Bishkek-Osh","ref":"ЭМ-04"}},{"type":"Feature","geometry":{"type":"LineString","coordinates":[[73.06313,40.6365],[73.06292,40.63653]]},"properties":{"@id":"way/175904750","highway":"trunk","name:ru":"Бишкек-Ош","name:en":"Bishkek-Osh","ref":"ЭМ-04"}},{"type":"Feature","geometry":{"type":"LineString","coordinates":[[73.06292,40.63653],[73.0608,40.63639],[73.05348,40.63142],[73.04592,40.62364],[73.04006,40.6215]]},"properties":{"@id":"way/175904751","highway":"trunk","name:ru":"Бишкек-Ош","name:en":"Bishkek-Osh","ref":"ЭМ-04"}},{"type":"Feature","geometry":{"type":"LineString","coordinates":[[72.95626,40.59813],[72.94499,40.59609],[72.93517,40.59271]]},"properties":{"@id":"way/175904758","highway":"trunk","name:ru":"Бишкек-Ош","name:en":"Bishkek-Osh","ref":"ЭМ-04"}},{"type":"Feature","geometry":{"type":"LineString","coordinates":[[73.28514,40.75982],[73.28524,40.75863]]},"properties":{"@id":"way/175904759","highway":"primary","name:ru":"Бишкек-Ош","name:en":"Bishkek-Osh","ref":"ЭМ-04"}},{"type":"Feature","geometry":{"type":"LineString","coordinates":[[72.85812,40.66998],[72.84988,40.65414],[72.84499,40.64802]]},"properties":{"@id":"way/175904760","highway":"primary","ref":"М-091"}},{"type":"Feature","geometry":{"type":"LineString","coordinates":[[72.85813,40.67022],[72.85812,40.66998]]},"properties":{"@id":"way/175904764","highway":"primary","ref":"М-091"}},{"type":"Feature","geometry":{"type":"LineString","coordinates":[[73.03205,40.76758],[73.01626,40.76876],[72.99967,40.76597]]},"properties":{"@id":"way/175904771","highway":"secondary","ref":"D138"}},{"type":"Feature","geometry":{"type":"LineString","coordinates":[[72.88422,40.73194],[72.88492,40.73008]]},"properties":{"@id":"way/175904773","highway":"secondary","ref":"60V004"}},{"type":"Feature","geometry":{"type":"LineString","coordinates":[[72.75926,40.73028],[72.76094,40.72364]]},"properties":{"@id":"way/175904774","highway":"secondary","name":"Mustaqillik ko'chasi","ref":"D137"}},{"type":"Feature","geometry":{"type":"LineString","coordinates":[[72.76094,40.72364],[72.76096,40.72337]]},"properties":{"@id":"way/175904779","highway":"secondary","name":"Mustaqillik ko'chasi","ref":"D137"}},{"type":"Feature","geometry":{"type":"LineString","coordinates":[[72.96138,40.70828],[72.96184,40.70821]]},"properties":{"@id":"way/175904781","highway":"secondary","ref":"М-091"}},{"type":"Feature","geometry":{"type":"LineString","coordinates":[[72.90953,40.87475],[72.90941,40.87492]]},"properties":{"@id":"way/175904782","highway":"secondary"}},{"type":"Feature","geometry":{"type":"LineString","coordinates":[[73.0437,40.76714],[73.04324,40.76666]]},"properties":{"@id":"way/175904783","highway":"secondary"}},{"type":"Feature","geometry":{"type":"LineString","coordinates":[[73.03329,40.76671],[73.03289,40.76711]]},"properties":{"@id":"way/175904784","highway":"secondary"}},{"type":"Feature","geometry":{"type":"LineString","coordinates":[[72.8841,40.73228],[72.88422,40.73194]]},"properties":{"@id":"way/175904785","highway":"secondary","ref":"60V004"}},{"type":"Feature","geometry":{"type":"LineString","coordinates":[[73.07064,40.64161],[73.07072,40.64137]]},"properties":{"@id":"way/175904790","highway":"secondary","ref":"М-091"}},{"type":"Feature","geometry":{"type":"LineString","coordinates":[[72.90941,40.87492],[72.90819,40.87669],[72.90785,40.88399]]},"properties":{"@id":"way/175904792","highway":"secondary"}},{"type":"Feature","geometry":{"type":"LineString","coordinates":[[72.96184,40.70821],[72.97722,40.7038],[73.00186,40.68662],[73.01747,40.67411],[73.02702,40.66072],[73.03908,40.65353],[73.04778,40.65136],[73.05818,40.6556],[73.06248,40.65533]]},"properties":{"@id":"way/175904794","highway":"secondary","ref":"М-091"}},{"type":"Feature","geometry":{"type":"LineString","coordinates":[[73.07072,40.64137],[73.07162,40.63992]]},"properties":{"@id":"way/175904797","highway":"secondary","ref":"М-091"}},{"type":"Feature","geometry":{"type":"LineString","coordinates":[[73.04324,40.76666],[73.03329,40.76671]]},"properties":{"@id":"way/175904798","highway":"secondary"}},{"type":"Feature","geometry":{"type":"LineString","coordinates":[[72.88937,40.70812],[72.88579,40.70614],[72.87988,40.706],[72.87141,40.70263]]},"properties":{"@id":"way/175949919","highway":"primary","name":"Ленина улица","name:ky":"Ленин көчө","ref":"М-091"}},{"type":"Feature","geometry":{"type":"LineString","coordinates":[[72.92229,40.70525],[72.91009,40.70754]]},"properties":{"@id":"way/175949921","highway":"secondary","ref":"М-091"}},{"type":"Feature","geometry":{"type":"LineString","coordinates":[[73.00344,40.78951],[73.00232,40.78647]]},"properties":{"@id":"way/176162458","highway":"primary","ref":"M41"}},{"type":"Feature","geometry":{"type":"LineString","coordinates":[[73.00346,40.78985],[73.00346,40.78985]]},"properties":{"@id":"way/176162459","highway":"primary","ref":"M41"}},{"type":"Feature","geometry":{"type":"LineString","coordinates":[[73.00393,40.79019],[73.00371,40.79038]]},"properties":{"@id":"way/176162460","highway":"secondary"}},{"type":"Feature","geometry":{"type":"LineString","coordinates":[[73.00351,40.79039],[73.00266,40.79058]]},"properties":{"@id":"way/176162461","highway":"primary","ref":"M41"}},{"type":"Feature","geometry":{"type":"LineString","coordinates":[[73.00328,40.78995],[73.00344,40.78951]]},"properties":{"@id":"way/176162462","highway":"primary","ref":"M41"}},{"type":"Feature","geometry":{"type":"LineString","coordinates":[[73.00405,40.79056],[73.00531,40.79313],[73.00462,40.79426]]},"properties":{"@id":"way/176162463","highway":"secondary"}},{"type":"Feature","geometry":{"type":"LineString","coordinates":[[72.94863,40.79935],[72.93907,40.80029],[72.9298,40.79943]]},"properties":{"@id":"way/176162466","highway":"secondary","ref":"D143"}},{"type":"Feature","geometry":{"type":"LineString","coordinates":[[73.00372,40.95066],[73.0109,40.94532]]},"properties":{"@id":"way/176607814","highway":"trunk","name":"Пушкин көчөсү","name:ru":"Пушкина улица","name:en":"Pushkina street"}},{"type":"Feature","geometry":{"type":"LineString","coordinates":[[72.81076,40.99193],[72.81091,40.99172]]},"properties":{"@id":"way/176649299","highway":"trunk","name:ru":"Бишкек-Ош","name:en":"Bishkek-Osh","ref":"ЭМ-04"}},{"type":"Feature","geometry":{"type":"LineString","coordinates":[[72.81091,40.99172],[72.81099,40.99158]]},"properties":{"@id":"way/176649300","highway":"trunk","name:ru":"Бишкек-Ош","name:en":"Bishkek-Osh","ref":"ЭМ-04"}},{"type":"Feature","geometry":{"type":"LineString","coordinates":[[72.80905,40.99392],[72.81076,40.99193]]},"properties":{"@id":"way/176649301","highway":"trunk","name:ru":"Бишкек-Ош","name:en":"Bishkek-Osh","ref":"ЭМ-04"}},{"type":"Feature","geometry":{"type":"LineString","coordinates":[[72.97208,40.3305],[72.9622,40.33374],[72.94889,40.34294],[72.92509,40.35311],[72.92178,40.35747],[72.91906,40.3582],[72.91502,40.35689],[72.90756,40.36062],[72.90471,40.35893],[72.90491,40.36165],[72.90088,40.36306],[72.89935,40.36193],[72.89741,40.36506],[72.89512,40.36453],[72.89465,40.36691],[72.89279,40.3674],[72.89047,40.36616],[72.88915,40.36836],[72.8808,40.36796],[72.87986,40.37121],[72.87767,40.37275],[72.8633,40.36967],[72.84579,40.37104],[72.83654,40.37043],[72.83109,40.36853],[72.83376,40.37144],[72.83289,40.3741],[72.83404,40.38023],[72.83117,40.38278],[72.82669,40.38229],[72.82682,40.38398],[72.82295,40.38183],[72.81577,40.38037],[72.80545,40.38139],[72.80004,40.38335],[72.79438,40.38762],[72.79212,40.39545],[72.78538,40.4013],[72.77957,40.40058],[72.77006,40.4034],[72.76701,40.40272]]},"properties":{"@id":"way/177109244","highway":"secondary","ref":"М-102"}},{"type":"Feature","geometry":{"type":"LineString","coordinates":[[72.97245,40.3304],[72.97208,40.3305]]},"properties":{"@id":"way/177109245","highway":"secondary","ref":"М-102"}},{"type":"Feature","geometry":{"type":"LineString","coordinates":[[72.96889,40.91509],[72.9689,40.91526]]},"properties":{"@id":"way/179018937","highway":"secondary"}},{"type":"Feature","geometry":{"type":"LineString","coordinates":[[72.9689,40.91526],[72.97044,40.92453]]},"properties":{"@id":"way/179018943","highway":"secondary","name":"Чыңгыз Айтматов 12 көчөсү"}},{"type":"Feature","geometry":{"type":"LineString","coordinates":[[72.84943,40.55637],[72.84695,40.57522],[72.82158,40.58563]]},"properties":{"@id":"way/179056503","highway":"trunk"}},{"type":"Feature","geometry":{"type":"LineString","coordinates":[[72.32543,40.73414],[72.32304,40.73584]]},"properties":{"@id":"way/180671140","highway":"trunk","name":"Andijon halqa yo‘li","name:ru":"Андижанская кольцевая дорога","name:en":"Andijan Ring Road","ref":"A373"}},{"type":"Feature","geometry":{"type":"LineString","coordinates":[[72.32304,40.73584],[72.32066,40.7371]]},"properties":{"@id":"way/180671141","highway":"trunk","name":"Andijon halqa yo‘li","name:ru":"Андижанская кольцевая дорога","name:en":"Andijan Ring Road","ref":"A373"}},{"type":"Feature","geometry":{"type":"LineString","coordinates":[[72.37604,40.63065],[72.37604,40.63065]]},"properties":{"@id":"way/180671156","highway":"secondary","ref":"D139"}},{"type":"Feature","geometry":{"type":"LineString","coordinates":[[72.37271,40.63436],[72.37211,40.63492]]},"properties":{"@id":"way/180671179","highway":"secondary"}},{"type":"Feature","geometry":{"type":"LineString","coordinates":[[72.37595,40.63069],[72.37602,40.63044]]},"properties":{"@id":"way/180671196","highway":"secondary","ref":"D139"}},{"type":"Feature","geometry":{"type":"LineString","coordinates":[[72.3762,40.63098],[72.37586,40.63118]]},"properties":{"@id":"way/180671201","highway":"secondary"}},{"type":"Feature","geometry":{"type":"LineString","coordinates":[[72.3763,40.63072],[72.3766,40.63087]]},"properties":{"@id":"way/180671208","highway":"secondary","ref":"D139"}},{"type":"Feature","geometry":{"type":"LineString","coordinates":[[72.35383,40.71687],[72.34983,40.72118],[72.3493,40.72988]]},"properties":{"@id":"way/180671209","highway":"secondary","name":"Darxon ko'chasi","name:ru":"Дархон улица"}},{"type":"Feature","geometry":{"type":"LineString","coordinates":[[72.37211,40.63492],[72.35943,40.65283],[72.35692,40.65955],[72.35092,40.66487],[72.35044,40.67277],[72.34394,40.68811],[72.34658,40.69323],[72.34818,40.70177],[72.35531,40.71414],[72.35383,40.71687]]},"properties":{"@id":"way/180671224","highway":"secondary","name":"улица Боймахалла","name:ru":"улица Боймахалла"}},{"type":"Feature","geometry":{"type":"LineString","coordinates":[[72.49171,40.6766],[72.49157,40.67704]]},"properties":{"@id":"way/180680116","highway":"primary","ref":"D146"}},{"type":"Feature","geometry":{"type":"LineString","coordinates":[[72.49157,40.67704],[72.48473,40.68453],[72.4758,40.6987],[72.46849,40.70578]]},"properties":{"@id":"way/180680117","highway":"primary","ref":"D146"}},{"type":"Feature","geometry":{"type":"LineString","coordinates":[[72.51959,40.63082],[72.51477,40.62809],[72.50535,40.62636]]},"properties":{"@id":"way/180680119","highway":"primary"}},{"type":"Feature","geometry":{"type":"LineString","coordinates":[[72.49864,40.62657],[72.49663,40.62867],[72.47539,40.6395]]},"properties":{"@id":"way/180680124","highway":"secondary","ref":"D139"}},{"type":"Feature","geometry":{"type":"LineString","coordinates":[[72.33214,40.78337],[72.29635,40.78341]]},"properties":{"@id":"way/180684214","highway":"primary","name":"O'zbekiston ko'chasi","name:ru":"Узбекистанская улица"}},{"type":"Feature","geometry":{"type":"LineString","coordinates":[[72.38096,40.79491],[72.39012,40.78998]]},"properties":{"@id":"way/180684217","highway":"secondary","name":"Soy ko'chasi","name:ru":"Сайская улица","name:en":"Say street"}},{"type":"Feature","geometry":{"type":"LineString","coordinates":[[72.35343,40.75852],[72.35836,40.75222]]},"properties":{"@id":"way/180684218","highway":"primary","name":"Bobur shoh ko'chasi","name:ru":"Бабур проспект"}},{"type":"Feature","geometry":{"type":"LineString","coordinates":[[72.40577,40.76135],[72.40051,40.76534],[72.38954,40.76774]]},"properties":{"@id":"way/180684222","highway":"secondary"}},{"type":"Feature","geometry":{"type":"LineString","coordinates":[[72.36124,40.74722],[72.36102,40.74753]]},"properties":{"@id":"way/180684223","highway":"secondary"}},{"type":"Feature","geometry":{"type":"LineString","coordinates":[[72.36102,40.74753],[72.36142,40.74772]]},"properties":{"@id":"way/180684224","highway":"primary"}},{"type":"Feature","geometry":{"type":"LineString","coordinates":[[72.43702,40.84176],[72.43746,40.84186]]},"properties":{"@id":"way/180684225","highway":"trunk","name":"Andijon halqa yo‘li","name:ru":"Андижанская кольцевая дорога","name:en":"Andijan Ring Road","ref":"D132;D137"}},{"type":"Feature","geometry":{"type":"LineString","coordinates":[[72.36142,40.74772],[72.36095,40.74779]]},"properties":{"@id":"way/180684226","highway":"primary"}},{"type":"Feature","geometry":{"type":"LineString","coordinates":[[72.43237,40.75448],[72.43242,40.75487]]},"properties":{"@id":"way/180684227","highway":"trunk","name":"Andijon halqa yo‘li","name:ru":"Андижанская кольцевая дорога","name:en":"Andijan Ring Road","ref":"D132"}},{"type":"Feature","geometry":{"type":"LineString","coordinates":[[72.43311,40.7597],[72.433,40.75908]]},"properties":{"@id":"way/180684228","highway":"trunk","name":"Andijon halqa yo‘li","name:ru":"Андижанская кольцевая дорога","name:en":"Andijan Ring Road","ref":"D132"}},{"type":"Feature","geometry":{"type":"LineString","coordinates":[[72.39012,40.78998],[72.39586,40.79209],[72.40994,40.77648],[72.41798,40.7735]]},"properties":{"@id":"way/180684229","highway":"secondary"}},{"type":"Feature","geometry":{"type":"LineString","coordinates":[[72.40577,40.76135],[72.39105,40.75389]]},"properties":{"@id":"way/180684232","highway":"primary","name":"Sardar Patel ko'chasi","ref":"D143"}},{"type":"Feature","geometry":{"type":"LineString","coordinates":[[72.35557,40.76518],[72.35825,40.76639]]},"properties":{"@id":"way/180684234","highway":"primary","name":"Milliy Tiklanish ko'chasi","name:ru":"Миллий Тикланиш улица","ref":"D017e"}},{"type":"Feature","geometry":{"type":"LineString","coordinates":[[72.434,40.7591],[72.4312,40.75956]]},"properties":{"@id":"way/180684236","highway":"primary","ref":"D143"}},{"type":"Feature","geometry":{"type":"LineString","coordinates":[[72.43459,40.76763],[72.42618,40.76966]]},"properties":{"@id":"way/180684238","highway":"secondary"}},{"type":"Feature","geometry":{"type":"LineString","coordinates":[[72.433,40.75908],[72.43251,40.75555]]},"properties":{"@id":"way/180684239","highway":"trunk","name":"Andijon halqa yo‘li","name:ru":"Андижанская кольцевая дорога","name:en":"Andijan Ring Road","ref":"D132"}},{"type":"Feature","geometry":{"type":"LineString","coordinates":[[72.41798,40.7735],[72.42155,40.77076],[72.42618,40.76966]]},"properties":{"@id":"way/180684240","highway":"secondary"}},{"type":"Feature","geometry":{"type":"LineString","coordinates":[[72.43746,40.84186],[72.43883,40.8422]]},"properties":{"@id":"way/180684241","highway":"trunk","name":"Andijon halqa yo‘li","name:ru":"Андижанская кольцевая дорога","name:en":"Andijan Ring Road","ref":"D132;D137"}},{"type":"Feature","geometry":{"type":"LineString","coordinates":[[72.41689,40.76309],[72.41183,40.76415],[72.40577,40.76135]]},"properties":{"@id":"way/180684248","highway":"primary","ref":"D143"}},{"type":"Feature","geometry":{"type":"LineString","coordinates":[[72.31432,40.8578],[72.31437,40.8584]]},"properties":{"@id":"way/180685084","highway":"primary","ref":"D109"}},{"type":"Feature","geometry":{"type":"LineString","coordinates":[[72.31405,40.85737],[72.31506,40.85694]]},"properties":{"@id":"way/180685085","highway":"primary","ref":"D109"}},{"type":"Feature","geometry":{"type":"LineString","coordinates":[[72.31373,40.8578],[72.31374,40.85747]]},"properties":{"@id":"way/180685087","highway":"secondary","ref":"D136"}},{"type":"Feature","geometry":{"type":"LineString","coordinates":[[72.36038,40.91697],[72.36038,40.91697]]},"properties":{"@id":"way/180700016","highway":"secondary","ref":"D134"}},{"type":"Feature","geometry":{"type":"LineString","coordinates":[[72.47266,40.92354],[72.48006,40.9234],[72.4869,40.92622],[72.49258,40.92635]]},"properties":{"@id":"way/180700020","highway":"secondary","ref":"D134"}},{"type":"Feature","geometry":{"type":"LineString","coordinates":[[72.49682,40.93278],[72.49682,40.93278]]},"properties":{"@id":"way/180700021","highway":"secondary","ref":"D134"}},{"type":"Feature","geometry":{"type":"LineString","coordinates":[[72.31636,40.90738],[72.31674,40.93158],[72.32518,40.96184]]},"properties":{"@id":"way/180700029","highway":"primary","ref":"D133"}},{"type":"Feature","geometry":{"type":"LineString","coordinates":[[72.34536,41.04032],[72.34597,41.04037]]},"properties":{"@id":"way/180700030","highway":"secondary","ref":"D135"}},{"type":"Feature","geometry":{"type":"LineString","coordinates":[[72.33986,41.01509],[72.33987,41.0152]]},"properties":{"@id":"way/180700035","highway":"primary","ref":"D133"}},{"type":"Feature","geometry":{"type":"LineString","coordinates":[[72.49654,40.93187],[72.49427,40.92996]]},"properties":{"@id":"way/180700040","highway":"secondary","name":"Amir Temur ko'chasi","ref":"D134"}},{"type":"Feature","geometry":{"type":"LineString","coordinates":[[72.49258,40.92635],[72.49654,40.92605]]},"properties":{"@id":"way/180700041","highway":"secondary","ref":"D137a"}},{"type":"Feature","geometry":{"type":"LineString","coordinates":[[72.31627,40.90437],[72.31628,40.90488]]},"properties":{"@id":"way/180700042","highway":"primary","ref":"D133;D134"}},{"type":"Feature","geometry":{"type":"LineString","coordinates":[[72.44554,40.93924],[72.44698,40.93897]]},"properties":{"@id":"way/180700044","highway":"secondary","ref":"D134"}},{"type":"Feature","geometry":{"type":"LineString","coordinates":[[72.34221,40.91079],[72.34304,40.91105]]},"properties":{"@id":"way/180700046","highway":"secondary","ref":"D134"}},{"type":"Feature","geometry":{"type":"LineString","coordinates":[[72.49427,40.92996],[72.49258,40.92635]]},"properties":{"@id":"way/180700048","highway":"secondary","ref":"D134"}},{"type":"Feature","geometry":{"type":"LineString","coordinates":[[72.49693,40.93277],[72.49662,40.93271]]},"properties":{"@id":"way/180700052","highway":"secondary","ref":"D135"}},{"type":"Feature","geometry":{"type":"LineString","coordinates":[[72.3607,40.9168],[72.36092,40.91696]]},"properties":{"@id":"way/180700053","highway":"secondary","ref":"D134"}},{"type":"Feature","geometry":{"type":"LineString","coordinates":[[72.34552,41.04861],[72.34454,41.04846]]},"properties":{"@id":"way/180700057","highway":"primary","ref":"D133"}},{"type":"Feature","geometry":{"type":"LineString","coordinates":[[72.49662,40.93234],[72.49694,40.93228]]},"properties":{"@id":"way/180700060","highway":"secondary","ref":"D134"}},{"type":"Feature","geometry":{"type":"LineString","coordinates":[[72.34304,40.91105],[72.35801,40.91615]]},"properties":{"@id":"way/180700061","highway":"secondary","ref":"D134"}},{"type":"Feature","geometry":{"type":"LineString","coordinates":[[72.36038,40.91704],[72.35801,40.91615]]},"properties":{"@id":"way/180700063","highway":"secondary","ref":"D134"}},{"type":"Feature","geometry":{"type":"LineString","coordinates":[[72.44698,40.93897],[72.44957,40.93835],[72.47266,40.92354]]},"properties":{"@id":"way/180700075","highway":"secondary","name":"Alisher Navoiy ko'chasi","ref":"D134"}},{"type":"Feature","geometry":{"type":"LineString","coordinates":[[72.50346,40.93948],[72.50062,40.9373]]},"properties":{"@id":"way/180700076","highway":"secondary","name":"Sersuv ko'chasi","ref":"D135"}},{"type":"Feature","geometry":{"type":"LineString","coordinates":[[72.34597,41.04037],[72.35741,41.04225]]},"properties":{"@id":"way/180700077","highway":"secondary","ref":"D135"}},{"type":"Feature","geometry":{"type":"LineString","coordinates":[[72.31636,40.90738],[72.32681,40.90576],[72.34221,40.91079]]},"properties":{"@id":"way/180700080","highway":"secondary","ref":"D134"}},{"type":"Feature","geometry":{"type":"LineString","coordinates":[[72.50654,40.86391],[72.50433,40.87586],[72.50498,40.87934]]},"properties":{"@id":"way/180705461","highway":"secondary","ref":"D137a;D145"}},{"type":"Feature","geometry":{"type":"LineString","coordinates":[[72.61687,40.76546],[72.64356,40.77503],[72.65187,40.78103]]},"properties":{"@id":"way/180705462","highway":"secondary","ref":"D143"}},{"type":"Feature","geometry":{"type":"LineString","coordinates":[[72.60261,40.75358],[72.602,40.75528],[72.60341,40.75896],[72.61104,40.76273]]},"properties":{"@id":"way/180705463","highway":"secondary","ref":"D143;D144"}},{"type":"Feature","geometry":{"type":"LineString","coordinates":[[72.60261,40.75358],[72.58666,40.74646],[72.57223,40.74203],[72.55685,40.73401],[72.53669,40.73412]]},"properties":{"@id":"way/180705465","highway":"secondary","ref":"D143"}},{"type":"Feature","geometry":{"type":"LineString","coordinates":[[72.50737,40.85882],[72.50841,40.86113]]},"properties":{"@id":"way/180705472","highway":"secondary","ref":"D144"}},{"type":"Feature","geometry":{"type":"LineString","coordinates":[[72.50528,40.86005],[72.50737,40.85882]]},"properties":{"@id":"way/180705473","highway":"secondary","ref":"D144"}},{"type":"Feature","geometry":{"type":"LineString","coordinates":[[72.50737,40.85882],[72.50935,40.85088],[72.52426,40.8391],[72.54075,40.82195],[72.55353,40.81387],[72.56476,40.80939],[72.56992,40.80508],[72.5761,40.79607],[72.57467,40.7816],[72.5765,40.77492],[72.57818,40.77398],[72.57804,40.77185]]},"properties":{"@id":"way/180705475","highway":"secondary","ref":"D144"}},{"type":"Feature","geometry":{"type":"LineString","coordinates":[[72.75936,40.73029],[72.75843,40.73365]]},"properties":{"@id":"way/180707378","highway":"secondary","name":"Mustaqillik ko'chasi","name:ru":"улица Мустакиллик","ref":"D137"}},{"type":"Feature","geometry":{"type":"LineString","coordinates":[[72.7653,40.81771],[72.8138,40.8155]]},"properties":{"@id":"way/180708489","highway":"secondary","ref":"D143"}},{"type":"Feature","geometry":{"type":"LineString","coordinates":[[72.31448,40.74039],[72.31448,40.74039]]},"properties":{"@id":"way/180729229","highway":"trunk","ref":"A373;D105"}},{"type":"Feature","geometry":{"type":"LineString","coordinates":[[72.31414,40.7409],[72.31335,40.74115]]},"properties":{"@id":"way/180729231","highway":"trunk","name":"Andijon halqa yo‘li","name:ru":"Андижанская кольцевая дорога","name:en":"Andijan Ring Road","ref":"A373;D105"}},{"type":"Feature","geometry":{"type":"LineString","coordinates":[[72.31436,40.74035],[72.31475,40.74026]]},"properties":{"@id":"way/180729234","highway":"trunk","name":"Andijon halqa yo‘li","name:ru":"Андижанская кольцевая дорога","name:en":"Andijan Ring Road","ref":"A373"}},{"type":"Feature","geometry":{"type":"LineString","coordinates":[[72.29298,40.76026],[72.30067,40.76361]]},"properties":{"@id":"way/180729246","highway":"secondary","name":"Dalvarzin koʻchasi","name:ru":"улица Далварзин"}},{"type":"Feature","geometry":{"type":"LineString","coordinates":[[72.34475,40.78328],[72.35035,40.78325]]},"properties":{"@id":"way/181383213","highway":"primary","name":"O'zbekiston ko'chasi","name:ru":"Узбекистанская улица"}},{"type":"Feature","geometry":{"type":"LineString","coordinates":[[72.35101,40.78346],[72.34662,40.79592],[72.34692,40.79833]]},"properties":{"@id":"way/181383215","highway":"primary","name":"Cho'lpon shoh ko'chasi","name:ru":"проспект Чулпон","ref":"D109"}},{"type":"Feature","geometry":{"type":"LineString","coordinates":[[72.34839,40.7833],[72.34661,40.78613]]},"properties":{"@id":"way/181383222","highway":"secondary"}},{"type":"Feature","geometry":{"type":"LineString","coordinates":[[72.34074,40.75116],[72.33994,40.75118],[72.34074,40.75116]]},"properties":{"@id":"way/181387940","highway":"secondary","name":"Mashrab ko'chasi","name:ru":"Машраба улица"}},{"type":"Feature","geometry":{"type":"LineString","coordinates":[[72.34106,40.75128],[72.34062,40.75143]]},"properties":{"@id":"way/181387941","highway":"secondary","name":"Mashrab ko'chasi","name:ru":"Машраба улица"}},{"type":"Feature","geometry":{"type":"LineString","coordinates":[[72.63269,40.32108],[72.63267,40.32347],[72.62729,40.33136],[72.60948,40.35283],[72.60335,40.35154],[72.59768,40.35246],[72.57997,40.35803],[72.5763,40.37206],[72.57661,40.37963],[72.57838,40.38481],[72.5851,40.39064],[72.58868,40.3972],[72.58032,40.41624]]},"properties":{"@id":"way/181975126","highway":"secondary","ref":"М-095"}},{"type":"Feature","geometry":{"type":"LineString","coordinates":[[72.63294,40.32105],[72.63269,40.32108]]},"properties":{"@id":"way/181975127","highway":"primary","ref":"М-095"}},{"type":"Feature","geometry":{"type":"LineString","coordinates":[[72.63139,40.27894],[72.63247,40.30133],[72.63744,40.31281],[72.63637,40.3174],[72.63294,40.32105]]},"properties":{"@id":"way/181975137","highway":"secondary","ref":"М-095"}},{"type":"Feature","geometry":{"type":"LineString","coordinates":[[72.58032,40.41624],[72.57918,40.42037],[72.58003,40.43104],[72.57869,40.43297],[72.57732,40.44143],[72.56853,40.45483],[72.56906,40.45594]]},"properties":{"@id":"way/181976229","highway":"secondary","ref":"М-095"}},{"type":"Feature","geometry":{"type":"LineString","coordinates":[[72.84954,40.8445],[72.84954,40.8445]]},"properties":{"@id":"way/182141458","highway":"secondary","ref":"D143"}},{"type":"Feature","geometry":{"type":"LineString","coordinates":[[72.7572,40.73788],[72.75504,40.74616],[72.75525,40.78275],[72.74798,40.80468]]},"properties":{"@id":"way/182141465","highway":"secondary","ref":"D137"}},{"type":"Feature","geometry":{"type":"LineString","coordinates":[[72.92895,40.79908],[72.92968,40.79971],[72.92895,40.79908]]},"properties":{"@id":"way/182141467","highway":"secondary","ref":"D143"}},{"type":"Feature","geometry":{"type":"LineString","coordinates":[[72.55124,40.68539],[72.55136,40.68489]]},"properties":{"@id":"way/182141471","highway":"trunk"}},{"type":"Feature","geometry":{"type":"LineString","coordinates":[[72.8929,40.71791],[72.89277,40.71818]]},"properties":{"@id":"way/182141472","highway":"primary"}},{"type":"Feature","geometry":{"type":"LineString","coordinates":[[72.75732,40.73747],[72.7572,40.73788]]},"properties":{"@id":"way/182141473","highway":"secondary","ref":"D137"}},{"type":"Feature","geometry":{"type":"LineString","coordinates":[[72.8492,40.84465],[72.84936,40.8445]]},"properties":{"@id":"way/182141474","highway":"secondary","ref":"D143"}},{"type":"Feature","geometry":{"type":"LineString","coordinates":[[72.6556,40.78298],[72.66493,40.78019],[72.67988,40.78152]]},"properties":{"@id":"way/182141492","highway":"secondary","ref":"D143"}},{"type":"Feature","geometry":{"type":"LineString","coordinates":[[72.54764,40.69189],[72.55124,40.68539]]},"properties":{"@id":"way/182141496","highway":"trunk"}},{"type":"Feature","geometry":{"type":"LineString","coordinates":[[72.84954,40.8445],[72.84969,40.84467]]},"properties":{"@id":"way/182141499","highway":"secondary","ref":"D143"}},{"type":"Feature","geometry":{"type":"LineString","coordinates":[[72.66867,40.7296],[72.65223,40.73147],[72.64323,40.73073],[72.63188,40.72681]]},"properties":{"@id":"way/182141502","highway":"primary","ref":"D138"}},{"type":"Feature","geometry":{"type":"LineString","coordinates":[[72.92868,40.79947],[72.86477,40.83588]]},"properties":{"@id":"way/182141507","highway":"secondary","ref":"D143"}},{"type":"Feature","geometry":{"type":"LineString","coordinates":[[72.88517,40.72981],[72.88517,40.72656],[72.88184,40.72478]]},"properties":{"@id":"way/182141509","highway":"primary","name":"Boburshox ko'chasi","name:ru":"улица Бабуршаха","ref":"D138"}},{"type":"Feature","geometry":{"type":"LineString","coordinates":[[72.64845,40.72245],[72.66867,40.7296]]},"properties":{"@id":"way/182142699","highway":"secondary","name":"O'zbekiston ko'chasi","ref":"60V002"}},{"type":"Feature","geometry":{"type":"LineString","coordinates":[[72.63903,40.72184],[72.63145,40.72605]]},"properties":{"@id":"way/182142700","highway":"secondary","ref":"D144"}},{"type":"Feature","geometry":{"type":"LineString","coordinates":[[72.64227,40.71864],[72.63831,40.71503]]},"properties":{"@id":"way/182142701","highway":"secondary","name":"O'zbekiston ko'chasi","ref":"60V002"}},{"type":"Feature","geometry":{"type":"LineString","coordinates":[[72.64232,40.7186],[72.64251,40.71835]]},"properties":{"@id":"way/182142702","highway":"secondary","name:ru":"Неъмат улица","ref":"D144"}},{"type":"Feature","geometry":{"type":"LineString","coordinates":[[72.64232,40.7186],[72.64782,40.72194]]},"properties":{"@id":"way/182142703","highway":"secondary","name":"O'zbekiston ko'chasi","ref":"60V002"}},{"type":"Feature","geometry":{"type":"LineString","coordinates":[[72.64202,40.71893],[72.64227,40.71864]]},"properties":{"@id":"way/182142704","highway":"secondary","ref":"D144"}},{"type":"Feature","geometry":{"type":"LineString","coordinates":[[72.61824,40.26705],[72.62553,40.27525],[72.63039,40.27847]]},"properties":{"@id":"way/182148503","highway":"trunk","name":"Ошская улица","ref":"ЭМ-16"}},{"type":"Feature","geometry":{"type":"LineString","coordinates":[[72.61824,40.26705],[72.61783,40.26585]]},"properties":{"@id":"way/182148504","highway":"trunk","ref":"ЭМ-16"}},{"type":"Feature","geometry":{"type":"LineString","coordinates":[[72.61777,40.26585],[72.61777,40.26585]]},"properties":{"@id":"way/182148528","highway":"trunk","ref":"ЭМ-16"}},{"type":"Feature","geometry":{"type":"LineString","coordinates":[[72.61715,40.26579],[72.6177,40.26566]]},"properties":{"@id":"way/182148545","highway":"trunk","ref":"ЭМ-16"}},{"type":"Feature","geometry":{"type":"LineString","coordinates":[[72.61799,40.26574],[72.61824,40.26705]]},"properties":{"@id":"way/182148572","highway":"trunk","ref":"ЭМ-16"}},{"type":"Feature","geometry":{"type":"LineString","coordinates":[[73.00145,40.92738],[73.00122,40.92971]]},"properties":{"@id":"way/182513728","highway":"trunk"}},{"type":"Feature","geometry":{"type":"LineString","coordinates":[[72.66708,40.2407],[72.64253,40.25618]]},"properties":{"@id":"way/182517496","highway":"secondary","name":"Камал-ата","ref":"М-105"}},{"type":"Feature","geometry":{"type":"LineString","coordinates":[[72.91382,40.70683],[72.91734,40.69689]]},"properties":{"@id":"way/182652151","highway":"secondary","ref":"М-103"}},{"type":"Feature","geometry":{"type":"LineString","coordinates":[[72.92083,40.6897],[72.92085,40.68946]]},"properties":{"@id":"way/182652152","highway":"secondary","ref":"М-103"}},{"type":"Feature","geometry":{"type":"LineString","coordinates":[[72.92085,40.68946],[72.93007,40.66979]]},"properties":{"@id":"way/182652157","highway":"secondary","ref":"М-103"}},{"type":"Feature","geometry":{"type":"LineString","coordinates":[[72.50062,40.9373],[72.49947,40.9363]]},"properties":{"@id":"way/183846725","highway":"secondary","ref":"D135"}},{"type":"Feature","geometry":{"type":"LineString","coordinates":[[72.49947,40.9363],[72.49672,40.93327]]},"properties":{"@id":"way/183846726","highway":"secondary","ref":"D135"}},{"type":"Feature","geometry":{"type":"LineString","coordinates":[[72.96965,40.92427],[72.95404,40.92057]]},"properties":{"@id":"way/184129295","highway":"trunk","name":"Курманбек Баатыр көчөсү"}},{"type":"Feature","geometry":{"type":"LineString","coordinates":[[74.09828,39.81805],[74.08718,39.81375],[74.08339,39.8105],[74.06795,39.80684],[74.06465,39.80329],[74.06768,39.80364],[74.06669,39.80133],[74.0692,39.80191],[74.06666,39.79995],[74.06458,39.79462],[74.06022,39.78859],[74.03929,39.78246],[74.02266,39.77164],[74.01368,39.76277],[74.00355,39.76149],[73.98258,39.75231],[73.96842,39.74074],[73.96643,39.73578],[73.961,39.72959],[73.96018,39.72473],[73.96162,39.7221],[73.97178,39.72287],[73.97442,39.72141]]},"properties":{"@id":"way/184346089","highway":"trunk","name":"喀什 - 伊尔克什坦","ref":"G581"}},{"type":"Feature","geometry":{"type":"LineString","coordinates":[[72.44474,40.28634],[72.44527,40.28619]]},"properties":{"@id":"way/184758369","highway":"trunk","ref":"ЭМ-16"}},{"type":"Feature","geometry":{"type":"LineString","coordinates":[[72.44527,40.28619],[72.45165,40.28139],[72.45419,40.27493],[72.45823,40.27314]]},"properties":{"@id":"way/184758371","highway":"trunk","ref":"ЭМ-16"}},{"type":"Feature","geometry":{"type":"LineString","coordinates":[[72.43256,40.29092],[72.4382,40.28966],[72.44474,40.28634]]},"properties":{"@id":"way/184759904","highway":"trunk","ref":"ЭМ-16"}},{"type":"Feature","geometry":{"type":"LineString","coordinates":[[72.43241,40.29094],[72.43256,40.29092]]},"properties":{"@id":"way/184759905","highway":"trunk","ref":"ЭМ-16"}},{"type":"Feature","geometry":{"type":"LineString","coordinates":[[72.42417,40.29078],[72.42443,40.2908]]},"properties":{"@id":"way/184759906","highway":"trunk","ref":"ЭМ-16"}},{"type":"Feature","geometry":{"type":"LineString","coordinates":[[72.42473,40.29081],[72.43241,40.29094]]},"properties":{"@id":"way/184759907","highway":"trunk","ref":"ЭМ-16"}},{"type":"Feature","geometry":{"type":"LineString","coordinates":[[72.34323,40.3017],[72.34403,40.30188]]},"properties":{"@id":"way/184764392","highway":"trunk","ref":"ЭМ-16"}},{"type":"Feature","geometry":{"type":"LineString","coordinates":[[72.34403,40.30188],[72.36692,40.30141],[72.38783,40.29674]]},"properties":{"@id":"way/184764393","highway":"trunk","ref":"ЭМ-16"}},{"type":"Feature","geometry":{"type":"LineString","coordinates":[[72.43816,40.57115],[72.43789,40.57133]]},"properties":{"@id":"way/184900469","highway":"secondary","ref":"М-095"}},{"type":"Feature","geometry":{"type":"LineString","coordinates":[[72.43789,40.57133],[72.42979,40.57792]]},"properties":{"@id":"way/184900481","highway":"secondary","ref":"М-095"}},{"type":"Feature","geometry":{"type":"LineString","coordinates":[[72.33075,41.03135],[72.33568,41.02768],[72.34159,41.02674]]},"properties":{"@id":"way/185939066","highway":"secondary","ref":"60V067"}},{"type":"Feature","geometry":{"type":"LineString","coordinates":[[72.3411,40.75117],[72.35484,40.75113]]},"properties":{"@id":"way/186250121","highway":"secondary","name":"Mashrab ko'chasi","name:ru":"Машраб улица"}},{"type":"Feature","geometry":{"type":"LineString","coordinates":[[72.43717,40.72307],[72.43717,40.72307]]},"properties":{"@id":"way/190738359","highway":"trunk","ref":"A373"}},{"type":"Feature","geometry":{"type":"LineString","coordinates":[[72.37926,40.75816],[72.37109,40.75076],[72.36649,40.7484],[72.36142,40.74772]]},"properties":{"@id":"way/190738360","highway":"primary","name":"Toshkent ko'chasi","name:ru":"Ташкент улица"}},{"type":"Feature","geometry":{"type":"LineString","coordinates":[[72.37924,40.75893],[72.37877,40.75881]]},"properties":{"@id":"way/190738362","highway":"primary","ref":"D017e"}},{"type":"Feature","geometry":{"type":"LineString","coordinates":[[72.43777,40.72336],[72.43823,40.72388]]},"properties":{"@id":"way/190738363","highway":"trunk","name":"Andijon halqa yo‘li","name:ru":"Андижанская кольцевая дорога","name:en":"Andijan Ring Road","ref":"D132"}},{"type":"Feature","geometry":{"type":"LineString","coordinates":[[72.43758,40.72309],[72.43864,40.72271]]},"properties":{"@id":"way/190738364","highway":"trunk"}},{"type":"Feature","geometry":{"type":"LineString","coordinates":[[72.38064,40.75866],[72.37993,40.75895]]},"properties":{"@id":"way/190738365","highway":"primary","ref":"D017e"}},{"type":"Feature","geometry":{"type":"LineString","coordinates":[[72.37926,40.75816],[72.37968,40.75851]]},"properties":{"@id":"way/190738366","highway":"primary"}},{"type":"Feature","geometry":{"type":"LineString","coordinates":[[72.43725,40.72365],[72.43634,40.72389]]},"properties":{"@id":"way/190738367","highway":"primary","ref":"D017e"}},{"type":"Feature","geometry":{"type":"LineString","coordinates":[[73.458,40.30615],[73.45794,40.30613]]},"properties":{"@id":"way/193409302","highway":"secondary","name":"Алымбек датка көчөсү","name:en":"Sary-Tash-Gul'cha road","ref":"М-104"}},{"type":"Feature","geometry":{"type":"LineString","coordinates":[[73.5095,40.40439],[73.51161,40.41099],[73.51342,40.4108],[73.51502,40.4123],[73.51678,40.41077],[73.52268,40.41282],[73.5265,40.41861],[73.53406,40.42122],[73.53595,40.42386],[73.5389,40.42127],[73.54287,40.42138],[73.54544,40.42268],[73.54761,40.42731],[73.54973,40.42787],[73.5526,40.4248],[73.55381,40.42581],[73.5587,40.4243],[73.56254,40.42627],[73.5654,40.42606],[73.56595,40.42719],[73.5728,40.4279],[73.56896,40.42609],[73.56872,40.42411],[73.56604,40.42258],[73.56728,40.42215]]},"properties":{"@id":"way/193409303","highway":"secondary","name":"Ылай-Талаа – Гүлчө","ref":"М-104"}},{"type":"Feature","geometry":{"type":"LineString","coordinates":[[73.57781,40.5925],[73.5772,40.59823],[73.57334,40.6012]]},"properties":{"@id":"way/193411815","highway":"secondary","ref":"ЭМ-19"}},{"type":"Feature","geometry":{"type":"LineString","coordinates":[[73.62668,40.58288],[73.62673,40.58445],[73.62802,40.58481],[73.65915,40.58124],[73.68374,40.57405],[73.69204,40.57286],[73.69883,40.56891],[73.7042,40.56921],[73.71416,40.56558],[73.71872,40.56614],[73.72715,40.56328]]},"properties":{"@id":"way/193411816","highway":"secondary","ref":"ЭМ-19"}},{"type":"Feature","geometry":{"type":"LineString","coordinates":[[73.56737,40.60284],[73.5689,40.60382]]},"properties":{"@id":"way/193411817","highway":"secondary","ref":"ЭМ-19"}},{"type":"Feature","geometry":{"type":"LineString","coordinates":[[73.5689,40.60382],[73.57098,40.6041],[73.56217,40.6063],[73.56574,40.60904],[73.57728,40.6087],[73.58026,40.61173]]},"properties":{"@id":"way/193412142","highway":"secondary","ref":"ЭМ-19"}},{"type":"Feature","geometry":{"type":"LineString","coordinates":[[73.57941,40.64116],[73.57937,40.64219]]},"properties":{"@id":"way/193412429","highway":"primary","ref":"ЭМ-19"}},{"type":"Feature","geometry":{"type":"LineString","coordinates":[[73.58561,40.63868],[73.58048,40.63983],[73.57941,40.64116]]},"properties":{"@id":"way/193412430","highway":"primary","name":"Юсупова улица","ref":"ЭМ-19"}},{"type":"Feature","geometry":{"type":"LineString","coordinates":[[73.53068,40.6547],[73.51251,40.65985],[73.48737,40.66912],[73.48655,40.67248]]},"properties":{"@id":"way/193412431","highway":"primary","name":"Кара-Кочков улица","ref":"ЭМ-19"}},{"type":"Feature","geometry":{"type":"LineString","coordinates":[[73.31469,40.80522],[73.31757,40.79785],[73.32517,40.7883],[73.32191,40.78666]]},"properties":{"@id":"way/193547667","highway":"primary","name:ru":"Бишкек-Ош","name:en":"Bishkek-Osh","ref":"ЭМ-04"}},{"type":"Feature","geometry":{"type":"LineString","coordinates":[[73.32191,40.78666],[73.32062,40.78613]]},"properties":{"@id":"way/193547668","highway":"primary","name:ru":"Бишкек-Ош","name:en":"Bishkek-Osh","ref":"ЭМ-04"}},{"type":"Feature","geometry":{"type":"LineString","coordinates":[[73.31443,40.80584],[73.31469,40.80522]]},"properties":{"@id":"way/193547669","highway":"primary","name:ru":"Бишкек-Ош","name:en":"Bishkek-Osh","ref":"ЭМ-04"}},{"type":"Feature","geometry":{"type":"LineString","coordinates":[[73.32062,40.78613],[73.31114,40.78281],[73.30736,40.77975]]},"properties":{"@id":"way/193547670","highway":"primary","name:ru":"Бишкек-Ош","name:en":"Bishkek-Osh","ref":"ЭМ-04"}},{"type":"Feature","geometry":{"type":"LineString","coordinates":[[72.96217,40.60038],[72.96199,40.60049]]},"properties":{"@id":"way/194715399","highway":"secondary","ref":"М-103"}},{"type":"Feature","geometry":{"type":"LineString","coordinates":[[72.96277,40.59963],[72.96217,40.60038]]},"properties":{"@id":"way/194715400","highway":"secondary","ref":"М-103"}},{"type":"Feature","geometry":{"type":"LineString","coordinates":[[72.95314,40.61093],[72.94342,40.61519],[72.93498,40.62962]]},"properties":{"@id":"way/194715401","highway":"secondary","ref":"М-103"}},{"type":"Feature","geometry":{"type":"LineString","coordinates":[[72.92943,40.64586],[72.92245,40.65953]]},"properties":{"@id":"way/194716846","highway":"secondary","name":"Шопоков улица","ref":"М-103"}},{"type":"Feature","geometry":{"type":"LineString","coordinates":[[72.92869,40.6627],[72.93203,40.66453],[72.93007,40.66979]]},"properties":{"@id":"way/194716847","highway":"secondary","name":"Центральная улица","ref":"М-103"}},{"type":"Feature","geometry":{"type":"LineString","coordinates":[[72.28952,41.01222],[72.30669,41.01596],[72.31884,41.02385]]},"properties":{"@id":"way/194757572","highway":"secondary","ref":"60V067"}},{"type":"Feature","geometry":{"type":"LineString","coordinates":[[72.29846,40.61311],[72.32918,40.59869]]},"properties":{"@id":"way/194878001","highway":"primary","name":"Dorboz ko'chasi","ref":"D140"}},{"type":"Feature","geometry":{"type":"LineString","coordinates":[[72.34741,40.61024],[72.36652,40.62328],[72.37518,40.62283],[72.37532,40.62539]]},"properties":{"@id":"way/194878007","highway":"secondary","ref":"D139"}},{"type":"Feature","geometry":{"type":"LineString","coordinates":[[72.38988,40.50468],[72.38932,40.50471]]},"properties":{"@id":"way/197382906","highway":"primary","name":"Xalqlar Do`stligi ko'chasi","ref":"D087"}},{"type":"Feature","geometry":{"type":"LineString","coordinates":[[72.38932,40.50471],[72.38419,40.50498],[72.36364,40.50114],[72.35079,40.50108]]},"properties":{"@id":"way/197382907","highway":"primary","name":"Xalqlar Do`stligi ko'chasi","ref":"D087"}},{"type":"Feature","geometry":{"type":"LineString","coordinates":[[72.37532,40.62539],[72.37548,40.62597]]},"properties":{"@id":"way/197382914","highway":"secondary","ref":"D139"}},{"type":"Feature","geometry":{"type":"LineString","coordinates":[[72.37548,40.62597],[72.37602,40.63044]]},"properties":{"@id":"way/197382917","highway":"secondary","ref":"D139"}},{"type":"Feature","geometry":{"type":"LineString","coordinates":[[74.17399,39.77111],[74.17251,39.7714]]},"properties":{"@id":"way/201102491","highway":"trunk","name":"萨喀勒大桥","ref":"G581"}},{"type":"Feature","geometry":{"type":"LineString","coordinates":[[74.14813,39.78871],[74.13741,39.79279],[74.13517,39.79527]]},"properties":{"@id":"way/201102492","highway":"trunk","name":"喀什 - 伊尔克什坦","ref":"G581"}},{"type":"Feature","geometry":{"type":"LineString","coordinates":[[72.75961,40.86626],[72.76904,40.86553],[72.7875,40.85393],[72.79335,40.85655],[72.804,40.85577],[72.8168,40.85879],[72.8244,40.85855],[72.83306,40.86146],[72.8396,40.86524]]},"properties":{"@id":"way/201113371","highway":"secondary","ref":"М-117"}},{"type":"Feature","geometry":{"type":"LineString","coordinates":[[72.32631,40.82578],[72.32414,40.82564]]},"properties":{"@id":"way/202163526","highway":"trunk","name":"Andijon halqa yo‘li","name:ru":"Андижанская кольцевая дорога","name:en":"Andijan Ring Road","ref":"D132"}},{"type":"Feature","geometry":{"type":"LineString","coordinates":[[72.32832,40.82593],[72.32793,40.8259]]},"properties":{"@id":"way/202163527","highway":"trunk","name":"Andijon halqa yo‘li","name:ru":"Андижанская кольцевая дорога","name:en":"Andijan Ring Road","ref":"D132"}},{"type":"Feature","geometry":{"type":"LineString","coordinates":[[72.33061,40.8261],[72.32832,40.82593]]},"properties":{"@id":"way/202163528","highway":"trunk","name":"Andijon halqa yo‘li","name:ru":"Андижанская кольцевая дорога","name:en":"Andijan Ring Road","ref":"D132"}},{"type":"Feature","geometry":{"type":"LineString","coordinates":[[72.34692,40.79833],[72.34735,40.7992]]},"properties":{"@id":"way/202163529","highway":"secondary","ref":"D137"}},{"type":"Feature","geometry":{"type":"LineString","coordinates":[[72.34454,40.80956],[72.34465,40.80907]]},"properties":{"@id":"way/202163530","highway":"primary","name":"Pirmuhamedov ko'chasi","name:ru":"улица Пирмухамедова","ref":"D109"}},{"type":"Feature","geometry":{"type":"LineString","coordinates":[[72.34484,40.81009],[72.34465,40.81049]]},"properties":{"@id":"way/202163532","highway":"primary","name":"Ул.Асад Исматов","name:ru":"Асад Исматов улица","name:en":"Asad Ismatov street","ref":"D132b"}},{"type":"Feature","geometry":{"type":"LineString","coordinates":[[72.35324,40.82835],[72.35384,40.8286]]},"properties":{"@id":"way/202163533","highway":"trunk","name":"Andijon halqa yo‘li","name:ru":"Андижанская кольцевая дорога","name:en":"Andijan Ring Road","ref":"D132"}},{"type":"Feature","geometry":{"type":"LineString","coordinates":[[72.352,40.82444],[72.35311,40.8282]]},"properties":{"@id":"way/202163534","highway":"secondary","name":"Nayman ko'chasi","name:ru":"Найман улица","name:en":"Nayman street"}},{"type":"Feature","geometry":{"type":"LineString","coordinates":[[72.34509,40.80963],[72.34542,40.80977]]},"properties":{"@id":"way/202163535","highway":"secondary"}},{"type":"Feature","geometry":{"type":"LineString","coordinates":[[72.35292,40.82904],[72.35268,40.8287]]},"properties":{"@id":"way/202163537","highway":"secondary","ref":"D145"}},{"type":"Feature","geometry":{"type":"LineString","coordinates":[[72.34438,40.80987],[72.34384,40.80982]]},"properties":{"@id":"way/202163538","highway":"primary","name":"Yusuf Otabekov ko'chasi","name:ru":"Атабекова улица","ref":"D109"}},{"type":"Feature","geometry":{"type":"LineString","coordinates":[[72.35249,40.82854],[72.35189,40.82825]]},"properties":{"@id":"way/202163539","highway":"trunk","name":"Andijon halqa yo‘li","name:ru":"Андижанская кольцевая дорога","name:en":"Andijan Ring Road","ref":"D132"}},{"type":"Feature","geometry":{"type":"LineString","coordinates":[[72.34606,40.79905],[72.34617,40.79855]]},"properties":{"@id":"way/202163542","highway":"primary","name":"Pirmuhamedov ko'chasi","name:ru":"улица Пирмухамедова","name:en":"Pirmuhamedov street","ref":"D109"}},{"type":"Feature","geometry":{"type":"LineString","coordinates":[[72.32414,40.82564],[72.31903,40.82372],[72.31287,40.81604]]},"properties":{"@id":"way/202163543","highway":"trunk","name":"Andijon halqa yo‘li","name:ru":"Андижанская кольцевая дорога","name:en":"Andijan Ring Road","ref":"D132"}},{"type":"Feature","geometry":{"type":"LineString","coordinates":[[72.43883,40.8422],[72.46266,40.8479],[72.47071,40.84849],[72.51606,40.86357],[72.52451,40.86771],[72.53946,40.8708],[72.54881,40.87132],[72.57085,40.86365],[72.57822,40.85826],[72.59767,40.84934],[72.62342,40.84316],[72.63323,40.84288],[72.65069,40.83931],[72.65729,40.83667],[72.66058,40.83379],[72.67616,40.82742]]},"properties":{"@id":"way/202282441","highway":"secondary","ref":"D137"}},{"type":"Feature","geometry":{"type":"LineString","coordinates":[[74.15213,40.39797],[74.16353,40.39399],[74.17162,40.38482],[74.16966,40.37491],[74.16304,40.36646],[74.16301,40.36358],[74.16037,40.35989],[74.16174,40.35113],[74.1641,40.34957],[74.16711,40.3424],[74.16429,40.3377],[74.16622,40.33565]]},"properties":{"@id":"way/205336133","highway":"secondary","ref":"ЭМ-19"}},{"type":"Feature","geometry":{"type":"LineString","coordinates":[[74.15213,40.39797],[74.14683,40.40254],[74.14027,40.40321],[74.13426,40.40546],[74.12623,40.41062]]},"properties":{"@id":"way/205336141","highway":"secondary","ref":"ЭМ-19"}},{"type":"Feature","geometry":{"type":"LineString","coordinates":[[74.96161,39.75757],[74.97208,39.76363],[74.98061,39.76561],[74.98889,39.76177],[74.9966,39.76167],[75.00293,39.75836],[75.00574,39.75528]]},"properties":{"@id":"way/206123263","highway":"trunk","name":"喀什 - 伊尔克什坦","ref":"G581"}},{"type":"Feature","geometry":{"type":"LineString","coordinates":[[73.58698,40.63848],[73.58374,40.63045]]},"properties":{"@id":"way/206878400","highway":"secondary","name":"Калматаев Жамшит улица","ref":"ЭМ-19"}},{"type":"Feature","geometry":{"type":"LineString","coordinates":[[73.58698,40.63848],[73.58561,40.63868]]},"properties":{"@id":"way/206879748","highway":"primary","ref":"ЭМ-19"}},{"type":"Feature","geometry":{"type":"LineString","coordinates":[[72.6103,40.73233],[72.6103,40.73233]]},"properties":{"@id":"way/211149151","highway":"secondary","ref":"D144"}},{"type":"Feature","geometry":{"type":"LineString","coordinates":[[72.63053,40.72632],[72.63053,40.72632]]},"properties":{"@id":"way/211149153","highway":"primary","ref":"4P136"}},{"type":"Feature","geometry":{"type":"LineString","coordinates":[[72.63016,40.72678],[72.61084,40.73243]]},"properties":{"@id":"way/211149155","highway":"secondary","ref":"D144"}},{"type":"Feature","geometry":{"type":"LineString","coordinates":[[72.53669,40.73412],[72.52647,40.73711],[72.4888,40.74311],[72.47892,40.74588],[72.46531,40.75208],[72.45006,40.75448],[72.43541,40.75846]]},"properties":{"@id":"way/211149157","highway":"secondary","ref":"D143"}},{"type":"Feature","geometry":{"type":"LineString","coordinates":[[72.61037,40.73264],[72.61011,40.73261]]},"properties":{"@id":"way/211149163","highway":"secondary","ref":"D144"}},{"type":"Feature","geometry":{"type":"LineString","coordinates":[[72.63075,40.72664],[72.6305,40.72645]]},"properties":{"@id":"way/211149167","highway":"secondary","ref":"D144"}},{"type":"Feature","geometry":{"type":"LineString","coordinates":[[72.61044,40.73239],[72.61047,40.73256]]},"properties":{"@id":"way/211149169","highway":"secondary","ref":"D144"}},{"type":"Feature","geometry":{"type":"LineString","coordinates":[[72.6305,40.72645],[72.63065,40.72622]]},"properties":{"@id":"way/211149170","highway":"primary","ref":"D138"}},{"type":"Feature","geometry":{"type":"LineString","coordinates":[[72.63111,40.72644],[72.63188,40.72681],[72.63096,40.72661]]},"properties":{"@id":"way/211149172","highway":"primary","ref":"D138"}},{"type":"Feature","geometry":{"type":"LineString","coordinates":[[72.63085,40.72619],[72.63109,40.72635]]},"properties":{"@id":"way/211149174","highway":"secondary","ref":"D144"}},{"type":"Feature","geometry":{"type":"LineString","coordinates":[[72.58817,40.71872],[72.55229,40.7066],[72.53959,40.70444]]},"properties":{"@id":"way/211149176","highway":"primary","ref":"D138"}},{"type":"Feature","geometry":{"type":"LineString","coordinates":[[72.79614,40.53243],[72.79405,40.53215]]},"properties":{"@id":"way/212032709","highway":"secondary","name":"Борубаева","name:en":"Borubaev street"}},{"type":"Feature","geometry":{"type":"LineString","coordinates":[[72.76262,40.69825],[72.76215,40.68037]]},"properties":{"@id":"way/216246492","highway":"secondary","ref":"D137"}},{"type":"Feature","geometry":{"type":"LineString","coordinates":[[72.72895,40.61138],[72.72895,40.61138]]},"properties":{"@id":"way/217737595","highway":"secondary"}},{"type":"Feature","geometry":{"type":"LineString","coordinates":[[72.72855,40.61196],[72.71471,40.6289],[72.70717,40.64711],[72.6998,40.65697]]},"properties":{"@id":"way/217737596","highway":"secondary","ref":"D144"}},{"type":"Feature","geometry":{"type":"LineString","coordinates":[[72.72908,40.61158],[72.72894,40.61173]]},"properties":{"@id":"way/217737598","highway":"secondary","ref":"D137"}},{"type":"Feature","geometry":{"type":"LineString","coordinates":[[72.72878,40.61174],[72.72861,40.61165]]},"properties":{"@id":"way/217737599","highway":"secondary","ref":"D144"}},{"type":"Feature","geometry":{"type":"LineString","coordinates":[[72.72858,40.61154],[72.72867,40.6114]]},"properties":{"@id":"way/217737600","highway":"secondary","ref":"D137"}},{"type":"Feature","geometry":{"type":"LineString","coordinates":[[72.60747,40.74158],[72.60757,40.74102]]},"properties":{"@id":"way/219271474","highway":"secondary","ref":"D144"}},{"type":"Feature","geometry":{"type":"LineString","coordinates":[[72.60757,40.74102],[72.60967,40.73742],[72.61018,40.73307]]},"properties":{"@id":"way/219271475","highway":"secondary","ref":"D144"}},{"type":"Feature","geometry":{"type":"LineString","coordinates":[[73.00411,40.90219],[73.00412,40.91365]]},"properties":{"@id":"way/219868007","highway":"primary","name":"Октябрь көчөсү","ref":"М-122"}},{"type":"Feature","geometry":{"type":"LineString","coordinates":[[73.00413,40.90202],[73.00411,40.90219]]},"properties":{"@id":"way/219868011","highway":"primary","ref":"М-122"}},{"type":"Feature","geometry":{"type":"LineString","coordinates":[[72.94858,40.83322],[72.96809,40.84483]]},"properties":{"@id":"way/219868024","highway":"secondary"}},{"type":"Feature","geometry":{"type":"LineString","coordinates":[[72.90746,40.88441],[72.9022,40.89598]]},"properties":{"@id":"way/221460576","highway":"secondary","name":"Дом - Ата көчөсү"}},{"type":"Feature","geometry":{"type":"LineString","coordinates":[[72.90785,40.88399],[72.90746,40.88441]]},"properties":{"@id":"way/221460602","highway":"secondary"}},{"type":"Feature","geometry":{"type":"LineString","coordinates":[[72.97324,40.88227],[72.98274,40.87341]]},"properties":{"@id":"way/224199401","highway":"trunk","name:ru":"Бишкек-Ош","name:en":"Bishkek-Osh","ref":"ЭМ-04"}},{"type":"Feature","geometry":{"type":"LineString","coordinates":[[72.98274,40.87341],[72.98283,40.87324]]},"properties":{"@id":"way/224199402","highway":"trunk","name:ru":"Бишкек-Ош","name:en":"Bishkek-Osh","ref":"ЭМ-04"}},{"type":"Feature","geometry":{"type":"LineString","coordinates":[[72.99246,40.87095],[72.99626,40.87876],[73.00074,40.88387],[73.00097,40.8913],[73.00372,40.89755],[73.00413,40.90202]]},"properties":{"@id":"way/224199403","highway":"primary","name":"улица Аттокур Азимканова","ref":"М-122"}},{"type":"Feature","geometry":{"type":"LineString","coordinates":[[72.99231,40.87071],[72.99246,40.87095]]},"properties":{"@id":"way/224199404","highway":"primary","ref":"М-122"}},{"type":"Feature","geometry":{"type":"LineString","coordinates":[[73.04622,40.86421],[73.07007,40.86553]]},"properties":{"@id":"way/224200803","highway":"trunk","name":"Мусаевой Урула улица","name:ru":"Бишкек-Ош","name:en":"Bishkek-Osh","ref":"ЭМ-04"}},{"type":"Feature","geometry":{"type":"LineString","coordinates":[[73.04008,40.86378],[73.04031,40.86379]]},"properties":{"@id":"way/224200804","highway":"trunk","name:ru":"Бишкек-Ош","name:en":"Bishkek-Osh","ref":"ЭМ-04"}},{"type":"Feature","geometry":{"type":"LineString","coordinates":[[73.17109,40.89122],[73.17795,40.90129],[73.17789,40.90525]]},"properties":{"@id":"way/224253154","highway":"secondary","name":"Ташиев Сыргабай улица","ref":"М-098"}},{"type":"Feature","geometry":{"type":"LineString","coordinates":[[73.08868,40.86551],[73.08898,40.86569]]},"properties":{"@id":"way/224253158","highway":"secondary","ref":"М-098"}},{"type":"Feature","geometry":{"type":"LineString","coordinates":[[73.17071,40.89128],[73.17109,40.89122]]},"properties":{"@id":"way/224253159","highway":"secondary","ref":"М-098"}},{"type":"Feature","geometry":{"type":"LineString","coordinates":[[73.08898,40.86569],[73.09862,40.86597],[73.11188,40.8731],[73.12072,40.87244],[73.12667,40.87755],[73.13656,40.87882],[73.14074,40.88262]]},"properties":{"@id":"way/224253160","highway":"secondary","ref":"М-098"}},{"type":"Feature","geometry":{"type":"LineString","coordinates":[[73.18237,40.9185],[73.18264,40.91874]]},"properties":{"@id":"way/224253752","highway":"secondary","ref":"М-098"}},{"type":"Feature","geometry":{"type":"LineString","coordinates":[[73.19068,40.92493],[73.19789,40.9297],[73.20359,40.93029]]},"properties":{"@id":"way/224253753","highway":"secondary","ref":"М-098"}},{"type":"Feature","geometry":{"type":"LineString","coordinates":[[72.43695,40.72332],[72.43667,40.72287]]},"properties":{"@id":"way/224649714","highway":"trunk","name":"Andijon halqa yo‘li","name:ru":"Андижанская кольцевая дорога","name:en":"Andijan Ring Road","ref":"A373"}},{"type":"Feature","geometry":{"type":"LineString","coordinates":[[72.94028,40.94849],[72.93271,40.94254]]},"properties":{"@id":"way/224951532","highway":"secondary","ref":"М-116"}},{"type":"Feature","geometry":{"type":"LineString","coordinates":[[72.92232,40.86359],[72.90953,40.87475]]},"properties":{"@id":"way/225882384","highway":"secondary"}},{"type":"Feature","geometry":{"type":"LineString","coordinates":[[72.93126,40.84119],[72.92509,40.85896],[72.92232,40.86359]]},"properties":{"@id":"way/225882388","highway":"secondary"}},{"type":"Feature","geometry":{"type":"LineString","coordinates":[[73.39806,40.66469],[73.40417,40.6617],[73.41122,40.66278]]},"properties":{"@id":"way/226041082","highway":"secondary"}},{"type":"Feature","geometry":{"type":"LineString","coordinates":[[72.97465,40.95361],[72.97659,40.95704],[72.98399,40.95661]]},"properties":{"@id":"way/228052073","highway":"secondary"}},{"type":"Feature","geometry":{"type":"LineString","coordinates":[[72.96956,40.94704],[72.96971,40.94698]]},"properties":{"@id":"way/228052075","highway":"secondary"}},{"type":"Feature","geometry":{"type":"LineString","coordinates":[[72.96608,40.94165],[72.97013,40.94216]]},"properties":{"@id":"way/228052095","highway":"secondary","name":"Осмонов Б. көчөсү"}},{"type":"Feature","geometry":{"type":"LineString","coordinates":[[73.02988,40.61777],[73.02971,40.61764]]},"properties":{"@id":"way/229864794","highway":"trunk","name:ru":"Бишкек-Ош","name:en":"Bishkek-Osh","ref":"ЭМ-04"}},{"type":"Feature","geometry":{"type":"LineString","coordinates":[[73.02971,40.61764],[73.01497,40.60708],[73.0071,40.60755],[73.0012,40.6055],[72.98907,40.60474]]},"properties":{"@id":"way/229864795","highway":"trunk","name:ru":"Бишкек-Ош","name:en":"Bishkek-Osh","ref":"ЭМ-04"}},{"type":"Feature","geometry":{"type":"LineString","coordinates":[[72.98087,40.60348],[72.98063,40.60344]]},"properties":{"@id":"way/229871040","highway":"trunk","name:ru":"Бишкек-Ош","name:en":"Bishkek-Osh","ref":"ЭМ-04"}},{"type":"Feature","geometry":{"type":"LineString","coordinates":[[72.98063,40.60344],[72.97455,40.60246]]},"properties":{"@id":"way/229871041","highway":"trunk","name:ru":"Бишкек-Ош","name:en":"Bishkek-Osh","ref":"ЭМ-04"}},{"type":"Feature","geometry":{"type":"LineString","coordinates":[[72.43864,40.72271],[72.45564,40.71089],[72.46348,40.70731]]},"properties":{"@id":"way/232036414","highway":"trunk","ref":"A373"}},{"type":"Feature","geometry":{"type":"LineString","coordinates":[[72.49815,40.64779],[72.49774,40.65084],[72.49926,40.65613],[72.492,40.66715],[72.49203,40.67575]]},"properties":{"@id":"way/232036420","highway":"primary","ref":"D146"}},{"type":"Feature","geometry":{"type":"LineString","coordinates":[[73.15724,40.67317],[73.13141,40.66248]]},"properties":{"@id":"way/236930008","highway":"trunk","name:ru":"Бишкек-Ош","name:en":"Bishkek-Osh","ref":"ЭМ-04"}},{"type":"Feature","geometry":{"type":"LineString","coordinates":[[73.28515,40.7615],[73.28514,40.75982]]},"properties":{"@id":"way/236930009","highway":"primary","name:ru":"Бишкек-Ош","name:en":"Bishkek-Osh","ref":"ЭМ-04"}},{"type":"Feature","geometry":{"type":"LineString","coordinates":[[73.28524,40.75863],[73.2853,40.75982]]},"properties":{"@id":"way/236930010","highway":"primary","name:ru":"Бишкек-Ош","name:en":"Bishkek-Osh","ref":"ЭМ-04"}},{"type":"Feature","geometry":{"type":"LineString","coordinates":[[73.28533,40.7615],[73.28552,40.76241]]},"properties":{"@id":"way/236930011","highway":"primary","name:ru":"Бишкек-Ош","name:en":"Bishkek-Osh","ref":"ЭМ-04"}},{"type":"Feature","geometry":{"type":"LineString","coordinates":[[73.28524,40.75863],[73.28475,40.75616],[73.26944,40.74542]]},"properties":{"@id":"way/236930012","highway":"primary","name:ru":"Бишкек-Ош","name:en":"Bishkek-Osh","ref":"ЭМ-04"}},{"type":"Feature","geometry":{"type":"LineString","coordinates":[[73.28552,40.76241],[73.28515,40.7615]]},"properties":{"@id":"way/236930013","highway":"primary","name:ru":"Бишкек-Ош","name:en":"Bishkek-Osh","ref":"ЭМ-04"}},{"type":"Feature","geometry":{"type":"LineString","coordinates":[[73.21217,40.70482],[73.18039,40.69255]]},"properties":{"@id":"way/236930015","highway":"trunk","name":"Бекмурзаева К. улица","ref":"ЭМ-04"}},{"type":"Feature","geometry":{"type":"LineString","coordinates":[[73.62199,40.51397],[73.62085,40.51418],[73.62019,40.51863],[73.62119,40.51925],[73.62187,40.52528],[73.623,40.52593],[73.62265,40.52937],[73.62354,40.53082],[73.62905,40.53206],[73.63019,40.53523],[73.62825,40.5376],[73.62703,40.54357],[73.62922,40.54733],[73.62931,40.5592],[73.62615,40.5617],[73.62749,40.5633],[73.62728,40.56615],[73.62475,40.56656],[73.62516,40.57223],[73.6267,40.57312],[73.62467,40.58348]]},"properties":{"@id":"way/236930053","highway":"secondary","name":"Ылай-Талаа – Гүлчө","ref":"М-104"}},{"type":"Feature","geometry":{"type":"LineString","coordinates":[[72.3335,40.80989],[72.32996,40.8164],[72.32802,40.82355]]},"properties":{"@id":"way/240384079","highway":"primary","name":"Mustaqillik ko'chasi","name:ru":"Мустакиллик улица","ref":"D109"}},{"type":"Feature","geometry":{"type":"LineString","coordinates":[[74.09908,39.81851],[74.09828,39.81805]]},"properties":{"@id":"way/242144396","highway":"trunk","name":"吉根中桥","ref":"G581"}},{"type":"Feature","geometry":{"type":"LineString","coordinates":[[73.17615,41.02424],[73.17391,41.02159],[73.16529,41.02625],[73.15734,41.02624],[73.15036,41.02096],[73.14745,41.02139],[73.14706,41.02291],[73.14425,41.01983],[73.1351,41.01893],[73.12957,41.02001],[73.12316,41.01827],[73.11949,41.01915],[73.11246,41.02591]]},"properties":{"@id":"way/242677305","highway":"secondary"}},{"type":"Feature","geometry":{"type":"LineString","coordinates":[[72.33971,40.75833],[72.34662,40.76204]]},"properties":{"@id":"way/244291614","highway":"secondary","name":"Sanoat ko'chasi","name:ru":"Саноат улица","name:en":"Sanoat street"}},{"type":"Feature","geometry":{"type":"LineString","coordinates":[[72.33745,40.75933],[72.33971,40.75833]]},"properties":{"@id":"way/244291615","highway":"secondary"}},{"type":"Feature","geometry":{"type":"LineString","coordinates":[[73.00266,40.79058],[73.0032,40.79013]]},"properties":{"@id":"way/244344297","highway":"primary","ref":"M41"}},{"type":"Feature","geometry":{"type":"LineString","coordinates":[[73.00357,40.78952],[73.00384,40.78992]]},"properties":{"@id":"way/244344298","highway":"primary","ref":"M41"}},{"type":"Feature","geometry":{"type":"LineString","coordinates":[[72.31209,40.74086],[72.31225,40.74128]]},"properties":{"@id":"way/244585483","highway":"trunk","ref":"D105j"}},{"type":"Feature","geometry":{"type":"LineString","coordinates":[[72.92897,40.91572],[72.93452,40.91412],[72.93832,40.91112]]},"properties":{"@id":"way/251432906","highway":"trunk","name:ru":"Бишкек-Ош","name:en":"Bishkek-Osh","ref":"ЭМ-04;М-120"}},{"type":"Feature","geometry":{"type":"LineString","coordinates":[[72.93869,40.91087],[72.93869,40.91087]]},"properties":{"@id":"way/251432907","highway":"trunk","name:ru":"Бишкек-Ош","name:en":"Bishkek-Osh","ref":"ЭМ-04"}},{"type":"Feature","geometry":{"type":"LineString","coordinates":[[72.93832,40.91112],[72.93855,40.91073]]},"properties":{"@id":"way/251432908","highway":"trunk","name:ru":"Ош","name:en":"Osh","ref":"ЭМ-04;М-120"}},{"type":"Feature","geometry":{"type":"LineString","coordinates":[[72.93877,40.91089],[72.93832,40.91112]]},"properties":{"@id":"way/251432909","highway":"trunk","name:ru":"Бишкек","name:en":"Bishkek","ref":"ЭМ-04;М-120"}},{"type":"Feature","geometry":{"type":"LineString","coordinates":[[72.93919,40.91034],[72.93903,40.91064]]},"properties":{"@id":"way/251432910","highway":"trunk","name:ru":"Бишкек","name:en":"Bishkek","ref":"ЭМ-04"}},{"type":"Feature","geometry":{"type":"LineString","coordinates":[[72.93878,40.91051],[72.93919,40.91034]]},"properties":{"@id":"way/251432911","highway":"trunk","name:ru":"Ош","name:en":"Osh","ref":"ЭМ-04"}},{"type":"Feature","geometry":{"type":"LineString","coordinates":[[72.93803,40.91055],[72.9387,40.91053]]},"properties":{"@id":"way/251432912","highway":"secondary","name":"Тиллабай ажы көчөсү"}},{"type":"Feature","geometry":{"type":"LineString","coordinates":[[72.93854,40.91071],[72.93803,40.91055]]},"properties":{"@id":"way/251432913","highway":"secondary","name":"Тиллабай ажы көчөсү"}},{"type":"Feature","geometry":{"type":"LineString","coordinates":[[72.94201,40.91323],[72.93883,40.91089]]},"properties":{"@id":"way/251432914","highway":"trunk","name":"Курманбек Баатыр көчөсү"}},{"type":"Feature","geometry":{"type":"LineString","coordinates":[[72.93904,40.9107],[72.94201,40.91323]]},"properties":{"@id":"way/251432915","highway":"trunk","name":"Курманбек Баатыр көчөсү"}},{"type":"Feature","geometry":{"type":"LineString","coordinates":[[72.90576,40.92269],[72.91486,40.92009]]},"properties":{"@id":"way/251433272","highway":"trunk","name:ru":"Бишкек-Ош","name:en":"Bishkek-Osh","ref":"ЭМ-04;М-120"}},{"type":"Feature","geometry":{"type":"LineString","coordinates":[[72.91582,40.92042],[72.92028,40.93551]]},"properties":{"@id":"way/251433273","highway":"secondary","ref":"М-116"}},{"type":"Feature","geometry":{"type":"LineString","coordinates":[[72.91557,40.92009],[72.91572,40.91966]]},"properties":{"@id":"way/251433274","highway":"trunk","name:ru":"Бишкек-Ош","name:en":"Bishkek-Osh","ref":"ЭМ-04;М-120"}},{"type":"Feature","geometry":{"type":"LineString","coordinates":[[72.91486,40.92009],[72.91538,40.91978]]},"properties":{"@id":"way/251433275","highway":"trunk","name:ru":"Ош","name:en":"Osh","ref":"ЭМ-04;М-120"}},{"type":"Feature","geometry":{"type":"LineString","coordinates":[[72.91554,40.92008],[72.91486,40.92009]]},"properties":{"@id":"way/251433276","highway":"trunk","name:ru":"Бишкек","name:en":"Bishkek","ref":"ЭМ-04;М-120"}},{"type":"Feature","geometry":{"type":"LineString","coordinates":[[72.91632,40.91969],[72.91592,40.91995]]},"properties":{"@id":"way/251433277","highway":"trunk","name:ru":"Бишкек","name:en":"Bishkek","ref":"ЭМ-04;М-120"}},{"type":"Feature","geometry":{"type":"LineString","coordinates":[[72.91572,40.91966],[72.91632,40.91969]]},"properties":{"@id":"way/251433278","highway":"trunk","name:ru":"Ош","name:en":"Osh","ref":"ЭМ-04;М-120"}},{"type":"Feature","geometry":{"type":"LineString","coordinates":[[72.91582,40.92042],[72.91557,40.92009]]},"properties":{"@id":"way/251433281","highway":"secondary","ref":"М-116"}},{"type":"Feature","geometry":{"type":"LineString","coordinates":[[72.91588,40.92001],[72.91582,40.92042]]},"properties":{"@id":"way/251433282","highway":"secondary","ref":"М-116"}},{"type":"Feature","geometry":{"type":"LineString","coordinates":[[72.82138,40.50484],[72.82312,40.49949],[72.82634,40.49487]]},"properties":{"@id":"way/251491574","highway":"secondary","name":"Насирдина Исанова улица","name:ru":"Насирдина Исанова улица","name:en":"Isanova street","ref":"М-094"}},{"type":"Feature","geometry":{"type":"LineString","coordinates":[[72.97366,40.93297],[72.9726,40.93605],[72.96851,40.93753]]},"properties":{"@id":"way/251497731","highway":"secondary","name":"Абдукаимов көчөсү"}},{"type":"Feature","geometry":{"type":"LineString","coordinates":[[72.96851,40.93753],[72.97253,40.9359],[72.97341,40.93301]]},"properties":{"@id":"way/251497732","highway":"secondary","name":"Абдукаимов көчөсү"}},{"type":"Feature","geometry":{"type":"LineString","coordinates":[[72.96851,40.93753],[72.96758,40.93786]]},"properties":{"@id":"way/251497734","highway":"secondary","name":"Абдукаимов көчөсү"}},{"type":"Feature","geometry":{"type":"LineString","coordinates":[[72.97357,40.93254],[72.97439,40.93234]]},"properties":{"@id":"way/251498580","highway":"secondary"}},{"type":"Feature","geometry":{"type":"LineString","coordinates":[[72.97271,40.93278],[72.96624,40.93201],[72.96047,40.93312]]},"properties":{"@id":"way/251498584","highway":"secondary","name":"Манас көчөсү","name:ru":"Улица Манаса"}},{"type":"Feature","geometry":{"type":"LineString","coordinates":[[72.97327,40.93295],[72.97271,40.93278]]},"properties":{"@id":"way/251498585","highway":"secondary"}},{"type":"Feature","geometry":{"type":"LineString","coordinates":[[72.97271,40.93278],[72.97318,40.9327]]},"properties":{"@id":"way/251498586","highway":"secondary"}},{"type":"Feature","geometry":{"type":"LineString","coordinates":[[72.96356,40.93755],[72.96971,40.94698]]},"properties":{"@id":"way/251500964","highway":"secondary","name":"Манас проспект"}},{"type":"Feature","geometry":{"type":"LineString","coordinates":[[72.99681,40.9552],[73.00372,40.95066]]},"properties":{"@id":"way/251580992","highway":"trunk","name":"Пушкина улица"}},{"type":"Feature","geometry":{"type":"LineString","coordinates":[[72.99056,40.96271],[72.99013,40.96292]]},"properties":{"@id":"way/251580993","highway":"trunk"}},{"type":"Feature","geometry":{"type":"LineString","coordinates":[[72.99031,40.96341],[72.99005,40.96289]]},"properties":{"@id":"way/251580994","highway":"secondary"}},{"type":"Feature","geometry":{"type":"LineString","coordinates":[[72.99049,40.96285],[72.99031,40.96341]]},"properties":{"@id":"way/251580995","highway":"secondary"}},{"type":"Feature","geometry":{"type":"LineString","coordinates":[[72.99056,40.96271],[72.9908,40.96336]]},"properties":{"@id":"way/251580996","highway":"trunk","name":"Казарман"}},{"type":"Feature","geometry":{"type":"LineString","coordinates":[[72.9908,40.96336],[72.99013,40.96292]]},"properties":{"@id":"way/251580997","highway":"trunk","ref":"ЭМ-12"}},{"type":"Feature","geometry":{"type":"LineString","coordinates":[[72.9902,40.96187],[72.99049,40.96256]]},"properties":{"@id":"way/251580998","highway":"trunk"}},{"type":"Feature","geometry":{"type":"LineString","coordinates":[[72.99003,40.96255],[72.9902,40.96187]]},"properties":{"@id":"way/251580999","highway":"trunk"}},{"type":"Feature","geometry":{"type":"LineString","coordinates":[[72.98955,40.96212],[72.99031,40.96248]]},"properties":{"@id":"way/251581000","highway":"secondary"}},{"type":"Feature","geometry":{"type":"LineString","coordinates":[[72.98994,40.96268],[72.98955,40.96212]]},"properties":{"@id":"way/251581001","highway":"secondary"}},{"type":"Feature","geometry":{"type":"LineString","coordinates":[[72.97439,40.93234],[72.9738,40.93278]]},"properties":{"@id":"way/252074230","highway":"secondary","name":"Түмөнбай Байзаков көчөсү (Москва)"}},{"type":"Feature","geometry":{"type":"LineString","coordinates":[[72.97667,40.92638],[72.97667,40.92638]]},"properties":{"@id":"way/252078805","highway":"trunk"}},{"type":"Feature","geometry":{"type":"LineString","coordinates":[[72.41276,40.58781],[72.39322,40.5967],[72.39279,40.59797]]},"properties":{"@id":"way/252427458","highway":"secondary"}},{"type":"Feature","geometry":{"type":"LineString","coordinates":[[72.39477,40.59858],[72.39279,40.59797]]},"properties":{"@id":"way/252712220","highway":"secondary"}},{"type":"Feature","geometry":{"type":"LineString","coordinates":[[72.84499,40.4724],[72.84731,40.46912]]},"properties":{"@id":"way/253534569","highway":"secondary","name":"Кулматова К. улица","ref":"М-094"}},{"type":"Feature","geometry":{"type":"LineString","coordinates":[[72.84465,40.47244],[72.84486,40.47241]]},"properties":{"@id":"way/253534570","highway":"secondary","ref":"М-094"}},{"type":"Feature","geometry":{"type":"LineString","coordinates":[[72.84486,40.47241],[72.84499,40.4724]]},"properties":{"@id":"way/253534571","highway":"secondary","ref":"М-094"}},{"type":"Feature","geometry":{"type":"LineString","coordinates":[[72.75003,40.51902],[72.75435,40.52035]]},"properties":{"@id":"way/256407396","highway":"primary","name":"Ош-Араванский тракт","ref":"М-090"}},{"type":"Feature","geometry":{"type":"LineString","coordinates":[[72.30294,40.80294],[72.30223,40.80202]]},"properties":{"@id":"way/261218231","highway":"trunk","name":"Andijon halqa yo‘li","name:ru":"Андижанская кольцевая дорога","name:en":"Andijan Ring Road","ref":"D132"}},{"type":"Feature","geometry":{"type":"LineString","coordinates":[[72.81352,40.50517],[72.81465,40.50564]]},"properties":{"@id":"way/263626879","highway":"secondary","name":"Суйумбаева улица","name:en":"Suyumbaev street"}},{"type":"Feature","geometry":{"type":"LineString","coordinates":[[72.80945,40.50344],[72.81352,40.50517]]},"properties":{"@id":"way/263626881","highway":"secondary","name":"Суйумбаева улица","name:en":"Suyumbaev street"}},{"type":"Feature","geometry":{"type":"LineString","coordinates":[[72.80077,40.54909],[72.80415,40.56277]]},"properties":{"@id":"way/263829044","highway":"primary","name":"Исхака Разакова улица","name:ky":"Исхак Раззаков көчөсү","name:ru":"Исхака Раззакова улица","name:en":"Razzakov street","ref":"М-091"}},{"type":"Feature","geometry":{"type":"LineString","coordinates":[[74.07371,40.43462],[74.06497,40.43851]]},"properties":{"@id":"way/275189085","highway":"secondary","ref":"ЭМ-19"}},{"type":"Feature","geometry":{"type":"LineString","coordinates":[[72.99986,40.77942],[72.96953,40.78871],[72.95522,40.79506],[72.95219,40.79817],[72.94863,40.79935]]},"properties":{"@id":"way/275520732","highway":"secondary","name:ky":"фыва","ref":"D143"}},{"type":"Feature","geometry":{"type":"LineString","coordinates":[[74.05591,40.46307],[74.05603,40.46342]]},"properties":{"@id":"way/279771718","highway":"secondary","ref":"ЭМ-19"}},{"type":"Feature","geometry":{"type":"LineString","coordinates":[[74.0553,40.46265],[74.05591,40.46307]]},"properties":{"@id":"way/279771719","highway":"secondary","ref":"ЭМ-19"}},{"type":"Feature","geometry":{"type":"LineString","coordinates":[[74.06476,40.4386],[74.06446,40.44471],[74.0572,40.4506],[74.05397,40.45845],[74.05427,40.46113]]},"properties":{"@id":"way/280444311","highway":"secondary","ref":"ЭМ-19"}},{"type":"Feature","geometry":{"type":"LineString","coordinates":[[74.06497,40.43851],[74.06476,40.4386]]},"properties":{"@id":"way/280444312","highway":"secondary","ref":"ЭМ-19"}},{"type":"Feature","geometry":{"type":"LineString","coordinates":[[74.12623,40.41062],[74.12537,40.41077]]},"properties":{"@id":"way/280444313","highway":"secondary","ref":"ЭМ-19"}},{"type":"Feature","geometry":{"type":"LineString","coordinates":[[74.11633,40.41848],[74.10878,40.42349],[74.1035,40.43029],[74.10016,40.43249],[74.09408,40.43378]]},"properties":{"@id":"way/280444314","highway":"secondary","name":"Кыштак улица","ref":"ЭМ-19"}},{"type":"Feature","geometry":{"type":"LineString","coordinates":[[73.8925,40.55847],[73.89608,40.5588],[73.90002,40.56284],[73.89901,40.56023],[73.90019,40.55727],[73.90245,40.55637]]},"properties":{"@id":"way/280445318","highway":"secondary","ref":"ЭМ-19"}},{"type":"Feature","geometry":{"type":"LineString","coordinates":[[73.89227,40.55825],[73.8925,40.55847]]},"properties":{"@id":"way/280445319","highway":"secondary","ref":"ЭМ-19"}},{"type":"Feature","geometry":{"type":"LineString","coordinates":[[73.49384,40.02027],[73.49353,40.02079]]},"properties":{"@id":"way/280447896","highway":"trunk","name":"Памирский тракт","ref":"ЭМ-05"}},{"type":"Feature","geometry":{"type":"LineString","coordinates":[[73.49353,40.02079],[73.49312,40.02246],[73.4949,40.02607],[73.52539,40.03342],[73.54066,40.04701],[73.54309,40.05399]]},"properties":{"@id":"way/280447897","highway":"trunk","name":"Памирский тракт","name:ru":"Памирский тракт","name:en":"Pamir Highway","ref":"ЭМ-05"}},{"type":"Feature","geometry":{"type":"LineString","coordinates":[[73.44873,39.92845],[73.44907,39.92844]]},"properties":{"@id":"way/280448193","highway":"trunk","name":"Памирский тракт","ref":"ЭМ-05"}},{"type":"Feature","geometry":{"type":"LineString","coordinates":[[73.44907,39.92844],[73.45769,39.93198],[73.4633,39.93685]]},"properties":{"@id":"way/280448194","highway":"trunk","name":"Памирский тракт","name:ru":"Памирский тракт","name:en":"Pamir Highway","ref":"ЭМ-05"}},{"type":"Feature","geometry":{"type":"LineString","coordinates":[[74.16617,40.33542],[74.16568,40.33423],[74.16686,40.33327],[74.17663,40.33211],[74.17974,40.32855],[74.18671,40.3261],[74.19479,40.31919],[74.20173,40.31723],[74.20923,40.30895],[74.21215,40.31118],[74.22046,40.31201],[74.22719,40.3146],[74.23246,40.31258],[74.23677,40.31481]]},"properties":{"@id":"way/280448740","highway":"secondary","ref":"ЭМ-19"}},{"type":"Feature","geometry":{"type":"LineString","coordinates":[[74.16622,40.33565],[74.16617,40.33542]]},"properties":{"@id":"way/280448741","highway":"secondary","ref":"ЭМ-19"}},{"type":"Feature","geometry":{"type":"LineString","coordinates":[[73.03627,40.61578],[73.03626,40.61571]]},"properties":{"@id":"way/280449759","highway":"secondary"}},{"type":"Feature","geometry":{"type":"LineString","coordinates":[[73.03372,40.60494],[73.03027,40.59264],[73.03026,40.573],[73.03274,40.56927],[73.03416,40.56334],[73.04085,40.55512],[73.04595,40.55122],[73.0461,40.54411],[73.04478,40.54174]]},"properties":{"@id":"way/280449760","highway":"secondary"}},{"type":"Feature","geometry":{"type":"LineString","coordinates":[[72.61775,40.26584],[72.61715,40.26579]]},"properties":{"@id":"way/281907570","highway":"trunk","ref":"ЭМ-16"}},{"type":"Feature","geometry":{"type":"LineString","coordinates":[[72.75561,40.57596],[72.75934,40.57306]]},"properties":{"@id":"way/289321011","highway":"trunk","ref":"A373"}},{"type":"Feature","geometry":{"type":"LineString","coordinates":[[72.762,40.57093],[72.76173,40.57117]]},"properties":{"@id":"way/289321031","highway":"trunk","name":"Кулигов көчөсү","name:ky":"Кулигов көчөсү","name:ru":"Улица Кулигова","ref":"ЭМ-15"}},{"type":"Feature","geometry":{"type":"LineString","coordinates":[[72.76127,40.57174],[72.76006,40.57263]]},"properties":{"@id":"way/289321033","highway":"trunk","name":"Кулигов көчөсү","name:ky":"Кулигов көчөсү","name:ru":"Улица Кулигова","ref":"ЭМ-15"}},{"type":"Feature","geometry":{"type":"LineString","coordinates":[[72.76864,40.56309],[72.76256,40.57031]]},"properties":{"@id":"way/289321034","highway":"trunk","name":"Кулигов көчөсү","name:ky":"Кулигов көчөсү","name:ru":"Улица Кулигова","ref":"ЭМ-15"}},{"type":"Feature","geometry":{"type":"LineString","coordinates":[[73.83172,40.53377],[73.84126,40.53364],[73.84441,40.53535],[73.84936,40.53568],[73.85386,40.53537],[73.85405,40.53435],[73.85931,40.53575],[73.86102,40.53704],[73.86038,40.54059],[73.86198,40.53926],[73.86579,40.54091],[73.8697,40.54486],[73.87391,40.54388],[73.8822,40.55318],[73.88614,40.55351]]},"properties":{"@id":"way/293770469","highway":"secondary","ref":"ЭМ-19"}},{"type":"Feature","geometry":{"type":"LineString","coordinates":[[73.76035,40.5442],[73.76123,40.54424]]},"properties":{"@id":"way/293770470","highway":"secondary","ref":"ЭМ-19"}},{"type":"Feature","geometry":{"type":"LineString","coordinates":[[72.43311,40.97786],[72.45775,40.97509],[72.48868,40.96568],[72.49288,40.96256],[72.49846,40.94773],[72.50346,40.93948]]},"properties":{"@id":"way/309061583","highway":"secondary","ref":"D135"}},{"type":"Feature","geometry":{"type":"LineString","coordinates":[[73.45247,40.30589],[73.45108,40.30599]]},"properties":{"@id":"way/310537695","highway":"trunk","name":"Памирский тракт","ref":"ЭМ-05"}},{"type":"Feature","geometry":{"type":"LineString","coordinates":[[73.41665,40.25684],[73.40921,40.2549],[73.40718,40.25324],[73.40061,40.25277],[73.39364,40.25415],[73.38807,40.25298],[73.37856,40.2467],[73.371,40.24719],[73.36059,40.24328],[73.35502,40.24365],[73.35082,40.24237],[73.33845,40.24738],[73.33174,40.2469],[73.32906,40.24489],[73.32897,40.24681],[73.33322,40.24877],[73.33266,40.25197],[73.33118,40.25249],[73.33033,40.24985],[73.32603,40.2494],[73.32342,40.24485],[73.32075,40.24456],[73.31784,40.24654],[73.31535,40.25223],[73.30579,40.2566],[73.30279,40.26088],[73.29209,40.25999],[73.2876,40.26126],[73.27742,40.2738],[73.2691,40.28779],[73.25868,40.29604],[73.24197,40.30316],[73.22785,40.31251],[73.21664,40.31761],[73.20872,40.32338],[73.20159,40.33078],[73.1754,40.34372]]},"properties":{"@id":"way/310537696","highway":"trunk","name":"Памирский тракт","ref":"ЭМ-05"}},{"type":"Feature","geometry":{"type":"LineString","coordinates":[[73.48434,40.23983],[73.48944,40.25597]]},"properties":{"@id":"way/310537697","highway":"trunk","name":"Памирский тракт","name:ru":"Памирский тракт","name:en":"Pamir Highway","ref":"ЭМ-05"}},{"type":"Feature","geometry":{"type":"LineString","coordinates":[[73.52601,40.12827],[73.52541,40.12848]]},"properties":{"@id":"way/310537698","highway":"trunk","name":"Памирский тракт","ref":"ЭМ-05"}},{"type":"Feature","geometry":{"type":"LineString","coordinates":[[73.49444,40.17736],[73.49427,40.17773]]},"properties":{"@id":"way/310537699","highway":"trunk","name":"Памирский тракт","ref":"ЭМ-05"}},{"type":"Feature","geometry":{"type":"LineString","coordinates":[[73.48429,40.23936],[73.48434,40.23983]]},"properties":{"@id":"way/310537700","highway":"trunk","name":"Памирский тракт","ref":"ЭМ-05"}},{"type":"Feature","geometry":{"type":"LineString","coordinates":[[73.48944,40.25597],[73.48973,40.25682]]},"properties":{"@id":"way/310537701","highway":"trunk","name":"Памирский тракт","ref":"ЭМ-05"}},{"type":"Feature","geometry":{"type":"LineString","coordinates":[[73.52276,40.12921],[73.52247,40.12938]]},"properties":{"@id":"way/310537702","highway":"trunk","name:en":"Pamir Highway","ref":"ЭМ-05"}},{"type":"Feature","geometry":{"type":"LineString","coordinates":[[73.48741,40.26285],[73.48394,40.27561],[73.47991,40.27987],[73.47283,40.29701],[73.46645,40.30274],[73.4581,40.30526]]},"properties":{"@id":"way/310537703","highway":"trunk","name":"Памирский тракт","name:ru":"Памирский тракт","name:en":"Pamir Highway","ref":"ЭМ-05"}},{"type":"Feature","geometry":{"type":"LineString","coordinates":[[73.52541,40.12848],[73.52276,40.12921]]},"properties":{"@id":"way/310537704","highway":"trunk","name":"Памирский тракт","name:ru":"Памирский тракт","name:en":"Pamir Highway","ref":"ЭМ-05"}},{"type":"Feature","geometry":{"type":"LineString","coordinates":[[73.51074,40.14642],[73.51045,40.15254],[73.51435,40.15966],[73.51182,40.16237],[73.51041,40.17091],[73.50724,40.1735],[73.49444,40.17736]]},"properties":{"@id":"way/310537705","highway":"trunk","name":"Памирский тракт","name:ru":"Памирский тракт","name:en":"Pamir Highway","ref":"ЭМ-05"}},{"type":"Feature","geometry":{"type":"LineString","coordinates":[[73.48675,40.18308],[73.48506,40.18436],[73.48358,40.19092],[73.48024,40.19727],[73.48104,40.20377],[73.47804,40.20709],[73.47932,40.21085],[73.47654,40.21316],[73.47706,40.21569],[73.47219,40.22395],[73.47136,40.22895],[73.47222,40.23194],[73.48301,40.23569],[73.48429,40.23936]]},"properties":{"@id":"way/310537706","highway":"trunk","name":"Памирский тракт","name:ru":"Памирский тракт","name:en":"Pamir Highway","ref":"ЭМ-05"}},{"type":"Feature","geometry":{"type":"LineString","coordinates":[[72.7849,40.56797],[72.78476,40.5682]]},"properties":{"@id":"way/313048943","highway":"primary","ref":"М-093"}},{"type":"Feature","geometry":{"type":"LineString","coordinates":[[72.78476,40.5682],[72.78465,40.56797]]},"properties":{"@id":"way/313048944","highway":"primary","ref":"М-093"}},{"type":"Feature","geometry":{"type":"LineString","coordinates":[[72.78543,40.56776],[72.78506,40.56786]]},"properties":{"@id":"way/313049017","highway":"trunk","ref":"M-002"}},{"type":"Feature","geometry":{"type":"LineString","coordinates":[[72.78509,40.56769],[72.78543,40.56776]]},"properties":{"@id":"way/313049018","highway":"trunk","ref":"M-002"}},{"type":"Feature","geometry":{"type":"LineString","coordinates":[[72.78448,40.56782],[72.78415,40.56775]]},"properties":{"@id":"way/313049021","highway":"trunk","ref":"M-002"}},{"type":"Feature","geometry":{"type":"LineString","coordinates":[[72.78415,40.56775],[72.78448,40.56767]]},"properties":{"@id":"way/313049022","highway":"trunk","ref":"M-002"}},{"type":"Feature","geometry":{"type":"LineString","coordinates":[[72.76154,40.52325],[72.7689,40.5256]]},"properties":{"@id":"way/313049425","highway":"primary","name":"Гапара Айтиева улица","ref":"М-090"}},{"type":"Feature","geometry":{"type":"LineString","coordinates":[[72.76066,40.52334],[72.74853,40.54661],[72.74972,40.54913],[72.75845,40.55508]]},"properties":{"@id":"way/313049426","highway":"trunk","name:en":"B. Osmonov street","ref":"M-002"}},{"type":"Feature","geometry":{"type":"LineString","coordinates":[[72.76073,40.52289],[72.76073,40.52289]]},"properties":{"@id":"way/313050145","highway":"trunk","ref":"ЭМ-16"}},{"type":"Feature","geometry":{"type":"LineString","coordinates":[[72.76094,40.52312],[72.76066,40.52334]]},"properties":{"@id":"way/313050146","highway":"trunk","ref":"M-002"}},{"type":"Feature","geometry":{"type":"LineString","coordinates":[[72.76066,40.52334],[72.76075,40.52305]]},"properties":{"@id":"way/313050147","highway":"trunk","ref":"M-002"}},{"type":"Feature","geometry":{"type":"LineString","coordinates":[[72.76154,40.52325],[72.76103,40.5231]]},"properties":{"@id":"way/313050148","highway":"primary","ref":"М-090"}},{"type":"Feature","geometry":{"type":"LineString","coordinates":[[72.76114,40.52298],[72.76154,40.52325]]},"properties":{"@id":"way/313050149","highway":"primary","ref":"М-090"}},{"type":"Feature","geometry":{"type":"LineString","coordinates":[[72.7613,40.52245],[72.76112,40.52289]]},"properties":{"@id":"way/313050150","highway":"trunk","ref":"M-002"}},{"type":"Feature","geometry":{"type":"LineString","coordinates":[[72.76092,40.5228],[72.7613,40.52245]]},"properties":{"@id":"way/313050151","highway":"trunk","ref":"M-002"}},{"type":"Feature","geometry":{"type":"LineString","coordinates":[[72.76072,40.52295],[72.76047,40.52276]]},"properties":{"@id":"way/313050152","highway":"primary","ref":"М-090"}},{"type":"Feature","geometry":{"type":"LineString","coordinates":[[72.76047,40.52276],[72.76084,40.52281]]},"properties":{"@id":"way/313050153","highway":"primary","ref":"М-090"}},{"type":"Feature","geometry":{"type":"LineString","coordinates":[[73.01075,40.99611],[73.00682,40.98599]]},"properties":{"@id":"way/313052502","highway":"trunk","name":"Каримбекова Арзы улица","ref":"ЭМ-12"}},{"type":"Feature","geometry":{"type":"LineString","coordinates":[[73.02563,41.00296],[73.02522,41.00278]]},"properties":{"@id":"way/313052503","highway":"trunk","ref":"ЭМ-12"}},{"type":"Feature","geometry":{"type":"LineString","coordinates":[[73.0272,41.00367],[73.02705,41.0036]]},"properties":{"@id":"way/313052522","highway":"trunk","ref":"ЭМ-12"}},{"type":"Feature","geometry":{"type":"LineString","coordinates":[[73.02705,41.0036],[73.02563,41.00296]]},"properties":{"@id":"way/313052523","highway":"trunk","ref":"ЭМ-12"}},{"type":"Feature","geometry":{"type":"LineString","coordinates":[[72.93271,40.94254],[72.93261,40.94248]]},"properties":{"@id":"way/317355580","highway":"secondary"}},{"type":"Feature","geometry":{"type":"LineString","coordinates":[[72.93261,40.94248],[72.92898,40.93812],[72.92028,40.93551]]},"properties":{"@id":"way/317355581","highway":"secondary","ref":"М-116"}},{"type":"Feature","geometry":{"type":"LineString","coordinates":[[72.30784,40.74427],[72.28819,40.75498]]},"properties":{"@id":"way/318388780","highway":"trunk","name":"Andijon halqa yo‘li","name:ru":"Андижанская кольцевая дорога","name:en":"Andijan Ring Road","ref":"A373;D105"}},{"type":"Feature","geometry":{"type":"LineString","coordinates":[[72.80225,40.54318],[72.80077,40.54909]]},"properties":{"@id":"way/323950617","highway":"primary","name":"Абсамата Масалиева проспект","name:ru":"Абсамата Масалиева проспект","name:en":"Absamat Masaliev avenue","ref":"М-091"}},{"type":"Feature","geometry":{"type":"LineString","coordinates":[[72.31488,40.74033],[72.31465,40.74065]]},"properties":{"@id":"way/330062611","highway":"trunk","name":"Andijon halqa yo‘li","name:ru":"Андижанская кольцевая дорога","name:en":"Andijan Ring Road","ref":"A373"}},{"type":"Feature","geometry":{"type":"LineString","coordinates":[[72.31332,40.74106],[72.3139,40.74059]]},"properties":{"@id":"way/330062612","highway":"trunk","name":"Andijon halqa yo‘li","name:ru":"Андижанская кольцевая дорога","name:en":"Andijan Ring Road","ref":"A373;D105"}},{"type":"Feature","geometry":{"type":"LineString","coordinates":[[72.32282,40.73583],[72.32539,40.73402]]},"properties":{"@id":"way/330062613","highway":"trunk","name":"Andijon halqa yo‘li","name:ru":"Андижанская кольцевая дорога","name:en":"Andijan Ring Road","ref":"A373"}},{"type":"Feature","geometry":{"type":"LineString","coordinates":[[72.43823,40.72388],[72.43758,40.72362]]},"properties":{"@id":"way/330062614","highway":"trunk","name":"Andijon halqa yo‘li","name:ru":"Андижанская кольцевая дорога","name:en":"Andijan Ring Road","ref":"D132"}},{"type":"Feature","geometry":{"type":"LineString","coordinates":[[72.43667,40.72287],[72.43727,40.72305]]},"properties":{"@id":"way/330062615","highway":"trunk","name":"Andijon halqa yo‘li","name:ru":"Андижанская кольцевая дорога","name:en":"Andijan Ring Road","ref":"A373"}},{"type":"Feature","geometry":{"type":"LineString","coordinates":[[72.43872,40.72278],[72.43777,40.72332]]},"properties":{"@id":"way/330062617","highway":"trunk"}},{"type":"Feature","geometry":{"type":"LineString","coordinates":[[72.43634,40.72389],[72.43695,40.72332]]},"properties":{"@id":"way/330062618","highway":"primary","ref":"D017e"}},{"type":"Feature","geometry":{"type":"LineString","coordinates":[[72.36281,40.76862],[72.35103,40.78336]]},"properties":{"@id":"way/337551505","highway":"primary","name":"Alisher Navoiy shoh ko'chasi","name:ru":"проспект Алишера Навои","ref":"D109"}},{"type":"Feature","geometry":{"type":"LineString","coordinates":[[72.43033,40.99243],[72.43008,40.9926]]},"properties":{"@id":"way/337769859","highway":"secondary","ref":"D135"}},{"type":"Feature","geometry":{"type":"LineString","coordinates":[[72.32518,40.96184],[72.32528,40.96214]]},"properties":{"@id":"way/337769860","highway":"primary","ref":"D133"}},{"type":"Feature","geometry":{"type":"LineString","coordinates":[[72.43008,40.9926],[72.38688,41.02685]]},"properties":{"@id":"way/337769862","highway":"secondary","ref":"D135"}},{"type":"Feature","geometry":{"type":"LineString","coordinates":[[72.32528,40.96214],[72.33696,40.99639],[72.33986,41.01509]]},"properties":{"@id":"way/337769864","highway":"primary","ref":"D133"}},{"type":"Feature","geometry":{"type":"LineString","coordinates":[[72.79518,40.53625],[72.79284,40.53569]]},"properties":{"@id":"way/338349448","highway":"primary","name":"Алишер Навои","name:ru":"Навои А. улица","name:en":"A. Navoi street"}},{"type":"Feature","geometry":{"type":"LineString","coordinates":[[72.37595,40.73309],[72.36807,40.74192]]},"properties":{"@id":"way/343902029","highway":"secondary","name":"Mashrab Qalandarov ko'chasi","name:ru":"Машраб Каландаров улица"}},{"type":"Feature","geometry":{"type":"LineString","coordinates":[[74.55522,39.8317],[74.55593,39.83305]]},"properties":{"@id":"way/345688708","highway":"trunk","name":"喀什 - 伊尔克什坦","ref":"G581"}},{"type":"Feature","geometry":{"type":"LineString","coordinates":[[74.58339,39.83921],[74.5625,39.83743],[74.55593,39.83305]]},"properties":{"@id":"way/345690204","highway":"trunk","name":"喀什 - 伊尔克什坦","ref":"G581"}},{"type":"Feature","geometry":{"type":"LineString","coordinates":[[74.58416,39.8392],[74.58339,39.83921]]},"properties":{"@id":"way/345690206","highway":"trunk","name":"喀什 - 伊尔克什坦","ref":"G581"}},{"type":"Feature","geometry":{"type":"LineString","coordinates":[[75.02898,40.65078],[75.02899,40.65067]]},"properties":{"@id":"way/347095861","highway":"trunk","name":"Нарын - Торугарт/Кытайдың чек арасы","name:ky":"Нарын - Торугарт/Кытайдың чек арасы","name:ru":"Нарын – Торугарт/граница с Китаем","ref":"ЭМ-11"}},{"type":"Feature","geometry":{"type":"LineString","coordinates":[[75.02899,40.65067],[75.02996,40.64223],[75.05459,40.60629],[75.07118,40.5907],[75.08225,40.56953],[75.09362,40.56405],[75.13029,40.5606]]},"properties":{"@id":"way/347095862","highway":"trunk","name":"Нарын - Торугарт/Кытайдың чек арасы","name:ky":"Нарын - Торугарт/Кытайдың чек арасы","name:ru":"Нарын – Торугарт/граница с Китаем","ref":"ЭМ-11"}},{"type":"Feature","geometry":{"type":"LineString","coordinates":[[75.05,40.71851],[75.02119,40.68963],[75.02204,40.66911],[75.02898,40.65078]]},"properties":{"@id":"way/347098460","highway":"trunk","name":"Нарын - Торугарт/Кытайдың чек арасы","name:ky":"Нарын - Торугарт/Кытайдың чек арасы","name:ru":"Нарын – Торугарт/граница с Китаем","ref":"ЭМ-11"}},{"type":"Feature","geometry":{"type":"LineString","coordinates":[[75.05011,40.71862],[75.05,40.71851]]},"properties":{"@id":"way/347098461","highway":"trunk","name":"Нарын - Торугарт/Кытайдың чек арасы","name:ky":"Нарын - Торугарт/Кытайдың чек арасы","name:ru":"Нарын – Торугарт/граница с Китаем","ref":"ЭМ-11"}},{"type":"Feature","geometry":{"type":"LineString","coordinates":[[72.31075,41.04929],[72.31107,41.05063],[72.32185,41.05556]]},"properties":{"@id":"way/348843608","highway":"trunk","name:ru":"Бишкек-Ош","name:en":"Bishkek-Osh","ref":"ЭМ-04"}},{"type":"Feature","geometry":{"type":"LineString","coordinates":[[72.42797,41.04186],[72.43445,41.04197],[72.44471,41.0384],[72.45297,41.04086],[72.46294,41.03787]]},"properties":{"@id":"way/348844269","highway":"trunk","name:ru":"Бишкек-Ош","name:en":"Bishkek-Osh","ref":"ЭМ-04"}},{"type":"Feature","geometry":{"type":"LineString","coordinates":[[72.52846,41.02901],[72.53503,41.03122],[72.55416,41.03414]]},"properties":{"@id":"way/348844270","highway":"trunk","name":"Бишкек — Ош","name:ru":"Бишкек — Ош","name:en":"Bishkek — Osh","ref":"ЭМ-04"}},{"type":"Feature","geometry":{"type":"LineString","coordinates":[[72.56681,41.03885],[72.579,41.04318]]},"properties":{"@id":"way/348844271","highway":"trunk","name:ru":"Бишкек-Ош","name:en":"Bishkek-Osh","ref":"ЭМ-04"}},{"type":"Feature","geometry":{"type":"LineString","coordinates":[[72.58582,41.04533],[72.59793,41.05183],[72.6154,41.05729]]},"properties":{"@id":"way/348844277","highway":"trunk","name:ru":"Бишкек-Ош","name:en":"Bishkek-Osh","ref":"ЭМ-04"}},{"type":"Feature","geometry":{"type":"LineString","coordinates":[[72.75485,41.05799],[72.76523,41.04842]]},"properties":{"@id":"way/348844308","highway":"trunk","name:ru":"Бишкек-Ош","name:en":"Bishkek-Osh","ref":"ЭМ-04"}},{"type":"Feature","geometry":{"type":"LineString","coordinates":[[72.76523,41.04842],[72.7698,41.04299],[72.78328,41.0196]]},"properties":{"@id":"way/348844309","highway":"trunk","name:ru":"Бишкек-Ош","name:en":"Bishkek-Osh","ref":"ЭМ-04"}},{"type":"Feature","geometry":{"type":"LineString","coordinates":[[72.78328,41.0196],[72.78665,41.01387]]},"properties":{"@id":"way/348844311","highway":"trunk","name:ru":"Бишкек-Ош","name:en":"Bishkek-Osh","ref":"ЭМ-04"}},{"type":"Feature","geometry":{"type":"LineString","coordinates":[[72.78665,41.01387],[72.79114,41.00842],[72.80905,40.99392]]},"properties":{"@id":"way/348844312","highway":"trunk","name:ru":"Бишкек-Ош","name:en":"Bishkek-Osh","ref":"ЭМ-04"}},{"type":"Feature","geometry":{"type":"LineString","coordinates":[[72.81099,40.99158],[72.8134,40.98588]]},"properties":{"@id":"way/348845112","highway":"trunk","name:ru":"Бишкек-Ош","name:en":"Bishkek-Osh","ref":"ЭМ-04"}},{"type":"Feature","geometry":{"type":"LineString","coordinates":[[72.93919,40.91034],[72.94345,40.90657]]},"properties":{"@id":"way/348845113","highway":"trunk","name:ru":"Бишкек-Ош","name:en":"Bishkek-Osh","ref":"ЭМ-04"}},{"type":"Feature","geometry":{"type":"LineString","coordinates":[[72.98283,40.87324],[72.98538,40.86833]]},"properties":{"@id":"way/348845114","highway":"trunk","name:ru":"Бишкек-Ош","name:en":"Bishkek-Osh","ref":"ЭМ-04"}},{"type":"Feature","geometry":{"type":"LineString","coordinates":[[72.99885,40.7766],[72.9987,40.77624]]},"properties":{"@id":"way/348845572","highway":"primary","ref":"M41"}},{"type":"Feature","geometry":{"type":"LineString","coordinates":[[72.9987,40.77624],[72.99914,40.76593]]},"properties":{"@id":"way/348845574","highway":"primary","ref":"M41"}},{"type":"Feature","geometry":{"type":"LineString","coordinates":[[73.00999,40.85946],[73.01979,40.86138],[73.03582,40.86223]]},"properties":{"@id":"way/348877933","highway":"trunk","name:ru":"Бишкек-Ош","name:en":"Bishkek-Osh","ref":"ЭМ-04"}},{"type":"Feature","geometry":{"type":"LineString","coordinates":[[73.03582,40.86223],[73.04008,40.86378]]},"properties":{"@id":"way/348877934","highway":"trunk","name:ru":"Бишкек-Ош","name:en":"Bishkek-Osh","ref":"ЭМ-04"}},{"type":"Feature","geometry":{"type":"LineString","coordinates":[[73.08492,40.85641],[73.0928,40.85171],[73.1015,40.85263],[73.11431,40.85023],[73.11768,40.84513],[73.12262,40.84281],[73.13316,40.8441],[73.14832,40.85123],[73.16744,40.85442],[73.17006,40.85237],[73.17113,40.84716],[73.17675,40.84324],[73.18893,40.82394],[73.20705,40.82531]]},"properties":{"@id":"way/348877935","highway":"trunk","name:ru":"Бишкек-Ош","name:en":"Bishkek-Osh","ref":"ЭМ-04"}},{"type":"Feature","geometry":{"type":"LineString","coordinates":[[73.21378,40.82719],[73.22616,40.83215]]},"properties":{"@id":"way/348877936","highway":"primary","name:ru":"Бишкек-Ош","name:en":"Bishkek-Osh","ref":"ЭМ-04"}},{"type":"Feature","geometry":{"type":"LineString","coordinates":[[73.22616,40.83215],[73.23058,40.83669],[73.23405,40.83761]]},"properties":{"@id":"way/348877937","highway":"primary","name:ru":"Бишкек-Ош","name:en":"Bishkek-Osh","ref":"ЭМ-04"}},{"type":"Feature","geometry":{"type":"LineString","coordinates":[[73.23405,40.83761],[73.24897,40.84586],[73.25339,40.84682],[73.27465,40.84215],[73.28083,40.83803]]},"properties":{"@id":"way/348877938","highway":"primary","name:ru":"Бишкек-Ош","name:en":"Bishkek-Osh","ref":"ЭМ-04"}},{"type":"Feature","geometry":{"type":"LineString","coordinates":[[73.28083,40.83803],[73.29262,40.82942],[73.2966,40.82243],[73.30406,40.81517],[73.30783,40.81326]]},"properties":{"@id":"way/348877939","highway":"primary","name:ru":"Бишкек-Ош","name:en":"Bishkek-Osh","ref":"ЭМ-04"}},{"type":"Feature","geometry":{"type":"LineString","coordinates":[[73.29286,40.76878],[73.29059,40.76793],[73.29045,40.76291],[73.28552,40.76241]]},"properties":{"@id":"way/348886749","highway":"primary","name":"Манаса улица","ref":"ЭМ-04"}},{"type":"Feature","geometry":{"type":"LineString","coordinates":[[73.26944,40.74542],[73.25542,40.74039]]},"properties":{"@id":"way/348886750","highway":"primary","name:ru":"Бишкек-Ош","name:en":"Bishkek-Osh","ref":"ЭМ-04"}},{"type":"Feature","geometry":{"type":"LineString","coordinates":[[73.24189,40.72991],[73.24112,40.72538],[73.22967,40.71663]]},"properties":{"@id":"way/348886751","highway":"trunk","name":"Кулбая улица","name:ru":"Кулбая улица","name:en":"Kulbai street","ref":"ЭМ-04"}},{"type":"Feature","geometry":{"type":"LineString","coordinates":[[73.22967,40.71663],[73.21217,40.70482]]},"properties":{"@id":"way/348886752","highway":"trunk","name:ru":"Бишкек-Ош","name:en":"Bishkek-Osh","ref":"ЭМ-04"}},{"type":"Feature","geometry":{"type":"LineString","coordinates":[[73.09921,40.64764],[73.09177,40.64581]]},"properties":{"@id":"way/348886753","highway":"trunk","name:ru":"Бишкек-Ош","name:en":"Bishkek-Osh","ref":"ЭМ-04"}},{"type":"Feature","geometry":{"type":"LineString","coordinates":[[73.04006,40.6215],[73.02988,40.61777]]},"properties":{"@id":"way/348886754","highway":"trunk","name":"Асфальт улица","name:ru":"Бишкек-Ош","name:en":"Bishkek-Osh","ref":"ЭМ-04"}},{"type":"Feature","geometry":{"type":"LineString","coordinates":[[72.98907,40.60474],[72.98087,40.60348]]},"properties":{"@id":"way/348886755","highway":"trunk","name:ru":"Бишкек-Ош","name:en":"Bishkek-Osh","ref":"ЭМ-04"}},{"type":"Feature","geometry":{"type":"LineString","coordinates":[[72.93517,40.59271],[72.92365,40.5865]]},"properties":{"@id":"way/348886756","highway":"trunk","name:ru":"Бишкек-Ош","name:en":"Bishkek-Osh","ref":"ЭМ-04"}},{"type":"Feature","geometry":{"type":"LineString","coordinates":[[72.90496,40.57584],[72.89211,40.56865]]},"properties":{"@id":"way/348886757","highway":"trunk","name":"Арзынкулова улица","name:ru":"Бишкек-Ош","name:en":"Bishkek-Osh","ref":"ЭМ-04"}},{"type":"Feature","geometry":{"type":"LineString","coordinates":[[72.86873,40.55975],[72.84943,40.55637]]},"properties":{"@id":"way/348886758","highway":"trunk","name:ru":"Бишкек-Ош","name:en":"Bishkek-Osh","ref":"ЭМ-04"}},{"type":"Feature","geometry":{"type":"LineString","coordinates":[[72.70884,40.3124],[72.71595,40.31797]]},"properties":{"@id":"way/348893627","highway":"trunk","ref":"ЭМ-16"}},{"type":"Feature","geometry":{"type":"LineString","coordinates":[[72.55386,40.26733],[72.56619,40.26193]]},"properties":{"@id":"way/348893629","highway":"trunk","name":"Ош-Кызыл-кыя","ref":"ЭМ-16"}},{"type":"Feature","geometry":{"type":"LineString","coordinates":[[72.52277,40.26927],[72.54143,40.26895],[72.55386,40.26733]]},"properties":{"@id":"way/348893645","highway":"trunk","ref":"ЭМ-16"}},{"type":"Feature","geometry":{"type":"LineString","coordinates":[[72.45823,40.27314],[72.50629,40.26899],[72.52277,40.26927]]},"properties":{"@id":"way/348893656","highway":"trunk","ref":"ЭМ-16"}},{"type":"Feature","geometry":{"type":"LineString","coordinates":[[72.41599,40.29045],[72.424,40.29077]]},"properties":{"@id":"way/348893669","highway":"trunk","ref":"ЭМ-16"}},{"type":"Feature","geometry":{"type":"LineString","coordinates":[[72.38783,40.29674],[72.41599,40.29045]]},"properties":{"@id":"way/348893674","highway":"trunk","ref":"ЭМ-16"}},{"type":"Feature","geometry":{"type":"LineString","coordinates":[[72.22151,40.28904],[72.22911,40.2891],[72.23772,40.29239],[72.25765,40.29441],[72.28801,40.30208],[72.34323,40.3017]]},"properties":{"@id":"way/348895861","highway":"trunk","ref":"ЭМ-16"}},{"type":"Feature","geometry":{"type":"LineString","coordinates":[[72.80338,40.5165],[72.80087,40.51587]]},"properties":{"@id":"way/361255264","highway":"primary","name":"Мамырова улица","name:en":"Mamyrov Street"}},{"type":"Feature","geometry":{"type":"LineString","coordinates":[[72.72532,40.34166],[72.72828,40.34503],[72.72747,40.34957],[72.7305,40.35623],[72.74185,40.36926],[72.73979,40.37301],[72.73827,40.38241],[72.73946,40.38593],[72.74346,40.38644],[72.76262,40.38285],[72.76978,40.38699],[72.7712,40.38921],[72.76948,40.39902],[72.76516,40.40622],[72.76487,40.42047],[72.75854,40.43904],[72.76123,40.45122],[72.75657,40.47279],[72.75716,40.47675]]},"properties":{"@id":"way/362268536","highway":"trunk","ref":"ЭМ-16"}},{"type":"Feature","geometry":{"type":"LineString","coordinates":[[72.71595,40.31797],[72.72107,40.322],[72.722,40.32621],[72.72476,40.32906],[72.72546,40.33193],[72.72393,40.33476],[72.72393,40.33909],[72.72532,40.34166]]},"properties":{"@id":"way/362268537","highway":"trunk","ref":"ЭМ-16"}},{"type":"Feature","geometry":{"type":"LineString","coordinates":[[72.92794,40.5415],[72.92778,40.54159]]},"properties":{"@id":"way/362397922","highway":"trunk","name:en":"Osh-Gul'cha road","ref":"ЭМ-05"}},{"type":"Feature","geometry":{"type":"LineString","coordinates":[[72.89625,40.54425],[72.84551,40.53743]]},"properties":{"@id":"way/362397923","highway":"trunk","name:en":"Osh-Gul'cha road","ref":"ЭМ-05"}},{"type":"Feature","geometry":{"type":"LineString","coordinates":[[73.54309,40.05399],[73.54308,40.05486]]},"properties":{"@id":"way/362400728","highway":"trunk","name":"Памирский тракт","ref":"ЭМ-05"}},{"type":"Feature","geometry":{"type":"LineString","coordinates":[[73.53874,40.09678],[73.53885,40.09704]]},"properties":{"@id":"way/362400730","highway":"trunk","name":"Памирский тракт","ref":"ЭМ-05"}},{"type":"Feature","geometry":{"type":"LineString","coordinates":[[73.54287,40.10438],[73.54288,40.10486]]},"properties":{"@id":"way/362400732","highway":"trunk","name":"Памирский тракт","ref":"ЭМ-05"}},{"type":"Feature","geometry":{"type":"LineString","coordinates":[[73.54288,40.10486],[73.54248,40.10731],[73.52707,40.11741],[73.52878,40.12284],[73.52801,40.12624],[73.52601,40.12827]]},"properties":{"@id":"way/362400743","highway":"trunk","name":"Памирский тракт","name:ru":"Памирский тракт","name:en":"Pamir Highway","ref":"ЭМ-05"}},{"type":"Feature","geometry":{"type":"LineString","coordinates":[[73.54308,40.05486],[73.54185,40.05928],[73.53872,40.06175],[73.54179,40.0716],[73.53736,40.07446]]},"properties":{"@id":"way/362400748","highway":"trunk","name":"Памирский тракт","name:ru":"Памирский тракт","name:en":"Pamir Highway","ref":"ЭМ-05"}},{"type":"Feature","geometry":{"type":"LineString","coordinates":[[73.53885,40.09704],[73.54207,40.10055],[73.54287,40.10438]]},"properties":{"@id":"way/362400754","highway":"trunk","name":"Памирский тракт","name:ru":"Памирский тракт","name:en":"Pamir Highway","ref":"ЭМ-05"}},{"type":"Feature","geometry":{"type":"LineString","coordinates":[[74.68848,39.82479],[74.66668,39.83034],[74.65426,39.83541],[74.64808,39.83605],[74.63638,39.83346],[74.61984,39.83672],[74.60139,39.83869],[74.59258,39.83762],[74.58416,39.8392]]},"properties":{"@id":"way/365879830","highway":"trunk","name":"喀什 - 伊尔克什坦","ref":"G581"}},{"type":"Feature","geometry":{"type":"LineString","coordinates":[[73.17506,40.34381],[73.15248,40.35217],[73.13876,40.36168],[73.13163,40.36431],[73.13,40.36751],[73.11918,40.37437],[73.11379,40.38337],[73.10246,40.3968],[73.10095,40.40342],[73.09477,40.41495],[73.09208,40.42364],[73.08181,40.4395],[73.07514,40.45281],[73.0592,40.4732],[73.04723,40.49289],[73.03772,40.50339],[73.02172,40.51403],[72.9925,40.51044]]},"properties":{"@id":"way/371515237","highway":"trunk","name":"Памирский тракт","name:en":"Osh-Gul'cha road","ref":"ЭМ-05"}},{"type":"Feature","geometry":{"type":"LineString","coordinates":[[73.1754,40.34372],[73.17506,40.34381]]},"properties":{"@id":"way/371515238","highway":"trunk","name":"Памирский тракт","name:en":"Osh-Gul'cha road","ref":"ЭМ-05"}},{"type":"Feature","geometry":{"type":"LineString","coordinates":[[73.43538,39.92004],[73.43561,39.9202]]},"properties":{"@id":"way/371523586","highway":"trunk","name":"Памирский тракт","name:ru":"Памирский тракт","name:en":"Sary-Tash-Gul'cha road","ref":"ЭМ-05"}},{"type":"Feature","geometry":{"type":"LineString","coordinates":[[73.4798,39.96375],[73.48036,39.96433]]},"properties":{"@id":"way/371523588","highway":"trunk","name":"Памирский тракт","ref":"ЭМ-05"}},{"type":"Feature","geometry":{"type":"LineString","coordinates":[[73.35557,39.8624],[73.35564,39.8626]]},"properties":{"@id":"way/371523589","highway":"trunk","name":"Памирский тракт","ref":"ЭМ-05"}},{"type":"Feature","geometry":{"type":"LineString","coordinates":[[73.48036,39.96433],[73.48904,39.97072],[73.49487,39.9802],[73.49531,39.98531],[73.48907,39.99618],[73.48819,40.00037],[73.49241,40.00792],[73.49384,40.02027]]},"properties":{"@id":"way/371523590","highway":"trunk","name":"Памирский тракт","name:ru":"Памирский тракт","name:en":"Pamir Highway","ref":"ЭМ-05"}},{"type":"Feature","geometry":{"type":"LineString","coordinates":[[73.36004,39.87074],[73.36276,39.87303],[73.38837,39.88117],[73.40846,39.89339],[73.4018,39.89289],[73.40074,39.89403],[73.42122,39.89962],[73.42312,39.90339]]},"properties":{"@id":"way/371523591","highway":"trunk","name":"Памирский тракт","name:ru":"Памирский тракт","name:en":"Pamir Highway","ref":"ЭМ-05"}},{"type":"Feature","geometry":{"type":"LineString","coordinates":[[72.81745,40.51447],[72.81437,40.51403]]},"properties":{"@id":"way/371527563","highway":"secondary","ref":"М-094"}},{"type":"Feature","geometry":{"type":"LineString","coordinates":[[73.43561,39.9202],[73.44873,39.92845]]},"properties":{"@id":"way/378333403","highway":"trunk","name":"Памирский тракт","name:ru":"Памирский тракт","name:en":"Pamir Highway","ref":"ЭМ-05"}},{"type":"Feature","geometry":{"type":"LineString","coordinates":[[72.97752,40.82283],[72.97825,40.8257]]},"properties":{"@id":"way/388119745","highway":"primary","ref":"М-122"}},{"type":"Feature","geometry":{"type":"LineString","coordinates":[[72.41518,40.50819],[72.38988,40.50468]]},"properties":{"@id":"way/388119939","highway":"primary","name":"Xalqlar Do`stligi ko'chasi","ref":"D087"}},{"type":"Feature","geometry":{"type":"LineString","coordinates":[[72.91096,40.74286],[72.92293,40.74657],[72.95612,40.76024],[72.9621,40.75889],[72.98018,40.75985],[72.99139,40.7655],[72.99967,40.76597]]},"properties":{"@id":"way/392233604","highway":"primary","ref":"D138"}},{"type":"Feature","geometry":{"type":"LineString","coordinates":[[72.97096,40.80893],[72.97432,40.81197]]},"properties":{"@id":"way/392233605","highway":"primary","name":"Xonobod ko'chasi","name:ru":"Ханабад улица","name:en":"Xanabad street","ref":"M41"}},{"type":"Feature","geometry":{"type":"LineString","coordinates":[[72.9686,40.84491],[72.97054,40.84994],[72.98397,40.86095]]},"properties":{"@id":"way/392233606","highway":"primary","ref":"М-122"}},{"type":"Feature","geometry":{"type":"LineString","coordinates":[[74.44369,39.79738],[74.45967,39.78613],[74.47864,39.78742],[74.48679,39.79183],[74.49736,39.80983],[74.50394,39.81684],[74.51506,39.81937],[74.5258,39.81502],[74.53371,39.8133],[74.54749,39.81487]]},"properties":{"@id":"way/394670430","highway":"trunk","name":"喀什 - 伊尔克什坦","ref":"G581"}},{"type":"Feature","geometry":{"type":"LineString","coordinates":[[72.80379,40.53801],[72.80202,40.53767]]},"properties":{"@id":"way/401153479","highway":"primary","name":"Алишера Навои улица","name:ru":"Навои А. улица","name:en":"A. Navoi street"}},{"type":"Feature","geometry":{"type":"LineString","coordinates":[[72.57674,40.45883],[72.58231,40.45663]]},"properties":{"@id":"way/403275660","highway":"secondary","ref":"М-095"}},{"type":"Feature","geometry":{"type":"LineString","coordinates":[[72.53514,40.50863],[72.53571,40.50854]]},"properties":{"@id":"way/403275662","highway":"secondary","ref":"М-095"}},{"type":"Feature","geometry":{"type":"LineString","coordinates":[[72.53571,40.50854],[72.53558,40.50885]]},"properties":{"@id":"way/403275663","highway":"secondary","ref":"М-095"}},{"type":"Feature","geometry":{"type":"LineString","coordinates":[[72.57636,40.45869],[72.57674,40.45883]]},"properties":{"@id":"way/403275665","highway":"secondary","ref":"М-095"}},{"type":"Feature","geometry":{"type":"LineString","coordinates":[[72.53571,40.50854],[72.54017,40.50746],[72.55699,40.49305],[72.56127,40.48565],[72.56835,40.4787],[72.57403,40.47047],[72.57892,40.46572],[72.58377,40.46437],[72.58231,40.45663]]},"properties":{"@id":"way/403275672","highway":"secondary","ref":"М-095"}},{"type":"Feature","geometry":{"type":"LineString","coordinates":[[72.56906,40.45594],[72.57636,40.45869]]},"properties":{"@id":"way/403280080","highway":"secondary","ref":"М-095"}},{"type":"Feature","geometry":{"type":"LineString","coordinates":[[72.67616,40.82742],[72.67665,40.82775]]},"properties":{"@id":"way/403304853","highway":"secondary","ref":"D137"}},{"type":"Feature","geometry":{"type":"LineString","coordinates":[[72.67665,40.82775],[72.68228,40.83132],[72.68918,40.82982]]},"properties":{"@id":"way/403304855","highway":"secondary","ref":"D137"}},{"type":"Feature","geometry":{"type":"LineString","coordinates":[[72.35801,40.91615],[72.36052,40.91682]]},"properties":{"@id":"way/410102580","highway":"secondary","ref":"D134"}},{"type":"Feature","geometry":{"type":"LineString","coordinates":[[72.98476,40.86174],[72.98467,40.86165]]},"properties":{"@id":"way/413180189","highway":"trunk","name:ru":"Бишкек-Ош","name:en":"Bishkek-Osh","ref":"ЭМ-04"}},{"type":"Feature","geometry":{"type":"LineString","coordinates":[[72.98492,40.86108],[72.985,40.86107]]},"properties":{"@id":"way/413180190","highway":"trunk","name:ru":"Бишкек-Ош","name:en":"Bishkek-Osh","ref":"ЭМ-02"}},{"type":"Feature","geometry":{"type":"LineString","coordinates":[[74.84199,39.79052],[74.84251,39.79023]]},"properties":{"@id":"way/415105459","highway":"trunk","name":"喀什 - 伊尔克什坦","ref":"G581"}},{"type":"Feature","geometry":{"type":"LineString","coordinates":[[72.47444,40.70452],[72.48952,40.70171],[72.50282,40.70081]]},"properties":{"@id":"way/415147797","highway":"trunk"}},{"type":"Feature","geometry":{"type":"LineString","coordinates":[[72.78174,40.58129],[72.77862,40.59129]]},"properties":{"@id":"way/415147808","highway":"primary","name":"Юлдашева улица","ref":"М-093"}},{"type":"Feature","geometry":{"type":"LineString","coordinates":[[72.33212,40.78746],[72.30893,40.78854],[72.29814,40.78742]]},"properties":{"@id":"way/415802091","highway":"secondary","name":"Oltinko'l ko'chasi","name:ru":"Алтынкуль улица","ref":"D132a"}},{"type":"Feature","geometry":{"type":"LineString","coordinates":[[72.85284,40.45312],[72.84992,40.46559],[72.85054,40.46721]]},"properties":{"@id":"way/415853979","highway":"secondary","ref":"М-094"}},{"type":"Feature","geometry":{"type":"LineString","coordinates":[[72.79341,40.54306],[72.79206,40.54412]]},"properties":{"@id":"way/415873110","highway":"secondary"}},{"type":"Feature","geometry":{"type":"LineString","coordinates":[[72.84457,40.53714],[72.84543,40.53741]]},"properties":{"@id":"way/416178958","highway":"trunk","ref":"ЭМ-05"}},{"type":"Feature","geometry":{"type":"LineString","coordinates":[[72.84367,40.53692],[72.8276,40.53607]]},"properties":{"@id":"way/416178961","highway":"primary","name":"Фуркат көчөсү","name:ru":"улица Фуркат"}},{"type":"Feature","geometry":{"type":"LineString","coordinates":[[72.84468,40.53746],[72.84424,40.53748]]},"properties":{"@id":"way/416178966","highway":"trunk","ref":"http://cbd.minjust.gov.kg/act/view/ru-ru/100245?cl=ru-ru"}},{"type":"Feature","geometry":{"type":"LineString","coordinates":[[72.84367,40.53692],[72.84382,40.53696]]},"properties":{"@id":"way/416178969","highway":"primary","name":"Фуркат көчөсү","name:ru":"улица Фуркат"}},{"type":"Feature","geometry":{"type":"LineString","coordinates":[[72.84419,40.53742],[72.84449,40.53712]]},"properties":{"@id":"way/416268231","highway":"trunk","ref":"http://cbd.minjust.gov.kg/act/view/ru-ru/100245?cl=ru-ru"}},{"type":"Feature","geometry":{"type":"LineString","coordinates":[[72.84457,40.53764],[72.84443,40.53797]]},"properties":{"@id":"way/416268233","highway":"trunk","ref":"ЭМ-04"}},{"type":"Feature","geometry":{"type":"LineString","coordinates":[[72.84263,40.64498],[72.84212,40.6443]]},"properties":{"@id":"way/418582659","highway":"secondary"}},{"type":"Feature","geometry":{"type":"LineString","coordinates":[[72.82441,40.60038],[72.82398,40.60045]]},"properties":{"@id":"way/418582661","highway":"secondary"}},{"type":"Feature","geometry":{"type":"LineString","coordinates":[[72.84212,40.6443],[72.84249,40.6442]]},"properties":{"@id":"way/418582662","highway":"secondary"}},{"type":"Feature","geometry":{"type":"LineString","coordinates":[[72.82158,40.58563],[72.81822,40.58733]]},"properties":{"@id":"way/418582664","highway":"trunk"}},{"type":"Feature","geometry":{"type":"LineString","coordinates":[[72.37944,40.79267],[72.37929,40.7925]]},"properties":{"@id":"way/420739778","highway":"secondary"}},{"type":"Feature","geometry":{"type":"LineString","coordinates":[[72.38096,40.79491],[72.37944,40.79267]]},"properties":{"@id":"way/420739779","highway":"secondary","name":"Universitet kо‘chasi","name:ru":"Университетская улица"}},{"type":"Feature","geometry":{"type":"LineString","coordinates":[[72.41768,40.7629],[72.41689,40.76309]]},"properties":{"@id":"way/421060455","highway":"primary","ref":"D143"}},{"type":"Feature","geometry":{"type":"LineString","coordinates":[[72.4312,40.75956],[72.41768,40.7629]]},"properties":{"@id":"way/421060461","highway":"primary","ref":"D143"}},{"type":"Feature","geometry":{"type":"LineString","coordinates":[[72.84062,40.76039],[72.84062,40.76039]]},"properties":{"@id":"way/422168978","highway":"secondary"}},{"type":"Feature","geometry":{"type":"LineString","coordinates":[[72.841,40.76035],[72.84581,40.75764],[72.85933,40.75418],[72.87462,40.74367]]},"properties":{"@id":"way/422168979","highway":"secondary","name":"Qorasuv ko'chasi","name:ru":"Карасу улица","name:en":"Karasu","ref":"60V004"}},{"type":"Feature","geometry":{"type":"LineString","coordinates":[[73.29123,40.76293],[73.29064,40.76321]]},"properties":{"@id":"way/424759055","highway":"secondary","ref":"ул.Токтосун Базарова"}},{"type":"Feature","geometry":{"type":"LineString","coordinates":[[72.46294,41.03787],[72.46306,41.03782]]},"properties":{"@id":"way/431029417","highway":"trunk","name:ru":"Бишкек-Ош","name:en":"Bishkek-Osh","ref":"ЭМ-04"}},{"type":"Feature","geometry":{"type":"LineString","coordinates":[[72.41,41.0431],[72.41802,41.04357],[72.42797,41.04186]]},"properties":{"@id":"way/431029420","highway":"trunk","name":"Кимсанбаева улица","name:ru":"Бишкек-Ош","name:en":"Bishkek-Osh","ref":"ЭМ-04"}},{"type":"Feature","geometry":{"type":"LineString","coordinates":[[72.36703,41.05172],[72.39045,41.04417],[72.41,41.0431]]},"properties":{"@id":"way/431029426","highway":"trunk","name:ru":"Бишкек-Ош","name:en":"Bishkek-Osh","ref":"ЭМ-04"}},{"type":"Feature","geometry":{"type":"LineString","coordinates":[[72.46306,41.03782],[72.48464,41.03167],[72.49292,41.02786],[72.50237,41.02736],[72.50892,41.02887],[72.52846,41.02901]]},"properties":{"@id":"way/431029433","highway":"trunk","name:ru":"Бишкек-Ош","name:en":"Bishkek-Osh","ref":"ЭМ-04"}},{"type":"Feature","geometry":{"type":"LineString","coordinates":[[72.55614,41.03444],[72.56019,41.03523]]},"properties":{"@id":"way/431114410","highway":"trunk","name":"Торокулова Хамракула улица","name:ru":"Бишкек-Ош","name:en":"Bishkek-Osh","ref":"ЭМ-04"}},{"type":"Feature","geometry":{"type":"LineString","coordinates":[[72.579,41.04318],[72.58582,41.04533]]},"properties":{"@id":"way/431114411","highway":"trunk","name":"Абдыплаева Абдывали улица","name:ru":"Бишкек-Ош","name:en":"Bishkek-Osh","ref":"ЭМ-04"}},{"type":"Feature","geometry":{"type":"LineString","coordinates":[[74.74047,39.80682],[74.74549,39.8069],[74.75259,39.80965],[74.76838,39.80852],[74.78036,39.80465],[74.78862,39.79989]]},"properties":{"@id":"way/435818203","highway":"trunk","name":"喀什 - 伊尔克什坦","ref":"G581"}},{"type":"Feature","geometry":{"type":"LineString","coordinates":[[74.78862,39.79989],[74.79145,39.80046]]},"properties":{"@id":"way/435818205","highway":"trunk","name":"苏库塔什大桥","ref":"G581"}},{"type":"Feature","geometry":{"type":"LineString","coordinates":[[74.13517,39.79527],[74.13507,39.79572]]},"properties":{"@id":"way/435818206","highway":"trunk","name":"喀什 - 伊尔克什坦","ref":"G581"}},{"type":"Feature","geometry":{"type":"LineString","coordinates":[[74.13507,39.79572],[74.13346,39.7994],[74.12738,39.80243],[74.12625,39.80889],[74.12484,39.81057],[74.11512,39.81358],[74.10673,39.81873],[74.09908,39.81851]]},"properties":{"@id":"way/435818207","highway":"trunk","name":"喀什 - 伊尔克什坦","ref":"G581"}},{"type":"Feature","geometry":{"type":"LineString","coordinates":[[74.73511,39.80857],[74.73457,39.80874]]},"properties":{"@id":"way/435822462","highway":"trunk","name":"喀什 - 伊尔克什坦","ref":"G581"}},{"type":"Feature","geometry":{"type":"LineString","coordinates":[[74.74047,39.80682],[74.73973,39.80704]]},"properties":{"@id":"way/435822463","highway":"trunk","name":"喀什 - 伊尔克什坦","ref":"G581"}},{"type":"Feature","geometry":{"type":"LineString","coordinates":[[74.73457,39.80874],[74.7317,39.80969]]},"properties":{"@id":"way/435822464","highway":"trunk","name":"喀什 - 伊尔克什坦","ref":"G581"}},{"type":"Feature","geometry":{"type":"LineString","coordinates":[[74.7317,39.80969],[74.73085,39.80998]]},"properties":{"@id":"way/435822465","highway":"trunk","name":"喀什 - 伊尔克什坦","ref":"G581"}},{"type":"Feature","geometry":{"type":"LineString","coordinates":[[74.44245,39.79816],[74.44369,39.79738]]},"properties":{"@id":"way/435822466","highway":"trunk","name":"加斯大桥","ref":"G581"}},{"type":"Feature","geometry":{"type":"LineString","coordinates":[[74.80505,39.80098],[74.80576,39.80094]]},"properties":{"@id":"way/435822467","highway":"trunk","name":"喀什 - 伊尔克什坦","ref":"G581"}},{"type":"Feature","geometry":{"type":"LineString","coordinates":[[74.95348,39.76077],[74.95467,39.76054]]},"properties":{"@id":"way/435822469","highway":"trunk","name":"喀什 - 伊尔克什坦","ref":"G581"}},{"type":"Feature","geometry":{"type":"LineString","coordinates":[[74.84251,39.79023],[74.84511,39.78921],[74.85727,39.78923],[74.86823,39.78259],[74.88155,39.77814],[74.88733,39.7722],[74.89075,39.77039],[74.90245,39.76763],[74.91494,39.76792],[74.95348,39.76077]]},"properties":{"@id":"way/435822470","highway":"trunk","name":"喀什 - 伊尔克什坦","ref":"G581"}},{"type":"Feature","geometry":{"type":"LineString","coordinates":[[74.73973,39.80704],[74.73511,39.80857]]},"properties":{"@id":"way/435822472","highway":"trunk","name":"喀什 - 伊尔克什坦","ref":"G581"}},{"type":"Feature","geometry":{"type":"LineString","coordinates":[[74.81905,39.79895],[74.83594,39.79389],[74.84199,39.79052]]},"properties":{"@id":"way/435822475","highway":"trunk","name":"喀什 - 伊尔克什坦","ref":"G581"}},{"type":"Feature","geometry":{"type":"LineString","coordinates":[[72.80029,40.53731],[72.79587,40.53639]]},"properties":{"@id":"way/439545464","highway":"primary","name":"Алишера Навои улица","name:ru":"улица Навои А.","name:en":"A. Navoi Street"}},{"type":"Feature","geometry":{"type":"LineString","coordinates":[[72.79587,40.53639],[72.79518,40.53625]]},"properties":{"@id":"way/439545465","highway":"primary","name":"Алишера Навои улица","name:ru":"улица Навои А.","name:en":"A. Navoi street"}},{"type":"Feature","geometry":{"type":"LineString","coordinates":[[72.82097,40.48774],[72.81835,40.48533]]},"properties":{"@id":"way/439545468","highway":"secondary","name":"Рашид Юнусов"}},{"type":"Feature","geometry":{"type":"LineString","coordinates":[[72.80646,40.50154],[72.80945,40.50344]]},"properties":{"@id":"way/439545471","highway":"secondary","name":"Суйумбаева улица","name:en":"Suyumbaev street"}},{"type":"Feature","geometry":{"type":"LineString","coordinates":[[72.80891,40.55393],[72.80938,40.5542]]},"properties":{"@id":"way/439639467","highway":"secondary","name":"Артыкова улица"}},{"type":"Feature","geometry":{"type":"LineString","coordinates":[[72.82634,40.49487],[72.82577,40.49467]]},"properties":{"@id":"way/440063958","highway":"secondary"}},{"type":"Feature","geometry":{"type":"LineString","coordinates":[[72.82577,40.49467],[72.82532,40.4945]]},"properties":{"@id":"way/440063959","highway":"secondary"}},{"type":"Feature","geometry":{"type":"LineString","coordinates":[[72.82532,40.4945],[72.82124,40.49297]]},"properties":{"@id":"way/440063960","highway":"secondary"}},{"type":"Feature","geometry":{"type":"LineString","coordinates":[[72.99319,40.945],[72.99513,40.95054]]},"properties":{"@id":"way/440901975","highway":"secondary","name":"Ибраимов Султан көчөсү","name:ru":"Ибраимова Султана улица"}},{"type":"Feature","geometry":{"type":"LineString","coordinates":[[72.99513,40.95054],[72.99681,40.9552]]},"properties":{"@id":"way/440902848","highway":"secondary","name":"Ибраимов Султан көчөсү","name:ru":"Ибраимова Султана улица"}},{"type":"Feature","geometry":{"type":"LineString","coordinates":[[73.40722,40.38274],[73.4256,40.38304],[73.44293,40.37808]]},"properties":{"@id":"way/441872876","highway":"secondary","name":"Ылай-Талаа – Гүлчө","ref":"М-104"}},{"type":"Feature","geometry":{"type":"LineString","coordinates":[[73.42361,40.32183],[73.40974,40.3287],[73.40472,40.33757],[73.40336,40.34238],[73.40254,40.34589],[73.40448,40.35671],[73.40317,40.36164],[73.40577,40.36597],[73.40426,40.38176],[73.4065,40.38265]]},"properties":{"@id":"way/441872883","highway":"secondary","name":"Ылай-Талаа – Гүлчө","ref":"М-104"}},{"type":"Feature","geometry":{"type":"LineString","coordinates":[[73.61037,40.4325],[73.61211,40.43184],[73.61292,40.43304],[73.61036,40.45127],[73.61203,40.45518],[73.61469,40.45533],[73.61298,40.45617],[73.61491,40.45725],[73.61283,40.4569],[73.61467,40.45839]]},"properties":{"@id":"way/441872891","highway":"secondary","name":"Ылай-Талаа – Гүлчө","ref":"М-104"}},{"type":"Feature","geometry":{"type":"LineString","coordinates":[[73.62217,40.51391],[73.62199,40.51397]]},"properties":{"@id":"way/441872896","highway":"secondary","ref":"М-104"}},{"type":"Feature","geometry":{"type":"LineString","coordinates":[[73.62884,40.4847],[73.62878,40.48483]]},"properties":{"@id":"way/441872897","highway":"secondary","ref":"М-104"}},{"type":"Feature","geometry":{"type":"LineString","coordinates":[[73.62665,40.58265],[73.62668,40.58288]]},"properties":{"@id":"way/441872904","highway":"secondary","ref":"ЭМ-19"}},{"type":"Feature","geometry":{"type":"LineString","coordinates":[[73.4065,40.38265],[73.40722,40.38274]]},"properties":{"@id":"way/441872905","highway":"secondary","ref":"М-104"}},{"type":"Feature","geometry":{"type":"LineString","coordinates":[[73.5096,40.40416],[73.5095,40.40439]]},"properties":{"@id":"way/441872906","highway":"secondary","ref":"М-104"}},{"type":"Feature","geometry":{"type":"LineString","coordinates":[[73.44293,40.37808],[73.44319,40.37805]]},"properties":{"@id":"way/441872907","highway":"secondary","ref":"М-104"}},{"type":"Feature","geometry":{"type":"LineString","coordinates":[[73.61018,40.43254],[73.61037,40.4325]]},"properties":{"@id":"way/441872910","highway":"secondary","ref":"М-104"}},{"type":"Feature","geometry":{"type":"LineString","coordinates":[[73.57781,40.5925],[73.61273,40.58903],[73.61966,40.58706],[73.62665,40.58265]]},"properties":{"@id":"way/441872918","highway":"secondary","name":"Сатыбаев Раимкул улица","ref":"ЭМ-19"}},{"type":"Feature","geometry":{"type":"LineString","coordinates":[[73.62359,40.4666],[73.63015,40.47554],[73.62884,40.4847]]},"properties":{"@id":"way/441872934","highway":"secondary","name":"Курбатов Дарманбек улица","ref":"М-104"}},{"type":"Feature","geometry":{"type":"LineString","coordinates":[[73.44319,40.37805],[73.45947,40.37729],[73.5043,40.39198],[73.50797,40.39595],[73.50784,40.40013],[73.5096,40.40416]]},"properties":{"@id":"way/441872954","highway":"secondary","name":"Ылай-Талаа – Гүлчө","ref":"М-104"}},{"type":"Feature","geometry":{"type":"LineString","coordinates":[[73.62691,40.49481],[73.62678,40.49703],[73.62115,40.507],[73.62217,40.51391]]},"properties":{"@id":"way/441872969","highway":"secondary","name":"Калназаров Алибай улица","ref":"М-104"}},{"type":"Feature","geometry":{"type":"LineString","coordinates":[[73.42428,40.32147],[73.42472,40.32123]]},"properties":{"@id":"way/441877083","highway":"secondary","ref":"М-104"}},{"type":"Feature","geometry":{"type":"LineString","coordinates":[[73.42361,40.32183],[73.42428,40.32147]]},"properties":{"@id":"way/441877084","highway":"secondary","ref":"М-104"}},{"type":"Feature","geometry":{"type":"LineString","coordinates":[[73.48757,40.26257],[73.48741,40.26285]]},"properties":{"@id":"way/441881266","highway":"trunk","name":"Памирский тракт","name:ru":"Памирский тракт","name:en":"Pamir Highway","ref":"ЭМ-05"}},{"type":"Feature","geometry":{"type":"LineString","coordinates":[[73.48973,40.25682],[73.48996,40.25887],[73.48757,40.26257]]},"properties":{"@id":"way/441881267","highway":"trunk","name":"Памирский тракт","name:ru":"Памирский тракт","name:en":"Pamir Highway","ref":"ЭМ-05"}},{"type":"Feature","geometry":{"type":"LineString","coordinates":[[73.49427,40.17773],[73.48692,40.18297]]},"properties":{"@id":"way/441886273","highway":"trunk","name":"Памирский тракт","name:ru":"Памирский тракт","name:en":"Pamir Highway","ref":"ЭМ-05"}},{"type":"Feature","geometry":{"type":"LineString","coordinates":[[73.48692,40.18297],[73.48675,40.18308]]},"properties":{"@id":"way/441886274","highway":"trunk","name":"Памирский тракт","name:ru":"Памирский тракт","name:en":"Pamir Highway","ref":"ЭМ-05"}},{"type":"Feature","geometry":{"type":"LineString","coordinates":[[72.8033,40.51971],[72.8013,40.52197]]},"properties":{"@id":"way/442106260","highway":"primary","name":"Алымбек Датка көчөсү","name:ky":"Алымбек Датка көчөсү","name:ru":"Алымбек Датка улица","name:en":"Alymbek datka Street"}},{"type":"Feature","geometry":{"type":"LineString","coordinates":[[73.08542,41.02664],[73.07696,41.02047],[73.07314,41.01964]]},"properties":{"@id":"way/442134046","highway":"trunk","name":"Сары болуш улица","ref":"ЭМ-12"}},{"type":"Feature","geometry":{"type":"LineString","coordinates":[[73.11246,41.02591],[73.09842,41.03707]]},"properties":{"@id":"way/442134047","highway":"trunk","name":"улица Осмонолиева Исмаила","name:ru":"улица Осмонолиева Исмаила","ref":"ЭМ-12"}},{"type":"Feature","geometry":{"type":"LineString","coordinates":[[73.3243,40.76852],[73.32202,40.76735],[73.32236,40.76515],[73.31995,40.76018]]},"properties":{"@id":"way/442450866","highway":"secondary","name":"Малабекова улица"}},{"type":"Feature","geometry":{"type":"LineString","coordinates":[[73.58374,40.63045],[73.58254,40.62866]]},"properties":{"@id":"way/442451072","highway":"secondary","name":"Калматаев Жамшит улица","ref":"ЭМ-19"}},{"type":"Feature","geometry":{"type":"LineString","coordinates":[[73.29123,40.76293],[73.29361,40.76261],[73.2979,40.76539],[73.30213,40.76587],[73.32603,40.75855],[73.33418,40.75395]]},"properties":{"@id":"way/442451114","highway":"secondary","name":"Амир Тимура улица"}},{"type":"Feature","geometry":{"type":"LineString","coordinates":[[73.29976,40.7696],[73.29049,40.76691]]},"properties":{"@id":"way/442453280","highway":"secondary","name":"Ленина улица"}},{"type":"Feature","geometry":{"type":"LineString","coordinates":[[74.0103,40.54393],[74.0101,40.54402]]},"properties":{"@id":"way/443463281","highway":"secondary","ref":"ЭМ-19"}},{"type":"Feature","geometry":{"type":"LineString","coordinates":[[74.05603,40.46342],[74.05273,40.46668],[74.04717,40.46713],[74.04471,40.47222],[74.04708,40.47568],[74.04238,40.47712],[74.04464,40.48113],[74.04433,40.48387],[74.03674,40.48779],[74.03131,40.4933],[74.02846,40.50362],[74.02076,40.51256],[74.02201,40.51511],[74.02158,40.51973],[74.01869,40.5254],[74.01663,40.53492],[74.01105,40.53918],[74.01131,40.54328],[74.0103,40.54393]]},"properties":{"@id":"way/443463336","highway":"secondary","ref":"ЭМ-19"}},{"type":"Feature","geometry":{"type":"LineString","coordinates":[[73.55,40.81326],[73.54973,40.81338]]},"properties":{"@id":"way/443541464","highway":"secondary","name":"Мырза-Аки - Кара-Шоро жолу","ref":"М-097"}},{"type":"Feature","geometry":{"type":"LineString","coordinates":[[73.64019,40.84543],[73.63816,40.84575],[73.62976,40.83905],[73.62865,40.84005]]},"properties":{"@id":"way/443541520","highway":"secondary","name":"Маметова Асана улица","ref":"М-097"}},{"type":"Feature","geometry":{"type":"LineString","coordinates":[[73.6405,40.84544],[73.64019,40.84543]]},"properties":{"@id":"way/443558820","highway":"secondary","name":"Мырза-Аки - Кара-Шоро жолу","ref":"М-097"}},{"type":"Feature","geometry":{"type":"LineString","coordinates":[[73.72475,40.88013],[73.7189,40.87971],[73.7102,40.8813],[73.70479,40.8806],[73.70084,40.87814]]},"properties":{"@id":"way/443558921","highway":"secondary","name":"Олжобай улица","ref":"М-097"}},{"type":"Feature","geometry":{"type":"LineString","coordinates":[[73.34275,40.80169],[73.36242,40.81146],[73.38241,40.81431],[73.39187,40.81946]]},"properties":{"@id":"way/443848223","highway":"secondary"}},{"type":"Feature","geometry":{"type":"LineString","coordinates":[[73.4097,40.83497],[73.41793,40.83925]]},"properties":{"@id":"way/443848250","highway":"secondary"}},{"type":"Feature","geometry":{"type":"LineString","coordinates":[[73.39187,40.81946],[73.39832,40.82529],[73.40219,40.8312],[73.4097,40.83497]]},"properties":{"@id":"way/443848326","highway":"secondary","name":"Козбалаева улица"}},{"type":"Feature","geometry":{"type":"LineString","coordinates":[[73.32514,40.78814],[73.33405,40.7937],[73.34275,40.80169]]},"properties":{"@id":"way/443848333","highway":"secondary","name":"Тагаева Абдыжапара улица"}},{"type":"Feature","geometry":{"type":"LineString","coordinates":[[73.07007,40.86553],[73.07315,40.8658]]},"properties":{"@id":"way/443994658","highway":"trunk","name":"трасса Ош-Бишкек","name:ru":"Бишкек-Ош","name:en":"Bishkek-Osh","ref":"ЭМ-04"}},{"type":"Feature","geometry":{"type":"LineString","coordinates":[[73.04031,40.86379],[73.04622,40.86421]]},"properties":{"@id":"way/443994659","highway":"trunk","name":"Мусаевой Урула улица","name:ru":"Бишкек-Ош","name:en":"Bishkek-Osh","ref":"ЭМ-04"}},{"type":"Feature","geometry":{"type":"LineString","coordinates":[[73.14865,40.88446],[73.155,40.88606]]},"properties":{"@id":"way/443994666","highway":"secondary","ref":"М-098"}},{"type":"Feature","geometry":{"type":"LineString","coordinates":[[73.17868,40.91445],[73.18237,40.9185]]},"properties":{"@id":"way/443994725","highway":"secondary","name":"Абдиев Кожо улица","ref":"М-098"}},{"type":"Feature","geometry":{"type":"LineString","coordinates":[[73.18264,40.91874],[73.19062,40.92384],[73.19068,40.92493]]},"properties":{"@id":"way/443994726","highway":"secondary","name":"Абдиев Кожо улица","ref":"М-098"}},{"type":"Feature","geometry":{"type":"LineString","coordinates":[[73.23281,40.93825],[73.25595,40.94347],[73.26677,40.94355]]},"properties":{"@id":"way/443994728","highway":"secondary","name":"Бердибаев Турдукул улица","ref":"М-098"}},{"type":"Feature","geometry":{"type":"LineString","coordinates":[[73.20359,40.93029],[73.22769,40.93834],[73.23281,40.93825]]},"properties":{"@id":"way/443994730","highway":"secondary","name":"Бусурманкулов Койчу улица","ref":"М-098"}},{"type":"Feature","geometry":{"type":"LineString","coordinates":[[73.155,40.88606],[73.15714,40.88772],[73.17071,40.89128]]},"properties":{"@id":"way/443994735","highway":"secondary","name":"Калматов Толонбай улица","ref":"М-098"}},{"type":"Feature","geometry":{"type":"LineString","coordinates":[[73.26677,40.94355],[73.27419,40.9472],[73.28015,40.94745]]},"properties":{"@id":"way/443994736","highway":"secondary","name":"Курон-Ата улица","ref":"М-098"}},{"type":"Feature","geometry":{"type":"LineString","coordinates":[[73.14074,40.88262],[73.14865,40.88446]]},"properties":{"@id":"way/443994737","highway":"secondary","name":"Куттубаев Абдыкайым улица","ref":"М-098"}},{"type":"Feature","geometry":{"type":"LineString","coordinates":[[73.17789,40.90525],[73.17868,40.91445]]},"properties":{"@id":"way/443994739","highway":"secondary","name":"Ташиев Сыргабай улица","ref":"М-098"}},{"type":"Feature","geometry":{"type":"LineString","coordinates":[[73.28015,40.94745],[73.29819,40.94775]]},"properties":{"@id":"way/443994743","highway":"secondary","name":"Чокотой-Уку улица","ref":"М-098"}},{"type":"Feature","geometry":{"type":"LineString","coordinates":[[73.30736,40.77975],[73.30652,40.77888]]},"properties":{"@id":"way/444101895","highway":"primary","name:ru":"Бишкек-Ош","name:en":"Bishkek-Osh","ref":"ЭМ-04"}},{"type":"Feature","geometry":{"type":"LineString","coordinates":[[73.30652,40.77888],[73.29791,40.77183],[73.29913,40.77041]]},"properties":{"@id":"way/444101896","highway":"primary","name":"Мырзарахимова улица","name:ru":"Мырзарахимова улица","name:en":"Myrzarahimov street","ref":"ЭМ-04"}},{"type":"Feature","geometry":{"type":"LineString","coordinates":[[73.33815,40.76482],[73.32623,40.76891],[73.32149,40.76833],[73.31265,40.77007],[73.29913,40.77041]]},"properties":{"@id":"way/444101922","highway":"primary","name":"Манаса улица","ref":"ЭМ-19"}},{"type":"Feature","geometry":{"type":"LineString","coordinates":[[73.56361,40.81124],[73.55941,40.81127]]},"properties":{"@id":"way/444161749","highway":"secondary","name":"Мырза-Аки - Кара-Шоро жолу","ref":"М-097"}},{"type":"Feature","geometry":{"type":"LineString","coordinates":[[73.668,40.8583],[73.65011,40.84674],[73.64429,40.84493],[73.6405,40.84544]]},"properties":{"@id":"way/444161754","highway":"secondary","name":"Мырза-Аки - Кара-Шоро жолу","ref":"М-097"}},{"type":"Feature","geometry":{"type":"LineString","coordinates":[[73.54973,40.81338],[73.5391,40.81594],[73.52598,40.81491],[73.50335,40.81036],[73.49638,40.80382]]},"properties":{"@id":"way/444161755","highway":"secondary","name":"Мырза-Аки - Кара-Шоро жолу","ref":"М-097"}},{"type":"Feature","geometry":{"type":"LineString","coordinates":[[73.5932,40.81206],[73.58608,40.81124]]},"properties":{"@id":"way/444161756","highway":"secondary","name":"Мырза-Аки - Кара-Шоро жолу","ref":"М-097"}},{"type":"Feature","geometry":{"type":"LineString","coordinates":[[73.48263,40.79144],[73.47798,40.78715]]},"properties":{"@id":"way/444161758","highway":"secondary","name":"Мырза-Аки - Кара-Шоро жолу","ref":"М-097"}},{"type":"Feature","geometry":{"type":"LineString","coordinates":[[73.74838,40.88161],[73.74195,40.88087]]},"properties":{"@id":"way/444161761","highway":"secondary","name":"Мырза-Аки - Кара-Шоро жолу","ref":"М-097"}},{"type":"Feature","geometry":{"type":"LineString","coordinates":[[73.61945,40.83389],[73.60572,40.8186]]},"properties":{"@id":"way/444161764","highway":"secondary","name":"Мырза-Аки - Кара-Шоро жолу","ref":"М-097"}},{"type":"Feature","geometry":{"type":"LineString","coordinates":[[73.58608,40.81124],[73.56361,40.81124]]},"properties":{"@id":"way/444161773","highway":"secondary","name":"Жакыпова улица","ref":"М-097"}},{"type":"Feature","geometry":{"type":"LineString","coordinates":[[73.47798,40.78715],[73.46684,40.77994],[73.46121,40.7747],[73.45895,40.77058]]},"properties":{"@id":"way/444161775","highway":"secondary","name":"Жуманазарова улица","ref":"М-097"}},{"type":"Feature","geometry":{"type":"LineString","coordinates":[[73.75896,40.88286],[73.74838,40.88161]]},"properties":{"@id":"way/444161778","highway":"secondary","name":"Кайынды улица","ref":"М-097"}},{"type":"Feature","geometry":{"type":"LineString","coordinates":[[73.60572,40.8186],[73.5932,40.81206]]},"properties":{"@id":"way/444161779","highway":"secondary","name":"Калмурзаев Бактыбек улица","ref":"М-097"}},{"type":"Feature","geometry":{"type":"LineString","coordinates":[[73.68604,40.8714],[73.668,40.8583]]},"properties":{"@id":"way/444161782","highway":"secondary","name":"Кудук улица","ref":"М-097"}},{"type":"Feature","geometry":{"type":"LineString","coordinates":[[73.70084,40.87814],[73.68604,40.8714]]},"properties":{"@id":"way/444161787","highway":"secondary","name":"Маткеримов Турдубай улица","ref":"М-097"}},{"type":"Feature","geometry":{"type":"LineString","coordinates":[[73.74195,40.88087],[73.73137,40.8794],[73.72475,40.88013]]},"properties":{"@id":"way/444161792","highway":"secondary","name":"Окелов улица","ref":"М-097"}},{"type":"Feature","geometry":{"type":"LineString","coordinates":[[73.55941,40.81127],[73.55,40.81326]]},"properties":{"@id":"way/444161793","highway":"secondary","name":"Саламалик улица","ref":"М-097"}},{"type":"Feature","geometry":{"type":"LineString","coordinates":[[73.62865,40.84005],[73.62249,40.83718],[73.61945,40.83389]]},"properties":{"@id":"way/444161794","highway":"secondary","name":"Султанова улица","ref":"М-097"}},{"type":"Feature","geometry":{"type":"LineString","coordinates":[[73.49638,40.80382],[73.48263,40.79144]]},"properties":{"@id":"way/444161795","highway":"secondary","name":"Ташиев улица","ref":"М-097"}},{"type":"Feature","geometry":{"type":"LineString","coordinates":[[73.38119,40.69687],[73.38157,40.69074],[73.38561,40.6854],[73.38669,40.68101]]},"properties":{"@id":"way/444236144","highway":"secondary"}},{"type":"Feature","geometry":{"type":"LineString","coordinates":[[73.41977,40.75386],[73.41841,40.75364]]},"properties":{"@id":"way/444236146","highway":"secondary","name":"Мырза-Аки - Кара-Шоро жолу","ref":"М-097"}},{"type":"Feature","geometry":{"type":"LineString","coordinates":[[73.4536,40.70527],[73.44763,40.71341],[73.42924,40.73022],[73.42029,40.74626]]},"properties":{"@id":"way/444236148","highway":"primary","name":"ЭМ-19","ref":"ЭМ-19"}},{"type":"Feature","geometry":{"type":"LineString","coordinates":[[73.33418,40.75395],[73.33879,40.75106]]},"properties":{"@id":"way/444236149","highway":"secondary"}},{"type":"Feature","geometry":{"type":"LineString","coordinates":[[73.39262,40.7529],[73.38533,40.7528],[73.36917,40.75542],[73.3581,40.76023],[73.33815,40.76482]]},"properties":{"@id":"way/444236151","highway":"primary","ref":"ЭМ-19"}},{"type":"Feature","geometry":{"type":"LineString","coordinates":[[73.45895,40.77058],[73.45361,40.76048]]},"properties":{"@id":"way/444236156","highway":"secondary","name":"Мырза-Аки - Кара-Шоро жолу","ref":"М-097"}},{"type":"Feature","geometry":{"type":"LineString","coordinates":[[73.41577,40.66468],[73.42424,40.66672]]},"properties":{"@id":"way/444236160","highway":"secondary"}},{"type":"Feature","geometry":{"type":"LineString","coordinates":[[73.34679,40.74326],[73.35988,40.7334]]},"properties":{"@id":"way/444236161","highway":"secondary"}},{"type":"Feature","geometry":{"type":"LineString","coordinates":[[73.4273,40.66763],[73.43226,40.66344]]},"properties":{"@id":"way/444236166","highway":"secondary","name":"Акиев Рыскул улица"}},{"type":"Feature","geometry":{"type":"LineString","coordinates":[[73.38669,40.68101],[73.38557,40.67966],[73.39151,40.67079],[73.39806,40.66469]]},"properties":{"@id":"way/444236167","highway":"secondary","name":"Базаров Токтосун улица"}},{"type":"Feature","geometry":{"type":"LineString","coordinates":[[73.41847,40.75783],[73.40836,40.75731],[73.39262,40.7529]]},"properties":{"@id":"way/444236173","highway":"primary","name":"Жээнбеков Маматкадыр улица","ref":"ЭМ-19"}},{"type":"Feature","geometry":{"type":"LineString","coordinates":[[73.42103,40.75227],[73.41977,40.75386]]},"properties":{"@id":"way/444236174","highway":"secondary","name":"Калдарова улица","ref":"М-097"}},{"type":"Feature","geometry":{"type":"LineString","coordinates":[[73.46635,40.6854],[73.46153,40.68799],[73.45988,40.69269]]},"properties":{"@id":"way/444236175","highway":"primary","name":"ЭМ-19","ref":"ЭМ-19"}},{"type":"Feature","geometry":{"type":"LineString","coordinates":[[73.42029,40.74626],[73.41847,40.75783]]},"properties":{"@id":"way/444236179","highway":"primary","name":"Койлубаева улица","ref":"ЭМ-19"}},{"type":"Feature","geometry":{"type":"LineString","coordinates":[[73.35988,40.7334],[73.37096,40.7199],[73.37548,40.71642],[73.38029,40.70227]]},"properties":{"@id":"way/444236183","highway":"secondary","name":"Кумарык улица"}},{"type":"Feature","geometry":{"type":"LineString","coordinates":[[73.38029,40.70227],[73.38119,40.69687]]},"properties":{"@id":"way/444236184","highway":"secondary","name":"Кумарык улица"}},{"type":"Feature","geometry":{"type":"LineString","coordinates":[[73.33879,40.75106],[73.34679,40.74326]]},"properties":{"@id":"way/444236189","highway":"secondary","name":"Теолес улица"}},{"type":"Feature","geometry":{"type":"LineString","coordinates":[[73.42424,40.66672],[73.4273,40.66763]]},"properties":{"@id":"way/444236190","highway":"secondary","name":"Тогуз-Булак улица"}},{"type":"Feature","geometry":{"type":"LineString","coordinates":[[73.41122,40.66278],[73.41577,40.66468]]},"properties":{"@id":"way/444236191","highway":"secondary","name":"Тогуз-Булак улица"}},{"type":"Feature","geometry":{"type":"LineString","coordinates":[[73.56869,40.64542],[73.56177,40.64724]]},"properties":{"@id":"way/444247306","highway":"primary","ref":"ЭМ-19"}},{"type":"Feature","geometry":{"type":"LineString","coordinates":[[73.48655,40.67248],[73.48567,40.67414],[73.48018,40.67578],[73.47522,40.68068],[73.46635,40.6854]]},"properties":{"@id":"way/444247315","highway":"primary","ref":"ЭМ-19"}},{"type":"Feature","geometry":{"type":"LineString","coordinates":[[73.57937,40.64219],[73.57843,40.64343],[73.56869,40.64542]]},"properties":{"@id":"way/444247319","highway":"primary","name":"Ак-Кыя улица","ref":"ЭМ-19"}},{"type":"Feature","geometry":{"type":"LineString","coordinates":[[73.56177,40.64724],[73.555,40.64705],[73.53068,40.6547]]},"properties":{"@id":"way/444247327","highway":"primary","name":"Камчыбеков Карим улица","ref":"ЭМ-19"}},{"type":"Feature","geometry":{"type":"LineString","coordinates":[[72.32389,40.84283],[72.32359,40.83785],[72.32786,40.82356]]},"properties":{"@id":"way/444711371","highway":"primary","ref":"D109"}},{"type":"Feature","geometry":{"type":"LineString","coordinates":[[72.32802,40.82355],[72.32376,40.83778],[72.32405,40.84283]]},"properties":{"@id":"way/444711376","highway":"primary","ref":"D109"}},{"type":"Feature","geometry":{"type":"LineString","coordinates":[[73.58254,40.62866],[73.58461,40.62781]]},"properties":{"@id":"way/445423446","highway":"secondary","ref":"ЭМ-19"}},{"type":"Feature","geometry":{"type":"LineString","coordinates":[[73.57334,40.6012],[73.56737,40.60284]]},"properties":{"@id":"way/445423495","highway":"secondary","name":"Сатыбаев Раимкул улица","ref":"ЭМ-19"}},{"type":"Feature","geometry":{"type":"LineString","coordinates":[[73.7412,40.55291],[73.7421,40.55098],[73.74385,40.55266],[73.75055,40.55464],[73.76035,40.5442]]},"properties":{"@id":"way/445430972","highway":"secondary","ref":"ЭМ-19"}},{"type":"Feature","geometry":{"type":"LineString","coordinates":[[73.79779,40.53434],[73.79871,40.53264],[73.81032,40.53064],[73.82075,40.53167]]},"properties":{"@id":"way/445430973","highway":"secondary","ref":"ЭМ-19"}},{"type":"Feature","geometry":{"type":"LineString","coordinates":[[73.76123,40.54424],[73.76401,40.54171],[73.76925,40.54221],[73.77671,40.53891],[73.78245,40.53874],[73.78425,40.53669],[73.78663,40.53707],[73.79046,40.53516],[73.79306,40.53717],[73.79294,40.53605]]},"properties":{"@id":"way/445430974","highway":"secondary","ref":"ЭМ-19"}},{"type":"Feature","geometry":{"type":"LineString","coordinates":[[73.72715,40.56328],[73.7324,40.56066],[73.7412,40.55291]]},"properties":{"@id":"way/445430977","highway":"secondary","name":"Абдыкадыров Тошкул улица","ref":"ЭМ-19"}},{"type":"Feature","geometry":{"type":"LineString","coordinates":[[73.96225,40.54905],[73.95534,40.55073]]},"properties":{"@id":"way/445430989","highway":"secondary","name":"Кичи Талды-Суу улица","ref":"ЭМ-19"}},{"type":"Feature","geometry":{"type":"LineString","coordinates":[[73.79294,40.53605],[73.79608,40.53347],[73.79779,40.53434]]},"properties":{"@id":"way/445430990","highway":"secondary","name":"Кулматов Куламидин улица","ref":"ЭМ-19"}},{"type":"Feature","geometry":{"type":"LineString","coordinates":[[73.82075,40.53167],[73.82647,40.53193]]},"properties":{"@id":"way/445430992","highway":"secondary","name":"Мамаков Шайлообай улица","ref":"ЭМ-19"}},{"type":"Feature","geometry":{"type":"LineString","coordinates":[[73.99748,40.54702],[73.9741,40.55108],[73.96225,40.54905]]},"properties":{"@id":"way/445430994","highway":"secondary","name":"Шаиева Апаз улица","ref":"ЭМ-19"}},{"type":"Feature","geometry":{"type":"LineString","coordinates":[[74.0101,40.54402],[73.99748,40.54702]]},"properties":{"@id":"way/445430995","highway":"secondary","name":"Шаиева Апаз улица","ref":"ЭМ-19"}},{"type":"Feature","geometry":{"type":"LineString","coordinates":[[73.8889,40.55413],[73.89211,40.55534],[73.89227,40.55825]]},"properties":{"@id":"way/445430999","highway":"secondary","name":"Эстебесов Омар улица","ref":"ЭМ-19"}},{"type":"Feature","geometry":{"type":"LineString","coordinates":[[74.09408,40.43378],[74.08901,40.43751],[74.07819,40.43428],[74.07371,40.43462]]},"properties":{"@id":"way/445438740","highway":"secondary","ref":"ЭМ-19"}},{"type":"Feature","geometry":{"type":"LineString","coordinates":[[74.12537,40.41077],[74.11633,40.41848]]},"properties":{"@id":"way/445438747","highway":"secondary","ref":"ЭМ-19"}},{"type":"Feature","geometry":{"type":"LineString","coordinates":[[73.25021,40.73836],[73.2444,40.73488],[73.24189,40.72991]]},"properties":{"@id":"way/446330113","highway":"trunk","name":"Кулбая улица","name:ru":"Кулбая улица","name:en":"Kulbai street","ref":"ЭМ-04"}},{"type":"Feature","geometry":{"type":"LineString","coordinates":[[73.16774,40.67938],[73.15724,40.67317]]},"properties":{"@id":"way/446380162","highway":"trunk","name":"Камчибекова улица","name:ru":"Камчибекова улица","name:en":"Kamchibekov street","ref":"ЭМ-04"}},{"type":"Feature","geometry":{"type":"LineString","coordinates":[[73.33869,39.85397],[73.3456,39.85613],[73.35557,39.8624]]},"properties":{"@id":"way/446573732","highway":"trunk","name":"Памирский тракт","name:ru":"Памирский тракт","name:en":"Pamir Highway","ref":"ЭМ-05"}},{"type":"Feature","geometry":{"type":"LineString","coordinates":[[73.35969,39.87017],[73.36004,39.87074]]},"properties":{"@id":"way/446573744","highway":"trunk","name":"Памирский тракт","name:ru":"Памирский тракт","name:en":"Sary-Tash-Gul'cha road","ref":"ЭМ-05"}},{"type":"Feature","geometry":{"type":"LineString","coordinates":[[73.33842,39.85395],[73.33869,39.85397]]},"properties":{"@id":"way/446573751","highway":"trunk","name":"Памирский тракт","name:ru":"Памирский тракт","name:en":"Sary-Tash-Gul'cha road","ref":"ЭМ-05"}},{"type":"Feature","geometry":{"type":"LineString","coordinates":[[73.35564,39.8626],[73.35969,39.87017]]},"properties":{"@id":"way/446573758","highway":"trunk","name":"Памирский тракт","name:ru":"Памирский тракт","name:en":"Pamir Highway","ref":"ЭМ-05"}},{"type":"Feature","geometry":{"type":"LineString","coordinates":[[73.61467,40.45839],[73.62359,40.4666]]},"properties":{"@id":"way/446629231","highway":"secondary","name":"Донуз-Ой улица","ref":"М-104"}},{"type":"Feature","geometry":{"type":"LineString","coordinates":[[73.62878,40.48483],[73.62703,40.48889],[73.62691,40.49481]]},"properties":{"@id":"way/446629232","highway":"secondary","name":"Жолдошев Абдулла улица","ref":"М-104"}},{"type":"Feature","geometry":{"type":"LineString","coordinates":[[73.58288,40.42343],[73.58864,40.42621],[73.59971,40.42781],[73.60504,40.43254],[73.61018,40.43254]]},"properties":{"@id":"way/446629234","highway":"secondary","name":"Кара-Булак улица","ref":"М-104"}},{"type":"Feature","geometry":{"type":"LineString","coordinates":[[73.56728,40.42215],[73.57591,40.42568],[73.57741,40.42416],[73.58288,40.42343]]},"properties":{"@id":"way/446629241","highway":"secondary","name":"Чаир-Арча улица","ref":"М-104"}},{"type":"Feature","geometry":{"type":"LineString","coordinates":[[73.10144,40.64821],[73.09921,40.64764]]},"properties":{"@id":"way/446644986","highway":"trunk","name":"Ленина улица","name:ru":"Бишкек-Ош","name:en":"Bishkek-Osh","ref":"ЭМ-04"}},{"type":"Feature","geometry":{"type":"LineString","coordinates":[[73.12974,40.66195],[73.12662,40.65973]]},"properties":{"@id":"way/446644987","highway":"trunk","name:ru":"Бишкек-Ош","name:en":"Bishkek-Osh","ref":"ЭМ-04"}},{"type":"Feature","geometry":{"type":"LineString","coordinates":[[73.10413,40.64895],[73.10144,40.64821]]},"properties":{"@id":"way/446644988","highway":"trunk","name":"Ленина улица","name:ru":"Бишкек-Ош","name:en":"Bishkek-Osh","ref":"ЭМ-04"}},{"type":"Feature","geometry":{"type":"LineString","coordinates":[[72.98007,40.7504],[72.99394,40.75458]]},"properties":{"@id":"way/446853512","highway":"secondary","ref":"М-091"}},{"type":"Feature","geometry":{"type":"LineString","coordinates":[[72.97383,40.60228],[72.95626,40.59813]]},"properties":{"@id":"way/446853513","highway":"trunk","name":"Ошская улица","name:ru":"Ошская улица","name:en":"Oshskaya street","ref":"ЭМ-04"}},{"type":"Feature","geometry":{"type":"LineString","coordinates":[[72.93471,40.62956],[72.92794,40.63788]]},"properties":{"@id":"way/446853609","highway":"secondary","ref":"М-103"}},{"type":"Feature","geometry":{"type":"LineString","coordinates":[[73.03626,40.61571],[73.03372,40.60494]]},"properties":{"@id":"way/446853637","highway":"secondary","name":"Абдыкадыров Б. улица"}},{"type":"Feature","geometry":{"type":"LineString","coordinates":[[73.06248,40.65533],[73.06678,40.6527],[73.07064,40.64161]]},"properties":{"@id":"way/446853639","highway":"secondary","name":"Акматова улица","ref":"М-091"}},{"type":"Feature","geometry":{"type":"LineString","coordinates":[[72.92794,40.63788],[72.92419,40.64368]]},"properties":{"@id":"way/446853657","highway":"secondary","name":"Кулбаева улица","ref":"М-103"}},{"type":"Feature","geometry":{"type":"LineString","coordinates":[[72.96199,40.60049],[72.95974,40.60546],[72.95314,40.61093]]},"properties":{"@id":"way/446853664","highway":"secondary","name":"Отуз-Адыр улица","ref":"М-103"}},{"type":"Feature","geometry":{"type":"LineString","coordinates":[[72.96926,40.74594],[72.98007,40.7504]]},"properties":{"@id":"way/446853668","highway":"secondary","name":"Савай улица","ref":"М-091"}},{"type":"Feature","geometry":{"type":"LineString","coordinates":[[72.91009,40.70754],[72.91767,40.71771],[72.92419,40.72239]]},"properties":{"@id":"way/446868089","highway":"secondary","ref":"М-091"}},{"type":"Feature","geometry":{"type":"LineString","coordinates":[[72.92245,40.65953],[72.92869,40.6627]]},"properties":{"@id":"way/446868135","highway":"secondary","ref":"М-103"}},{"type":"Feature","geometry":{"type":"LineString","coordinates":[[72.92419,40.72239],[72.94134,40.72808]]},"properties":{"@id":"way/446868182","highway":"secondary","name":"Исмаиловой Инохан улица","ref":"М-091"}},{"type":"Feature","geometry":{"type":"LineString","coordinates":[[72.91734,40.69689],[72.92083,40.6897]]},"properties":{"@id":"way/446868192","highway":"secondary","name":"Октябрьская улица","ref":"М-103"}},{"type":"Feature","geometry":{"type":"LineString","coordinates":[[72.89211,40.56865],[72.87862,40.5619],[72.86873,40.55975]]},"properties":{"@id":"way/446872275","highway":"trunk","name:ru":"Бишкек-Ош","name:en":"Bishkek-Osh","ref":"ЭМ-04"}},{"type":"Feature","geometry":{"type":"LineString","coordinates":[[72.92365,40.5865],[72.91384,40.58088]]},"properties":{"@id":"way/446872276","highway":"trunk","name":"Мамытов Раак улица","name:ru":"Бишкек-Ош","name:en":"Bishkek-Osh","ref":"ЭМ-04"}},{"type":"Feature","geometry":{"type":"LineString","coordinates":[[72.90522,40.57598],[72.90496,40.57584]]},"properties":{"@id":"way/446872277","highway":"trunk","name":"Арзынкулова улица","name:ru":"Бишкек-Ош","name:en":"Bishkek-Osh","ref":"ЭМ-04"}},{"type":"Feature","geometry":{"type":"LineString","coordinates":[[72.91384,40.58088],[72.90522,40.57598]]},"properties":{"@id":"way/446872278","highway":"trunk","name":"Арзынкулова улица","name:ru":"Бишкек-Ош","name:en":"Bishkek-Osh","ref":"ЭМ-04"}},{"type":"Feature","geometry":{"type":"LineString","coordinates":[[72.91727,40.58285],[72.92232,40.57777]]},"properties":{"@id":"way/446872312","highway":"secondary","name":"Жоош улица"}},{"type":"Feature","geometry":{"type":"LineString","coordinates":[[72.78407,40.62879],[72.79232,40.62691],[72.80056,40.62304]]},"properties":{"@id":"way/446908252","highway":"secondary","ref":"М-093"}},{"type":"Feature","geometry":{"type":"LineString","coordinates":[[72.82823,40.61556],[72.82954,40.61819]]},"properties":{"@id":"way/446908333","highway":"secondary","name":"Карасуйская улица","name:ru":"Карасуйская улица"}},{"type":"Feature","geometry":{"type":"LineString","coordinates":[[72.85966,40.67435],[72.85813,40.67022]]},"properties":{"@id":"way/447070228","highway":"primary","ref":"М-091"}},{"type":"Feature","geometry":{"type":"LineString","coordinates":[[72.91009,40.70754],[72.8975,40.70937]]},"properties":{"@id":"way/447070263","highway":"secondary","name":"Айдарова улица","ref":"М-091"}},{"type":"Feature","geometry":{"type":"LineString","coordinates":[[72.87141,40.70263],[72.86744,40.68791],[72.86465,40.68494],[72.85966,40.67435]]},"properties":{"@id":"way/447070276","highway":"primary","name":"Ленина улица","name:ky":"Ленин атындагы кёчё,","ref":"М-091"}},{"type":"Feature","geometry":{"type":"LineString","coordinates":[[72.7867,40.594],[72.78973,40.59546]]},"properties":{"@id":"way/447820101","highway":"secondary"}},{"type":"Feature","geometry":{"type":"LineString","coordinates":[[72.77862,40.59129],[72.77603,40.59538]]},"properties":{"@id":"way/447820102","highway":"primary","ref":"М-093"}},{"type":"Feature","geometry":{"type":"LineString","coordinates":[[72.78476,40.5682],[72.78174,40.58129]]},"properties":{"@id":"way/447820103","highway":"primary","ref":"М-093"}},{"type":"Feature","geometry":{"type":"LineString","coordinates":[[72.8182,40.58739],[72.8243,40.59953]]},"properties":{"@id":"way/447820111","highway":"primary","name":"Наримана улица","ref":"М-091"}},{"type":"Feature","geometry":{"type":"LineString","coordinates":[[72.77922,40.59034],[72.7867,40.594]]},"properties":{"@id":"way/447820113","highway":"secondary","name":"Халмурзаева улица"}},{"type":"Feature","geometry":{"type":"LineString","coordinates":[[72.75845,40.55508],[72.76854,40.56213]]},"properties":{"@id":"way/447845577","highway":"trunk","name":"Осмонова Б. улица","name:en":"B. Osmonov street","ref":"M-002"}},{"type":"Feature","geometry":{"type":"LineString","coordinates":[[72.80456,40.56341],[72.80469,40.5636]]},"properties":{"@id":"way/448961915","highway":"primary","name:en":"Razzakov street","ref":"М-091"}},{"type":"Feature","geometry":{"type":"LineString","coordinates":[[72.80938,40.5542],[72.81286,40.55621],[72.81788,40.56317],[72.82474,40.56893],[72.83043,40.58133]]},"properties":{"@id":"way/452366832","highway":"secondary","name":"Убайдила Садыкова улица"}},{"type":"Feature","geometry":{"type":"LineString","coordinates":[[72.8276,40.53607],[72.82579,40.53591]]},"properties":{"@id":"way/452370895","highway":"primary"}},{"type":"Feature","geometry":{"type":"LineString","coordinates":[[72.82579,40.53591],[72.81567,40.53504]]},"properties":{"@id":"way/452370896","highway":"primary"}},{"type":"Feature","geometry":{"type":"LineString","coordinates":[[72.73319,40.51658],[72.7479,40.51841]]},"properties":{"@id":"way/452376932","highway":"primary","name":"Кокум-Бий улица","ref":"М-090"}},{"type":"Feature","geometry":{"type":"LineString","coordinates":[[72.80521,40.51445],[72.8073,40.51538]]},"properties":{"@id":"way/452383754","highway":"secondary","name":"Асранкулова улица"}},{"type":"Feature","geometry":{"type":"LineString","coordinates":[[72.80718,40.51541],[72.80525,40.51449]]},"properties":{"@id":"way/452383755","highway":"secondary","name":"Асранкулова улица","name:en":"Asrankulov street"}},{"type":"Feature","geometry":{"type":"LineString","coordinates":[[72.80725,40.51544],[72.80718,40.51541]]},"properties":{"@id":"way/452383756","highway":"secondary","name":"Асранкулова улица","name:en":"Asrankulov street"}},{"type":"Feature","geometry":{"type":"LineString","coordinates":[[72.79695,40.5416],[72.80225,40.54318]]},"properties":{"@id":"way/452716247","highway":"secondary","name":"Жолдошбек Раимбеков"}},{"type":"Feature","geometry":{"type":"LineString","coordinates":[[72.50274,40.51204],[72.50322,40.51221]]},"properties":{"@id":"way/453029796","highway":"primary","ref":"М-090;М-095"}},{"type":"Feature","geometry":{"type":"LineString","coordinates":[[72.50112,40.51145],[72.5023,40.51191]]},"properties":{"@id":"way/453029798","highway":"primary","name":"Улица Ленина","ref":"М-090"}},{"type":"Feature","geometry":{"type":"LineString","coordinates":[[72.82093,40.49359],[72.81363,40.50777],[72.80983,40.51249]]},"properties":{"@id":"way/453085359","highway":"secondary","name":"Алымбек Датка улица","name:en":"Alymbek Datka street","ref":"М-101"}},{"type":"Feature","geometry":{"type":"LineString","coordinates":[[72.35042,40.78317],[72.36267,40.76855]]},"properties":{"@id":"way/457851146","highway":"primary","name":"Alisher Navoiy shoh ko'chasi","name:ru":"проспект Алишера Навои","ref":"D109"}},{"type":"Feature","geometry":{"type":"LineString","coordinates":[[72.36535,40.76527],[72.36608,40.76408]]},"properties":{"@id":"way/457851147","highway":"primary","name":"Dukchi Eshon ko'chasi","name:ru":"Дукчи Эшан улица","ref":"D017e"}},{"type":"Feature","geometry":{"type":"LineString","coordinates":[[72.33197,40.78711],[72.35032,40.78721]]},"properties":{"@id":"way/457881162","highway":"primary","name":"Oltinko'l ko'chasi","name:ru":"Алтынкуль улица","ref":"D132a"}},{"type":"Feature","geometry":{"type":"LineString","coordinates":[[72.31209,40.74086],[72.31611,40.73856]]},"properties":{"@id":"way/459273110","highway":"trunk","ref":"D105j"}},{"type":"Feature","geometry":{"type":"LineString","coordinates":[[72.31109,40.74164],[72.31209,40.74086]]},"properties":{"@id":"way/459273111","highway":"trunk","ref":"D105j"}},{"type":"Feature","geometry":{"type":"LineString","coordinates":[[72.34661,40.78613],[72.34653,40.78718]]},"properties":{"@id":"way/459275750","highway":"secondary"}},{"type":"Feature","geometry":{"type":"LineString","coordinates":[[72.37054,40.81858],[72.3658,40.82091],[72.36383,40.81944]]},"properties":{"@id":"way/460887400","highway":"secondary"}},{"type":"Feature","geometry":{"type":"LineString","coordinates":[[72.35039,40.78353],[72.34475,40.78337]]},"properties":{"@id":"way/461068487","highway":"primary","name":"O'zbekiston ko'chasi","name:ru":"Узбекистанская улица"}},{"type":"Feature","geometry":{"type":"LineString","coordinates":[[72.35781,40.77454],[72.35766,40.77447]]},"properties":{"@id":"way/461798394","highway":"secondary"}},{"type":"Feature","geometry":{"type":"LineString","coordinates":[[72.36547,40.76533],[72.36535,40.76527]]},"properties":{"@id":"way/462698513","highway":"primary"}},{"type":"Feature","geometry":{"type":"LineString","coordinates":[[72.35353,40.77936],[72.34999,40.77693]]},"properties":{"@id":"way/463851439","highway":"secondary","name":"Chorguzar ko'chasi","name:ru":"Чоргузар улица"}},{"type":"Feature","geometry":{"type":"LineString","coordinates":[[72.3536,40.77927],[72.35374,40.77934]]},"properties":{"@id":"way/463851443","highway":"secondary","name":"Chorguzar ko'chasi","name:ru":"Чоргузар улица"}},{"type":"Feature","geometry":{"type":"LineString","coordinates":[[72.38962,40.78958],[72.39012,40.78998]]},"properties":{"@id":"way/464860108","highway":"secondary","name":"Milliy Tiklanish ko'chasi","name:ru":"Миллий Тикланиш улица"}},{"type":"Feature","geometry":{"type":"LineString","coordinates":[[72.37545,40.77642],[72.37789,40.78405],[72.38509,40.78523],[72.3893,40.78929]]},"properties":{"@id":"way/464860109","highway":"secondary","name":"Milliy Tiklanish ko'chasi","name:ru":"Миллий Тикланиш улица"}},{"type":"Feature","geometry":{"type":"LineString","coordinates":[[72.76966,40.52568],[72.7689,40.5256]]},"properties":{"@id":"way/467803725","highway":"primary","name":"Гапара Айтиева улица","name:en":"G. Aytiev street","ref":"М-090"}},{"type":"Feature","geometry":{"type":"LineString","coordinates":[[72.74013,40.82619],[72.73205,40.82535],[72.71947,40.82702]]},"properties":{"@id":"way/474349338","highway":"secondary","name":"Qoradaryo ko'chasi","ref":"D137"}},{"type":"Feature","geometry":{"type":"LineString","coordinates":[[72.74174,40.81925],[72.74013,40.82619]]},"properties":{"@id":"way/474349339","highway":"secondary","name":"Nodirabegim ko'chasi","ref":"D137"}},{"type":"Feature","geometry":{"type":"LineString","coordinates":[[72.74694,40.81919],[72.75314,40.82015],[72.7653,40.81771]]},"properties":{"@id":"way/474349340","highway":"secondary","ref":"D143"}},{"type":"Feature","geometry":{"type":"LineString","coordinates":[[72.74798,40.80468],[72.74659,40.80898],[72.74694,40.81919]]},"properties":{"@id":"way/474349341","highway":"secondary","ref":"D137"}},{"type":"Feature","geometry":{"type":"LineString","coordinates":[[72.31984,40.8299],[72.3143,40.83393],[72.2986,40.82969]]},"properties":{"@id":"way/476034433","highway":"secondary","name":"Qashqar ko’chasi","name:ru":"Кашгар улица","name:en":"Kashgar Street"}},{"type":"Feature","geometry":{"type":"LineString","coordinates":[[72.80018,40.54843],[72.80081,40.5483]]},"properties":{"@id":"way/480018018","highway":"secondary","name":"Карасуйская улица"}},{"type":"Feature","geometry":{"type":"LineString","coordinates":[[72.37915,40.76979],[72.37086,40.77244]]},"properties":{"@id":"way/480776029","highway":"secondary","name":"Usmon Yusupov ko'chasi"}},{"type":"Feature","geometry":{"type":"LineString","coordinates":[[72.3493,40.72988],[72.3488,40.74162]]},"properties":{"@id":"way/484250732","highway":"secondary","name":"Gumbaz ko'chasi","name:ru":"Гумбаз улица"}},{"type":"Feature","geometry":{"type":"LineString","coordinates":[[72.35163,40.78164],[72.35178,40.78171]]},"properties":{"@id":"way/492736908","highway":"primary"}},{"type":"Feature","geometry":{"type":"LineString","coordinates":[[72.35046,40.78737],[72.35029,40.78736]]},"properties":{"@id":"way/492739369","highway":"primary"}},{"type":"Feature","geometry":{"type":"LineString","coordinates":[[72.84457,40.53714],[72.84461,40.53717]]},"properties":{"@id":"way/496057880","highway":"trunk","ref":"ЭМ-11"}},{"type":"Feature","geometry":{"type":"LineString","coordinates":[[72.37586,40.63118],[72.37592,40.63091]]},"properties":{"@id":"way/496113445","highway":"secondary"}},{"type":"Feature","geometry":{"type":"LineString","coordinates":[[72.3766,40.63087],[72.37633,40.63088]]},"properties":{"@id":"way/496113446","highway":"secondary","ref":"D139"}},{"type":"Feature","geometry":{"type":"LineString","coordinates":[[72.37602,40.63044],[72.37613,40.63064]]},"properties":{"@id":"way/496113447","highway":"secondary","ref":"D139"}},{"type":"Feature","geometry":{"type":"LineString","coordinates":[[72.35917,40.75147],[72.36591,40.75331]]},"properties":{"@id":"way/506627453","highway":"secondary","name":"Boborahim Mashrab ko'chasi","name:ru":"Боборахим Машраб улица"}},{"type":"Feature","geometry":{"type":"LineString","coordinates":[[72.61903,40.26298],[72.62338,40.26432]]},"properties":{"@id":"way/510739007","highway":"secondary","name":"Мирмахмудов","ref":"М-105"}},{"type":"Feature","geometry":{"type":"LineString","coordinates":[[72.61903,40.26298],[72.61796,40.26567]]},"properties":{"@id":"way/510739012","highway":"secondary","name":"Одностронняя","ref":"М-105"}},{"type":"Feature","geometry":{"type":"LineString","coordinates":[[72.31732,40.82345],[72.31727,40.82367]]},"properties":{"@id":"way/511993088","highway":"secondary"}},{"type":"Feature","geometry":{"type":"LineString","coordinates":[[72.31787,40.8225],[72.31732,40.82345]]},"properties":{"@id":"way/511993089","highway":"secondary"}},{"type":"Feature","geometry":{"type":"LineString","coordinates":[[72.31727,40.82367],[72.31037,40.82974],[72.30875,40.83269]]},"properties":{"@id":"way/511993090","highway":"secondary"}},{"type":"Feature","geometry":{"type":"LineString","coordinates":[[72.32774,40.74388],[72.32787,40.74379]]},"properties":{"@id":"way/512049087","highway":"secondary"}},{"type":"Feature","geometry":{"type":"LineString","coordinates":[[72.36267,40.76855],[72.35822,40.76653]]},"properties":{"@id":"way/512049091","highway":"primary","name":"Milliy Tiklanish ko'chasi","name:ru":"Миллий Тикланиш улица","ref":"D017e"}},{"type":"Feature","geometry":{"type":"LineString","coordinates":[[72.35548,40.76528],[72.31867,40.73723]]},"properties":{"@id":"way/512049092","highway":"primary","name":"Amir Temur shoh ko'chasi","name:ru":"проспект Амира Темура","ref":"D017e"}},{"type":"Feature","geometry":{"type":"LineString","coordinates":[[72.3188,40.73716],[72.32174,40.73933]]},"properties":{"@id":"way/512049093","highway":"primary","name":"Amir Temur shoh ko'chasi","name:ru":"проспект Амира Темура","ref":"D017e"}},{"type":"Feature","geometry":{"type":"LineString","coordinates":[[72.3707,40.77247],[72.36281,40.76862]]},"properties":{"@id":"way/512049094","highway":"secondary","name":"Milliy Tiklanish ko'chasi","name:ru":"Миллий Тикланиш улица"}},{"type":"Feature","geometry":{"type":"LineString","coordinates":[[72.31747,40.73638],[72.30479,40.71881]]},"properties":{"@id":"way/512220503","highway":"trunk","name":"Farg‘ona halqa yo‘li","name:ru":"Ферганская кольцевая дорога","name:en":"Fergana Ring Road","ref":"D105"}},{"type":"Feature","geometry":{"type":"LineString","coordinates":[[72.33445,40.75443],[72.33816,40.7524]]},"properties":{"@id":"way/512220506","highway":"secondary","name":"Paxtakor ko'chasi","name:ru":"Пахтакор улица"}},{"type":"Feature","geometry":{"type":"LineString","coordinates":[[72.36288,40.76853],[72.37086,40.77244]]},"properties":{"@id":"way/512269191","highway":"secondary","name":"Milliy Tiklanish ko'chasi","name:ru":"Миллий Тикланиш улица"}},{"type":"Feature","geometry":{"type":"LineString","coordinates":[[72.36281,40.76862],[72.36267,40.76855]]},"properties":{"@id":"way/512277402","highway":"primary","name":"Milliy Tiklanish ko'chasi","name:ru":"Миллий Тикланиш улица","ref":"D017e"}},{"type":"Feature","geometry":{"type":"LineString","coordinates":[[72.36273,40.76846],[72.36288,40.76853]]},"properties":{"@id":"way/512277403","highway":"primary","name":"Milliy Tiklanish ko'chasi","name:ru":"Миллий Тикланиш улица","ref":"D017e"}},{"type":"Feature","geometry":{"type":"LineString","coordinates":[[72.79614,40.53243],[72.79518,40.53625]]},"properties":{"@id":"way/518562488","highway":"primary","name":"Алымбек Датка көчөсү","name:ky":"Алымбек Датка көчөсү","name:ru":"улица Алымбека Датки","name:en":"Alymbek Datka Street"}},{"type":"Feature","geometry":{"type":"LineString","coordinates":[[72.79099,40.5432],[72.77589,40.55449],[72.77043,40.56082]]},"properties":{"@id":"way/521421442","highway":"primary","name":"Алымбек Датка көчөсү","name:ky":"Алымбек Датка көчөсү","name:ru":"Алымбек Датка улица","name:en":"Alymbek Datka Street","ref":"ЭМ-15"}},{"type":"Feature","geometry":{"type":"LineString","coordinates":[[72.31955,40.73655],[72.32026,40.73742]]},"properties":{"@id":"way/532204967","highway":"trunk"}},{"type":"Feature","geometry":{"type":"LineString","coordinates":[[72.31916,40.736],[72.31931,40.73618]]},"properties":{"@id":"way/532204968","highway":"secondary"}},{"type":"Feature","geometry":{"type":"LineString","coordinates":[[72.60391,40.75056],[72.60261,40.75358]]},"properties":{"@id":"way/537725786","highway":"secondary","ref":"D144"}},{"type":"Feature","geometry":{"type":"LineString","coordinates":[[72.95041,40.5262],[72.9426,40.53607],[72.92794,40.5415]]},"properties":{"@id":"way/539560501","highway":"trunk","name:en":"Osh-Gul'cha road","ref":"ЭМ-05"}},{"type":"Feature","geometry":{"type":"LineString","coordinates":[[72.9925,40.51044],[72.97569,40.51086],[72.96235,40.51559],[72.95717,40.51802],[72.95041,40.5262]]},"properties":{"@id":"way/539560502","highway":"trunk","name":"Шамурзаев Уран улица","ref":"ЭМ-05"}},{"type":"Feature","geometry":{"type":"LineString","coordinates":[[72.56019,41.03523],[72.56681,41.03885]]},"properties":{"@id":"way/539824554","highway":"trunk","name":"Торокулова Хамракула улица","name:ru":"Бишкек-Ош","name:en":"Bishkek-Osh","ref":"ЭМ-04"}},{"type":"Feature","geometry":{"type":"LineString","coordinates":[[72.55416,41.03414],[72.55614,41.03444]]},"properties":{"@id":"way/539824555","highway":"trunk","name":"Бишкек — Ош","name:ru":"Бишкек — Ош","name:en":"Bishkek-Osh","ref":"ЭМ-04"}},{"type":"Feature","geometry":{"type":"LineString","coordinates":[[72.93269,40.55159],[72.93223,40.55141]]},"properties":{"@id":"way/539854655","highway":"secondary"}},{"type":"Feature","geometry":{"type":"LineString","coordinates":[[72.93464,40.56885],[72.9334,40.55926]]},"properties":{"@id":"way/539854656","highway":"secondary"}},{"type":"Feature","geometry":{"type":"LineString","coordinates":[[72.93668,40.55308],[72.93269,40.55159]]},"properties":{"@id":"way/539854663","highway":"secondary","name":"Биримдик улица"}},{"type":"Feature","geometry":{"type":"LineString","coordinates":[[72.84424,40.53748],[72.84419,40.53742]]},"properties":{"@id":"way/540051251","highway":"trunk","ref":"http://cbd.minjust.gov.kg/act/view/ru-ru/100245?cl=ru-ru"}},{"type":"Feature","geometry":{"type":"LineString","coordinates":[[72.32056,40.73705],[72.32282,40.73583]]},"properties":{"@id":"way/540181358","highway":"trunk","name":"Andijon halqa yo‘li","name:ru":"Андижанская кольцевая дорога","name:en":"Andijan Ring Road","ref":"A373"}},{"type":"Feature","geometry":{"type":"LineString","coordinates":[[72.31665,40.7392],[72.32056,40.73705]]},"properties":{"@id":"way/540181359","highway":"trunk","name":"Andijon halqa yo‘li","name:ru":"Андижанская кольцевая дорога","name:en":"Andijan Ring Road","ref":"A373"}},{"type":"Feature","geometry":{"type":"LineString","coordinates":[[72.31475,40.74026],[72.31665,40.7392]]},"properties":{"@id":"way/540181360","highway":"trunk","name":"Andijon halqa yo‘li","name:ru":"Андижанская кольцевая дорога","name:en":"Andijan Ring Road","ref":"A373"}},{"type":"Feature","geometry":{"type":"LineString","coordinates":[[72.41,40.74088],[72.40991,40.741]]},"properties":{"@id":"way/542013630","highway":"primary","ref":"D017e"}},{"type":"Feature","geometry":{"type":"LineString","coordinates":[[72.43428,40.72487],[72.4185,40.7363],[72.41,40.74088]]},"properties":{"@id":"way/542013631","highway":"primary","ref":"D017e"}},{"type":"Feature","geometry":{"type":"LineString","coordinates":[[72.98422,40.86121],[72.98477,40.86111]]},"properties":{"@id":"way/545835746","highway":"trunk","ref":"ЭМ-04"}},{"type":"Feature","geometry":{"type":"LineString","coordinates":[[72.33052,40.81533],[72.33034,40.81527]]},"properties":{"@id":"way/549084814","highway":"primary"}},{"type":"Feature","geometry":{"type":"LineString","coordinates":[[72.32885,40.81972],[72.3287,40.81969]]},"properties":{"@id":"way/549084816","highway":"primary"}},{"type":"Feature","geometry":{"type":"LineString","coordinates":[[72.97691,40.82094],[72.9745,40.81247]]},"properties":{"@id":"way/552805657","highway":"primary","name":"Xonobod ko'chasi","name:ru":"Ханабад улица","name:en":"Xanabad street","ref":"M41"}},{"type":"Feature","geometry":{"type":"LineString","coordinates":[[72.97701,40.82124],[72.97691,40.82094]]},"properties":{"@id":"way/552805658","highway":"primary","ref":"M41"}},{"type":"Feature","geometry":{"type":"LineString","coordinates":[[72.9745,40.81247],[72.97711,40.82123]]},"properties":{"@id":"way/552805659","highway":"primary","name":"Xonobod ko'chasi","name:ru":"Ханабад улица","name:en":"Xanabad street","ref":"M41"}},{"type":"Feature","geometry":{"type":"LineString","coordinates":[[72.97432,40.81197],[72.9745,40.81247]]},"properties":{"@id":"way/552805660","highway":"primary","name":"Xonobod ko'chasi","name:ru":"Ханабад улица","name:en":"Xanabad street","ref":"M41"}},{"type":"Feature","geometry":{"type":"LineString","coordinates":[[72.33976,40.78337],[72.33214,40.78337]]},"properties":{"@id":"way/560946990","highway":"primary","name":"O'zbekiston ko'chasi","name:ru":"Узбекистанская улица"}},{"type":"Feature","geometry":{"type":"LineString","coordinates":[[72.34735,40.7992],[72.34651,40.79874]]},"properties":{"@id":"way/562582079","highway":"secondary","ref":"D137"}},{"type":"Feature","geometry":{"type":"LineString","coordinates":[[72.37422,40.2999],[72.36902,40.27112],[72.36846,40.26192],[72.36677,40.26122],[72.364,40.25673]]},"properties":{"@id":"way/588354425","highway":"secondary","name":"ул.Чолпонова М."}},{"type":"Feature","geometry":{"type":"LineString","coordinates":[[72.36372,40.25656],[72.364,40.25673]]},"properties":{"@id":"way/588354426","highway":"secondary"}},{"type":"Feature","geometry":{"type":"LineString","coordinates":[[72.50163,40.62491],[72.50292,40.62379],[72.50062,40.61879],[72.50483,40.61544],[72.51446,40.6112]]},"properties":{"@id":"way/591712549","highway":"secondary","ref":"60V023;60V072"}},{"type":"Feature","geometry":{"type":"LineString","coordinates":[[73.45729,40.30539],[73.45638,40.30571]]},"properties":{"@id":"way/609669409","highway":"trunk","name":"Памирский тракт","name:en":"Pamir Highway","ref":"ЭМ-05"}},{"type":"Feature","geometry":{"type":"LineString","coordinates":[[73.45247,40.30589],[73.45642,40.3056]]},"properties":{"@id":"way/609669410","highway":"trunk","name":"Памирский тракт","ref":"ЭМ-05"}},{"type":"Feature","geometry":{"type":"LineString","coordinates":[[73.45729,40.30539],[73.4581,40.30526]]},"properties":{"@id":"way/609669411","highway":"trunk","name":"Памирский тракт","name:ru":"Памирский тракт","name:en":"Pamir Highway","ref":"ЭМ-05"}},{"type":"Feature","geometry":{"type":"LineString","coordinates":[[73.45763,40.30575],[73.45794,40.30613]]},"properties":{"@id":"way/609669412","highway":"secondary","name":"Алымбек датка көчөсү","ref":"М-104"}},{"type":"Feature","geometry":{"type":"LineString","coordinates":[[72.97912,40.32772],[72.97765,40.32955],[72.97545,40.32937]]},"properties":{"@id":"way/611851231","highway":"secondary","ref":"М-102"}},{"type":"Feature","geometry":{"type":"LineString","coordinates":[[72.97924,40.32757],[72.97912,40.32772]]},"properties":{"@id":"way/611851232","highway":"secondary","ref":"М-102"}},{"type":"Feature","geometry":{"type":"LineString","coordinates":[[72.43541,40.75846],[72.434,40.7591]]},"properties":{"@id":"way/617228963","highway":"primary","ref":"D143"}},{"type":"Feature","geometry":{"type":"LineString","coordinates":[[72.34901,40.82762],[72.34157,40.82687]]},"properties":{"@id":"way/617228964","highway":"trunk","name":"Andijon halqa yo‘li","name:ru":"Андижанская кольцевая дорога","name:en":"Andijan Ring Road","ref":"D132"}},{"type":"Feature","geometry":{"type":"LineString","coordinates":[[72.88492,40.73008],[72.88517,40.72981]]},"properties":{"@id":"way/617748852","highway":"secondary","ref":"60V004"}},{"type":"Feature","geometry":{"type":"LineString","coordinates":[[73.00372,40.95066],[72.99688,40.94546],[72.98927,40.94453]]},"properties":{"@id":"way/620523261","highway":"secondary","name":"Осмонов Бекмат көчөсү","name:ru":"Осмонова Бекмата улица"}},{"type":"Feature","geometry":{"type":"LineString","coordinates":[[73.00251,40.97832],[72.9908,40.96336]]},"properties":{"@id":"way/620529243","highway":"trunk","ref":"ЭМ-12"}},{"type":"Feature","geometry":{"type":"LineString","coordinates":[[72.98057,40.94353],[72.9823,40.95479],[72.98955,40.96212]]},"properties":{"@id":"way/621651586","highway":"secondary","name":"Индустриал көчөсү"}},{"type":"Feature","geometry":{"type":"LineString","coordinates":[[72.34708,40.78718],[72.34708,40.78733]]},"properties":{"@id":"way/623738175","highway":"primary"}},{"type":"Feature","geometry":{"type":"LineString","coordinates":[[72.34186,40.78716],[72.34186,40.78729]]},"properties":{"@id":"way/623738178","highway":"primary"}},{"type":"Feature","geometry":{"type":"LineString","coordinates":[[72.35049,40.78722],[72.35032,40.78721]]},"properties":{"@id":"way/623738179","highway":"primary"}},{"type":"Feature","geometry":{"type":"LineString","coordinates":[[72.35032,40.78721],[72.35046,40.78737]]},"properties":{"@id":"way/623738182","highway":"primary"}},{"type":"Feature","geometry":{"type":"LineString","coordinates":[[72.35049,40.78722],[72.35029,40.78736]]},"properties":{"@id":"way/623738184","highway":"primary"}},{"type":"Feature","geometry":{"type":"LineString","coordinates":[[72.35029,40.78736],[72.33197,40.78728]]},"properties":{"@id":"way/623738186","highway":"primary","name":"Oltinko'l ko'chasi","name:ru":"Алтынкуль улица","ref":"D132a"}},{"type":"Feature","geometry":{"type":"LineString","coordinates":[[73.45794,40.30613],[73.45715,40.30596]]},"properties":{"@id":"way/624029147","highway":"secondary","name":"Алымбек датка көчөсү","ref":"М-104"}},{"type":"Feature","geometry":{"type":"LineString","coordinates":[[73.4581,40.30526],[73.45763,40.30575]]},"properties":{"@id":"way/624029150","highway":"trunk","name":"Памирский тракт","name:ru":"Памирский тракт","name:en":"Pamir Highway","ref":"ЭМ-05"}},{"type":"Feature","geometry":{"type":"LineString","coordinates":[[72.98121,40.93218],[72.97439,40.93234]]},"properties":{"@id":"way/626544203","highway":"secondary","name":"Түмөнбай Байзаков көчөсү (Москва)"}},{"type":"Feature","geometry":{"type":"LineString","coordinates":[[72.97102,40.94654],[72.97465,40.95361]]},"properties":{"@id":"way/630066656","highway":"secondary"}},{"type":"Feature","geometry":{"type":"LineString","coordinates":[[72.99689,40.93336],[72.9966,40.9342]]},"properties":{"@id":"way/630066687","highway":"secondary","name":"Чехов көчөсү","name:ru":"Чехова улица"}},{"type":"Feature","geometry":{"type":"LineString","coordinates":[[72.97133,40.93658],[72.97126,40.93647]]},"properties":{"@id":"way/630066701","highway":"secondary"}},{"type":"Feature","geometry":{"type":"LineString","coordinates":[[72.35073,40.78519],[72.35089,40.78521]]},"properties":{"@id":"way/630169812","highway":"primary"}},{"type":"Feature","geometry":{"type":"LineString","coordinates":[[72.3334,40.755],[72.33445,40.75443]]},"properties":{"@id":"way/632405318","highway":"secondary","name":"Paxtakor ko'chasi","name:ru":"Пахтакор улица"}},{"type":"Feature","geometry":{"type":"LineString","coordinates":[[72.31235,40.7416],[72.31332,40.74106]]},"properties":{"@id":"way/632416199","highway":"trunk","name":"Andijon halqa yo‘li","name:ru":"Андижанская кольцевая дорога","name:en":"Andijan Ring Road","ref":"A373;D105"}},{"type":"Feature","geometry":{"type":"LineString","coordinates":[[72.74526,41.0345],[72.74249,41.03339]]},"properties":{"@id":"way/636551842","highway":"secondary","name":"Дамбылажанова улица"}},{"type":"Feature","geometry":{"type":"LineString","coordinates":[[72.35079,40.50108],[72.34534,40.50108],[72.34355,40.50291],[72.33408,40.50397]]},"properties":{"@id":"way/641186078","highway":"primary","name":"Ipak yoʻli koʻchasi","name:ru":"Ипак йули улица","ref":"D087"}},{"type":"Feature","geometry":{"type":"LineString","coordinates":[[73.00767,40.93578],[73.00875,40.93437]]},"properties":{"@id":"way/643713897","highway":"secondary","name":"Пугачев көчөсү","name:ru":"Пугачева Емельяна улица"}},{"type":"Feature","geometry":{"type":"LineString","coordinates":[[73.00412,40.91365],[73.00727,40.92376],[73.0097,40.92722]]},"properties":{"@id":"way/643775495","highway":"primary","name":"Барпы Сейил улица","ref":"М-122"}},{"type":"Feature","geometry":{"type":"LineString","coordinates":[[72.98317,40.94376],[72.98057,40.94353]]},"properties":{"@id":"way/669629311","highway":"secondary","name":"Бекмамат Осмонов көчөсү"}},{"type":"Feature","geometry":{"type":"LineString","coordinates":[[72.98927,40.94453],[72.98317,40.94376]]},"properties":{"@id":"way/669629312","highway":"primary","name":"Осмонов Бекмат көчөсү"}},{"type":"Feature","geometry":{"type":"LineString","coordinates":[[72.78749,40.53531],[72.78754,40.53531]]},"properties":{"@id":"way/674767794","highway":"primary","name":"Алишера Новои улица","name:en":"A. Navoi street","ref":"М-090"}},{"type":"Feature","geometry":{"type":"LineString","coordinates":[[72.78754,40.53531],[72.79284,40.53569]]},"properties":{"@id":"way/674767795","highway":"primary","name":"Алишера Новои улица","name:en":"A. Navoi street","ref":"М-090"}},{"type":"Feature","geometry":{"type":"LineString","coordinates":[[72.78685,40.53524],[72.78749,40.53531]]},"properties":{"@id":"way/674767798","highway":"primary","name":"Алишера Новои улица","name:en":"A. Navoi street","ref":"М-090"}},{"type":"Feature","geometry":{"type":"LineString","coordinates":[[72.77615,40.53157],[72.78277,40.53472],[72.78685,40.53524]]},"properties":{"@id":"way/674767800","highway":"primary","name":"Алишера Новои улица","name:en":"A. Navoi street","ref":"М-090"}},{"type":"Feature","geometry":{"type":"LineString","coordinates":[[72.77318,40.52598],[72.76966,40.52568]]},"properties":{"@id":"way/674767801","highway":"primary","name":"Гапара Айтиева улица","name:en":"G. Aytiev street"}},{"type":"Feature","geometry":{"type":"LineString","coordinates":[[72.79483,40.529],[72.79685,40.52517]]},"properties":{"@id":"way/674767802","highway":"primary","name":"Курманжан Датка көчөсү","name:ky":"Курманжан Датка көчөсү","name:ru":"Курманжан Датка улица","name:en":"Kurmanzhan Datka Street"}},{"type":"Feature","geometry":{"type":"LineString","coordinates":[[72.79405,40.53215],[72.79483,40.529]]},"properties":{"@id":"way/674767803","highway":"primary","name":"Курманжан Датка көчөсү","name:ky":"Курманжан Датка көчөсү","name:ru":"Курманжан Датка улица","name:en":"Kurmanzhan Datka Street"}},{"type":"Feature","geometry":{"type":"LineString","coordinates":[[72.74164,40.81895],[72.74176,40.81883]]},"properties":{"@id":"way/676486880","highway":"secondary","ref":"D143"}},{"type":"Feature","geometry":{"type":"LineString","coordinates":[[72.74189,40.81902],[72.74167,40.81901]]},"properties":{"@id":"way/676486881","highway":"secondary","ref":"D137"}},{"type":"Feature","geometry":{"type":"LineString","coordinates":[[72.74184,40.81884],[72.74192,40.819]]},"properties":{"@id":"way/676486882","highway":"secondary","ref":"D137;D143"}},{"type":"Feature","geometry":{"type":"LineString","coordinates":[[72.74176,40.81883],[72.74176,40.81883]]},"properties":{"@id":"way/676486883","highway":"secondary","ref":"D137;D143"}},{"type":"Feature","geometry":{"type":"LineString","coordinates":[[72.34121,41.04837],[72.33826,41.04818],[72.3348,41.0446],[72.33084,41.04402],[72.31075,41.04929]]},"properties":{"@id":"way/688004655","highway":"primary"}},{"type":"Feature","geometry":{"type":"LineString","coordinates":[[72.34181,41.04839],[72.3416,41.04838]]},"properties":{"@id":"way/688004656","highway":"primary","ref":"D133"}},{"type":"Feature","geometry":{"type":"LineString","coordinates":[[72.34454,41.04846],[72.34441,41.04843]]},"properties":{"@id":"way/688004657","highway":"primary","ref":"D133"}},{"type":"Feature","geometry":{"type":"LineString","coordinates":[[72.34441,41.04843],[72.34318,41.04841]]},"properties":{"@id":"way/688004658","highway":"primary","ref":"D133"}},{"type":"Feature","geometry":{"type":"LineString","coordinates":[[72.82634,40.49487],[72.8283,40.49211]]},"properties":{"@id":"way/692084491","highway":"secondary","name":"Насирдина Исанова улица","name:en":"Isanov street","ref":"М-094"}},{"type":"Feature","geometry":{"type":"LineString","coordinates":[[72.8014,40.51871],[72.80521,40.51445]]},"properties":{"@id":"way/692090267","highway":"primary","name":"Курманжан Датка көчөсү","name:ky":"Курманжан Датка көчөсү","name:ru":"Курманжан Датка улица","name:en":"Kurmanzhan Datka Street"}},{"type":"Feature","geometry":{"type":"LineString","coordinates":[[72.80983,40.51249],[72.80711,40.51233]]},"properties":{"@id":"way/692090268","highway":"primary","name":"Джиннах М.А. улица","name:en":"Dzinnakh Street"}},{"type":"Feature","geometry":{"type":"LineString","coordinates":[[72.53708,40.70404],[72.54764,40.69189]]},"properties":{"@id":"way/699353915","highway":"trunk"}},{"type":"Feature","geometry":{"type":"LineString","coordinates":[[73.01106,40.93082],[73.00992,40.93404],[73.00871,40.93419]]},"properties":{"@id":"way/705333015","highway":"secondary","name":"Барпы Сейил улица"}},{"type":"Feature","geometry":{"type":"LineString","coordinates":[[72.9966,40.9342],[72.99244,40.93364]]},"properties":{"@id":"way/710311260","highway":"secondary","name":"Байзаков Түмөнбай көчөсү","name:ru":"Байзакова Т. улица"}},{"type":"Feature","geometry":{"type":"LineString","coordinates":[[72.8425,40.64403],[72.84098,40.62316]]},"properties":{"@id":"way/728148645","highway":"primary","name":"Нариман көчөсү","name:en":"Nariman Street","ref":"М-091"}},{"type":"Feature","geometry":{"type":"LineString","coordinates":[[72.84114,40.62321],[72.84261,40.64258],[72.84499,40.64802]]},"properties":{"@id":"way/728148646","highway":"primary","ref":"М-091"}},{"type":"Feature","geometry":{"type":"LineString","coordinates":[[72.84098,40.62316],[72.83934,40.61707],[72.83452,40.61045],[72.82419,40.60014],[72.81754,40.58734]]},"properties":{"@id":"way/728148647","highway":"primary","name":"Нариман көчөсү","ref":"М-091"}},{"type":"Feature","geometry":{"type":"LineString","coordinates":[[75.00706,39.75317],[75.00909,39.75013]]},"properties":{"@id":"way/729966886","highway":"motorway","name":"阿伊高速","name:en":"Ayi Expressway","ref":"G3013;G581"}},{"type":"Feature","geometry":{"type":"LineString","coordinates":[[72.79587,40.53639],[72.80029,40.53731]]},"properties":{"@id":"way/732430203","highway":"primary","name":"Алишера Навои улица","name:ru":"улица Навои А.","name:en":"A. Navoi Street"}},{"type":"Feature","geometry":{"type":"LineString","coordinates":[[72.79661,40.54143],[72.79695,40.5416]]},"properties":{"@id":"way/732432395","highway":"secondary","name":"Жолдошбек Раимбеков"}},{"type":"Feature","geometry":{"type":"LineString","coordinates":[[72.79695,40.5416],[72.79655,40.54157]]},"properties":{"@id":"way/732432396","highway":"secondary","name":"Жолдошбек Раимбеков"}},{"type":"Feature","geometry":{"type":"LineString","coordinates":[[72.79646,40.54143],[72.79646,40.54143]]},"properties":{"@id":"way/732432397","highway":"secondary"}},{"type":"Feature","geometry":{"type":"LineString","coordinates":[[72.31335,40.74115],[72.31232,40.74175]]},"properties":{"@id":"way/749691595","highway":"trunk","name":"Andijon halqa yo‘li","name:ru":"Андижанская кольцевая дорога","name:en":"Andijan Ring Road","ref":"A373;D105"}},{"type":"Feature","geometry":{"type":"LineString","coordinates":[[72.31232,40.74175],[72.30784,40.74427]]},"properties":{"@id":"way/749691596","highway":"trunk","name":"Andijon halqa yo‘li","name:ru":"Андижанская кольцевая дорога","name:en":"Andijan Ring Road","ref":"A373;D105"}},{"type":"Feature","geometry":{"type":"LineString","coordinates":[[72.30777,40.7442],[72.31235,40.7416]]},"properties":{"@id":"way/749691597","highway":"trunk","name":"Andijon halqa yo‘li","name:ru":"Андижанская кольцевая дорога","name:en":"Andijan Ring Road","ref":"A373;D105"}},{"type":"Feature","geometry":{"type":"LineString","coordinates":[[72.99352,40.92742],[72.99352,40.92747]]},"properties":{"@id":"way/749692705","highway":"secondary","name":"Красина"}},{"type":"Feature","geometry":{"type":"LineString","coordinates":[[72.99352,40.92747],[72.99343,40.92743]]},"properties":{"@id":"way/749692706","highway":"trunk","name":"Курманбек Баатыр көчөсү","name:ru":"Ленина улица","name:en":"Lenin St."}},{"type":"Feature","geometry":{"type":"LineString","coordinates":[[72.99343,40.92743],[73.00106,40.9274]]},"properties":{"@id":"way/749692707","highway":"trunk","name":"Түмөнбай Байзаков проспекти","name:ru":"Түмөнбай Байзаков проспекти","name:en":"Lenin St."}},{"type":"Feature","geometry":{"type":"LineString","coordinates":[[73.00106,40.9274],[72.99352,40.92747]]},"properties":{"@id":"way/749692708","highway":"trunk","name":"Түмөнбай Байзаков проспекти","name:ru":"Түмөнбай Байзаков проспекти","name:en":"Lenin St."}},{"type":"Feature","geometry":{"type":"LineString","coordinates":[[73.0097,40.92722],[73.00145,40.92738]]},"properties":{"@id":"way/749692709","highway":"primary","name":"Түмөнбай Байзаков проспекти","name:ru":"Түмөнбай Байзаков проспекти"}},{"type":"Feature","geometry":{"type":"LineString","coordinates":[[72.46852,40.70587],[72.45607,40.71074],[72.43872,40.72278]]},"properties":{"@id":"way/749712795","highway":"trunk","ref":"A373"}},{"type":"Feature","geometry":{"type":"LineString","coordinates":[[72.5028,40.70088],[72.48953,40.70178],[72.46852,40.70587]]},"properties":{"@id":"way/749712796","highway":"trunk"}},{"type":"Feature","geometry":{"type":"LineString","coordinates":[[72.46849,40.70578],[72.47444,40.70452]]},"properties":{"@id":"way/749712797","highway":"trunk"}},{"type":"Feature","geometry":{"type":"LineString","coordinates":[[72.46348,40.70731],[72.46849,40.70578]]},"properties":{"@id":"way/749712798","highway":"trunk","ref":"A373"}},{"type":"Feature","geometry":{"type":"LineString","coordinates":[[72.5937,40.65082],[72.59389,40.65073]]},"properties":{"@id":"way/749967614","highway":"trunk","ref":"A373"}},{"type":"Feature","geometry":{"type":"LineString","coordinates":[[72.59398,40.65085],[72.58534,40.65404],[72.57011,40.65658],[72.56707,40.65907],[72.56293,40.66622]]},"properties":{"@id":"way/749967615","highway":"trunk","ref":"A373"}},{"type":"Feature","geometry":{"type":"LineString","coordinates":[[72.56293,40.66622],[72.5605,40.67017]]},"properties":{"@id":"way/749967616","highway":"trunk","ref":"A373"}},{"type":"Feature","geometry":{"type":"LineString","coordinates":[[72.5605,40.67017],[72.55469,40.6772],[72.55154,40.68487]]},"properties":{"@id":"way/749967617","highway":"trunk"}},{"type":"Feature","geometry":{"type":"LineString","coordinates":[[72.55154,40.68487],[72.55142,40.6854]]},"properties":{"@id":"way/749967618","highway":"trunk"}},{"type":"Feature","geometry":{"type":"LineString","coordinates":[[72.55142,40.6854],[72.54777,40.69188]]},"properties":{"@id":"way/749967619","highway":"trunk"}},{"type":"Feature","geometry":{"type":"LineString","coordinates":[[72.53959,40.70444],[72.53724,40.70407]]},"properties":{"@id":"way/749967620","highway":"primary","ref":"D138"}},{"type":"Feature","geometry":{"type":"LineString","coordinates":[[72.53729,40.70397],[72.53959,40.70444]]},"properties":{"@id":"way/749967621","highway":"primary","ref":"D138"}},{"type":"Feature","geometry":{"type":"LineString","coordinates":[[72.53724,40.70407],[72.51788,40.70104],[72.5028,40.70088]]},"properties":{"@id":"way/749967622","highway":"trunk"}},{"type":"Feature","geometry":{"type":"LineString","coordinates":[[72.54777,40.69188],[72.53724,40.70407]]},"properties":{"@id":"way/749967623","highway":"trunk"}},{"type":"Feature","geometry":{"type":"LineString","coordinates":[[72.53518,40.70363],[72.53729,40.70397]]},"properties":{"@id":"way/749967624","highway":"trunk"}},{"type":"Feature","geometry":{"type":"LineString","coordinates":[[72.71014,40.60199],[72.69346,40.6057],[72.66518,40.61523],[72.64753,40.6226]]},"properties":{"@id":"way/749973897","highway":"trunk","ref":"A373"}},{"type":"Feature","geometry":{"type":"LineString","coordinates":[[72.64752,40.62248],[72.66508,40.61514],[72.69344,40.6056],[72.71012,40.60191]]},"properties":{"@id":"way/749973898","highway":"trunk","ref":"A373"}},{"type":"Feature","geometry":{"type":"LineString","coordinates":[[72.59425,40.65058],[72.63348,40.62844],[72.64752,40.62248]]},"properties":{"@id":"way/749973899","highway":"trunk","ref":"A373"}},{"type":"Feature","geometry":{"type":"LineString","coordinates":[[73.00122,40.92971],[73.00106,40.92969]]},"properties":{"@id":"way/751466677","highway":"trunk","name":"Жусупбек Бакиев көчөсү"}},{"type":"Feature","geometry":{"type":"LineString","coordinates":[[72.29639,40.78331],[72.33214,40.78326]]},"properties":{"@id":"way/853540274","highway":"primary","name":"O'zbekiston ko'chasi","name:ru":"Узбекистанская улица"}},{"type":"Feature","geometry":{"type":"LineString","coordinates":[[72.33214,40.78326],[72.33977,40.78329]]},"properties":{"@id":"way/853540276","highway":"primary","name":"O'zbekiston ko'chasi","name:ru":"Узбекистанская улица"}},{"type":"Feature","geometry":{"type":"LineString","coordinates":[[72.33977,40.78329],[72.34475,40.78328]]},"properties":{"@id":"way/853540277","highway":"primary","name":"O'zbekiston ko'chasi","name:ru":"Узбекистанская улица"}},{"type":"Feature","geometry":{"type":"LineString","coordinates":[[72.33335,40.80976],[72.33193,40.77926]]},"properties":{"@id":"way/853544547","highway":"primary","name":"Bobur shoh ko'chasi","name:ru":"Бабур проспект","name:en":"Babur avenue"}},{"type":"Feature","geometry":{"type":"LineString","coordinates":[[72.31023,40.81306],[72.33335,40.80976]]},"properties":{"@id":"way/853545426","highway":"primary","name":"Yusuf Otabekov ko'chasi","name:ru":"улица Атабекова"}},{"type":"Feature","geometry":{"type":"LineString","coordinates":[[72.34384,40.80969],[72.34445,40.80963]]},"properties":{"@id":"way/853545427","highway":"primary","name":"Yusuf Otabekov ko'chasi","name:ru":"Атабекова улица","ref":"D109"}},{"type":"Feature","geometry":{"type":"LineString","coordinates":[[72.33351,40.80976],[72.34384,40.80969]]},"properties":{"@id":"way/853545428","highway":"primary","name":"Yusuf Otabekov ko'chasi","name:ru":"улица Атабекова","ref":"D109"}},{"type":"Feature","geometry":{"type":"LineString","coordinates":[[72.35108,40.80987],[72.34647,40.80989]]},"properties":{"@id":"way/853546145","highway":"secondary"}},{"type":"Feature","geometry":{"type":"LineString","coordinates":[[72.34481,40.80909],[72.345,40.80956]]},"properties":{"@id":"way/853546146","highway":"primary","name":"Pirmuhamedov ko'chasi","name:ru":"улица Пирмухамедова","ref":"D109"}},{"type":"Feature","geometry":{"type":"LineString","coordinates":[[72.34457,40.81046],[72.34458,40.81006]]},"properties":{"@id":"way/853546147","highway":"primary","name":"Ул.Асад Исматов","name:ru":"Асад Исматов улица","name:en":"Asad Ismatov street","ref":"D132b"}},{"type":"Feature","geometry":{"type":"LineString","coordinates":[[72.31574,40.77094],[72.33204,40.77709]]},"properties":{"@id":"way/853547412","highway":"secondary","name":"Bobur shoh koʻchasi","name:ru":"проспект Бобура"}},{"type":"Feature","geometry":{"type":"LineString","coordinates":[[72.30669,40.76622],[72.31574,40.77094]]},"properties":{"@id":"way/853547414","highway":"secondary","name":"Saida Zunnunova ko'chasi","name:ru":"улица С. Зуннунова"}},{"type":"Feature","geometry":{"type":"LineString","coordinates":[[72.31563,40.77101],[72.30656,40.7663]]},"properties":{"@id":"way/853547415","highway":"secondary","name":"Saida Zunnunova ko'chasi","name:ru":"улица С. Зуннунова"}},{"type":"Feature","geometry":{"type":"LineString","coordinates":[[72.60487,40.68853],[72.62301,40.70541]]},"properties":{"@id":"way/891900392","highway":"secondary","name":"Toshmatov ko'chasi","ref":"60V002"}},{"type":"Feature","geometry":{"type":"LineString","coordinates":[[72.5023,40.51191],[72.50274,40.51204]]},"properties":{"@id":"way/892804409","highway":"primary","ref":"М-090;М-095"}},{"type":"Feature","geometry":{"type":"LineString","coordinates":[[75.00574,39.75528],[75.00706,39.75317]]},"properties":{"@id":"way/895466394","highway":"trunk","name":"喀什 - 伊尔克什坦","ref":"G581"}},{"type":"Feature","geometry":{"type":"LineString","coordinates":[[75.00726,39.75326],[75.00574,39.75528]]},"properties":{"@id":"way/895466395","highway":"trunk","name":"喀什 - 伊尔克什坦","ref":"G581"}},{"type":"Feature","geometry":{"type":"LineString","coordinates":[[75.00931,39.75022],[75.00726,39.75326]]},"properties":{"@id":"way/895466397","highway":"motorway","name":"阿伊高速","name:en":"Ayi Expressway","ref":"G3013;G581"}},{"type":"Feature","geometry":{"type":"LineString","coordinates":[[72.42443,40.2908],[72.42473,40.29081]]},"properties":{"@id":"way/898433345","highway":"trunk","ref":"ЭМ-16"}},{"type":"Feature","geometry":{"type":"LineString","coordinates":[[72.424,40.29077],[72.42417,40.29078]]},"properties":{"@id":"way/898433346","highway":"trunk","ref":"ЭМ-16"}},{"type":"Feature","geometry":{"type":"LineString","coordinates":[[73.11671,41.03051],[73.11246,41.02591]]},"properties":{"@id":"way/899856833","highway":"trunk","name":"улица Осмонолиева Исмаила","name:ru":"улица Осмонолиева Исмаила","ref":"ЭМ-12"}},{"type":"Feature","geometry":{"type":"LineString","coordinates":[[73.11703,41.03086],[73.11671,41.03051]]},"properties":{"@id":"way/899856834","highway":"trunk","ref":"ЭМ-12"}},{"type":"Feature","geometry":{"type":"LineString","coordinates":[[73.45464,40.70405],[73.4536,40.70527]]},"properties":{"@id":"way/901561435","highway":"primary","name":"ЭМ-19","ref":"ЭМ-19"}},{"type":"Feature","geometry":{"type":"LineString","coordinates":[[73.4536,40.70527],[73.45464,40.70405]]},"properties":{"@id":"way/901561436","highway":"primary","name":"ЭМ-19","ref":"ЭМ-19"}},{"type":"Feature","geometry":{"type":"LineString","coordinates":[[73.45988,40.69269],[73.4578,40.70017],[73.45464,40.70405]]},"properties":{"@id":"way/901561437","highway":"primary","name":"ЭМ-19","ref":"ЭМ-19"}},{"type":"Feature","geometry":{"type":"LineString","coordinates":[[73.20391,41.03481],[73.20254,41.03571],[73.20026,41.03492],[73.19615,41.02956],[73.1883,41.02588]]},"properties":{"@id":"way/955837251","highway":"secondary"}},{"type":"Feature","geometry":{"type":"LineString","coordinates":[[73.1883,41.02588],[73.18195,41.02339],[73.17615,41.02424]]},"properties":{"@id":"way/955837252","highway":"secondary","name":"ул. Рыскулов К"}},{"type":"Feature","geometry":{"type":"LineString","coordinates":[[74.81865,39.79904],[74.81905,39.79895]]},"properties":{"@id":"way/958851889","highway":"trunk","name":"喀什 - 伊尔克什坦","ref":"G581"}},{"type":"Feature","geometry":{"type":"LineString","coordinates":[[74.81409,39.80015],[74.81865,39.79904]]},"properties":{"@id":"way/958851890","highway":"trunk","name":"喀什 - 伊尔克什坦","ref":"G581"}},{"type":"Feature","geometry":{"type":"LineString","coordinates":[[74.81376,39.80022],[74.81409,39.80015]]},"properties":{"@id":"way/958851891","highway":"trunk","name":"喀什 - 伊尔克什坦","ref":"G581"}},{"type":"Feature","geometry":{"type":"LineString","coordinates":[[74.80576,39.80094],[74.81376,39.80022]]},"properties":{"@id":"way/958851892","highway":"trunk","name":"喀什 - 伊尔克什坦","ref":"G581"}},{"type":"Feature","geometry":{"type":"LineString","coordinates":[[74.69529,39.82424],[74.69492,39.82425]]},"properties":{"@id":"way/958851894","highway":"trunk","name":"喀什 - 伊尔克什坦","ref":"G581"}},{"type":"Feature","geometry":{"type":"LineString","coordinates":[[74.70016,39.82391],[74.69529,39.82424]]},"properties":{"@id":"way/958851895","highway":"trunk","name":"喀什 - 伊尔克什坦","ref":"G581"}},{"type":"Feature","geometry":{"type":"LineString","coordinates":[[74.68878,39.82472],[74.68848,39.82479]]},"properties":{"@id":"way/958851896","highway":"trunk","name":"喀什 - 伊尔克什坦","ref":"G581"}},{"type":"Feature","geometry":{"type":"LineString","coordinates":[[74.69492,39.82425],[74.68878,39.82472]]},"properties":{"@id":"way/958851897","highway":"trunk","name":"喀什 - 伊尔克什坦","ref":"G581"}},{"type":"Feature","geometry":{"type":"LineString","coordinates":[[74.70097,39.8237],[74.70016,39.82391]]},"properties":{"@id":"way/958851898","highway":"trunk","name":"喀什 - 伊尔克什坦","ref":"G581"}},{"type":"Feature","geometry":{"type":"LineString","coordinates":[[74.73085,39.80998],[74.7197,39.81394],[74.70097,39.8237]]},"properties":{"@id":"way/958851899","highway":"trunk","name":"喀什 - 伊尔克什坦","ref":"G581"}},{"type":"Feature","geometry":{"type":"LineString","coordinates":[[72.50535,40.62636],[72.50047,40.62629]]},"properties":{"@id":"way/959079863","highway":"primary"}},{"type":"Feature","geometry":{"type":"LineString","coordinates":[[72.50049,40.6262],[72.50535,40.62636]]},"properties":{"@id":"way/959079865","highway":"primary"}},{"type":"Feature","geometry":{"type":"LineString","coordinates":[[72.74799,40.51844],[72.75003,40.51902]]},"properties":{"@id":"way/972203232","highway":"primary","name":"Кокум-Бий улица","ref":"М-090"}},{"type":"Feature","geometry":{"type":"LineString","coordinates":[[72.74797,40.51843],[72.74799,40.51844]]},"properties":{"@id":"way/972203233","highway":"primary","name":"Кокум-Бий улица","ref":"М-090"}},{"type":"Feature","geometry":{"type":"LineString","coordinates":[[72.7479,40.51841],[72.74797,40.51843]]},"properties":{"@id":"way/972203234","highway":"primary","name":"Кокум-Бий улица","ref":"М-090"}},{"type":"Feature","geometry":{"type":"LineString","coordinates":[[72.36811,40.76126],[72.36632,40.76417]]},"properties":{"@id":"way/983586722","highway":"primary","name":"Dukchi Eshon ko'chasi","name:ru":"Дукчи Эшан улица","ref":"D017e"}},{"type":"Feature","geometry":{"type":"LineString","coordinates":[[72.36608,40.76408],[72.36811,40.76126]]},"properties":{"@id":"way/983586723","highway":"primary","name":"Dukchi Eshon ko'chasi","name:ru":"Дукчи Эшан улица","ref":"D017e"}},{"type":"Feature","geometry":{"type":"LineString","coordinates":[[72.36632,40.76417],[72.36547,40.76533]]},"properties":{"@id":"way/983586724","highway":"primary","name":"Dukchi Eshon ko'chasi","name:ru":"Дукчи Эшан улица","ref":"D017e"}},{"type":"Feature","geometry":{"type":"LineString","coordinates":[[72.80525,40.51449],[72.80521,40.51445]]},"properties":{"@id":"way/983843725","highway":"secondary","name":"Асранкулова улица","name:en":"Asrankulov street"}},{"type":"Feature","geometry":{"type":"LineString","coordinates":[[72.96063,40.93308],[72.96356,40.93755]]},"properties":{"@id":"way/996016185","highway":"secondary","name":"Манас проспект"}},{"type":"Feature","geometry":{"type":"LineString","coordinates":[[72.96387,40.93216],[72.9638,40.93188]]},"properties":{"@id":"way/996301776","highway":"secondary","name":"Чынгыз Айтматов көчөсү"}},{"type":"Feature","geometry":{"type":"LineString","coordinates":[[72.9638,40.93188],[72.96376,40.93179]]},"properties":{"@id":"way/996301777","highway":"secondary","name":"Чынгыз Айтматов көчөсү"}},{"type":"Feature","geometry":{"type":"LineString","coordinates":[[72.91397,40.89995],[72.91684,40.90275],[72.92048,40.90267]]},"properties":{"@id":"way/996805156","highway":"secondary","name":"Мадумар - Ата көчөсү","ref":"М-117"}},{"type":"Feature","geometry":{"type":"LineString","coordinates":[[72.92048,40.90267],[72.92129,40.90259]]},"properties":{"@id":"way/996805157","highway":"secondary","ref":"М-117"}},{"type":"Feature","geometry":{"type":"LineString","coordinates":[[72.96971,40.94698],[72.97102,40.94654]]},"properties":{"@id":"way/1005791740","highway":"secondary"}},{"type":"Feature","geometry":{"type":"LineString","coordinates":[[72.46849,40.70578],[72.46852,40.70587]]},"properties":{"@id":"way/1006682050","highway":"primary"}},{"type":"Feature","geometry":{"type":"LineString","coordinates":[[72.5605,40.67017],[72.56033,40.67017]]},"properties":{"@id":"way/1006682051","highway":"secondary"}},{"type":"Feature","geometry":{"type":"LineString","coordinates":[[72.34627,40.76577],[72.34613,40.76569]]},"properties":{"@id":"way/1008400470","highway":"primary"}},{"type":"Feature","geometry":{"type":"LineString","coordinates":[[72.31652,40.73832],[72.31955,40.73655]]},"properties":{"@id":"way/1008535822","highway":"trunk","ref":"D105j"}},{"type":"Feature","geometry":{"type":"LineString","coordinates":[[72.31611,40.73856],[72.31652,40.73832]]},"properties":{"@id":"way/1008535823","highway":"trunk","ref":"D105j"}},{"type":"Feature","geometry":{"type":"LineString","coordinates":[[72.31625,40.73861],[72.31582,40.73886]]},"properties":{"@id":"way/1008535824","highway":"trunk","ref":"D105j"}},{"type":"Feature","geometry":{"type":"LineString","coordinates":[[72.31867,40.73723],[72.31625,40.73861]]},"properties":{"@id":"way/1008535825","highway":"trunk","ref":"D105j"}},{"type":"Feature","geometry":{"type":"LineString","coordinates":[[72.31582,40.73886],[72.31218,40.74107]]},"properties":{"@id":"way/1008535827","highway":"trunk","ref":"D105j"}},{"type":"Feature","geometry":{"type":"LineString","coordinates":[[72.34882,40.7418],[72.34883,40.74382]]},"properties":{"@id":"way/1023353729","highway":"secondary","name":"Gumbaz ko'chasi","name:ru":"Гумбаз улица"}},{"type":"Feature","geometry":{"type":"LineString","coordinates":[[72.3488,40.74162],[72.34882,40.7418]]},"properties":{"@id":"way/1023353730","highway":"secondary","name":"Gumbaz ko'chasi","name:ru":"Гумбаз улица"}},{"type":"Feature","geometry":{"type":"LineString","coordinates":[[72.36783,40.74211],[72.36124,40.74722]]},"properties":{"@id":"way/1023373614","highway":"secondary","name":"Mashrab Qalandarov ko'chasi","name:ru":"Машраб Каландаров улица"}},{"type":"Feature","geometry":{"type":"LineString","coordinates":[[72.36807,40.74192],[72.36783,40.74211]]},"properties":{"@id":"way/1023373615","highway":"secondary","name":"Mashrab Qalandarov ko'chasi","name:ru":"Машраб Каландаров улица"}},{"type":"Feature","geometry":{"type":"LineString","coordinates":[[72.95379,40.9205],[72.94201,40.91323]]},"properties":{"@id":"way/1024120237","highway":"trunk","name":"Курманбек Баатыр көчөсү"}},{"type":"Feature","geometry":{"type":"LineString","coordinates":[[72.954,40.92056],[72.95382,40.92051]]},"properties":{"@id":"way/1024120238","highway":"trunk","name":"Курманбек Баатыр көчөсү"}},{"type":"Feature","geometry":{"type":"LineString","coordinates":[[72.98477,40.86111],[72.98492,40.86108]]},"properties":{"@id":"way/1026753654","highway":"trunk","name:ru":"Бишкек-Ош","name:en":"Bishkek-Osh","ref":"ЭМ-02"}},{"type":"Feature","geometry":{"type":"LineString","coordinates":[[72.985,40.86107],[73.00328,40.85812],[73.00999,40.85946]]},"properties":{"@id":"way/1026753655","highway":"trunk","name:ru":"Бишкек-Ош","name:en":"Bishkek-Osh","ref":"ЭМ-04"}},{"type":"Feature","geometry":{"type":"LineString","coordinates":[[72.98467,40.86165],[72.98422,40.86121]]},"properties":{"@id":"way/1026753656","highway":"trunk","ref":"ЭМ-04"}},{"type":"Feature","geometry":{"type":"LineString","coordinates":[[72.98397,40.86095],[72.98422,40.86121]]},"properties":{"@id":"way/1026753657","highway":"primary","ref":"M41"}},{"type":"Feature","geometry":{"type":"LineString","coordinates":[[72.95382,40.92051],[72.95379,40.9205]]},"properties":{"@id":"way/1040194765","highway":"trunk","name":"Курманбек Баатыр көчөсү"}},{"type":"Feature","geometry":{"type":"LineString","coordinates":[[72.95404,40.92057],[72.954,40.92056]]},"properties":{"@id":"way/1040194766","highway":"trunk","name":"Курманбек Баатыр көчөсү"}},{"type":"Feature","geometry":{"type":"LineString","coordinates":[[72.9968,40.93337],[72.99689,40.93336]]},"properties":{"@id":"way/1044633069","highway":"secondary"}},{"type":"Feature","geometry":{"type":"LineString","coordinates":[[72.99651,40.93419],[72.9968,40.93337]]},"properties":{"@id":"way/1044633078","highway":"secondary"}},{"type":"Feature","geometry":{"type":"LineString","coordinates":[[72.9312,40.84079],[72.93126,40.84119]]},"properties":{"@id":"way/1052911241","highway":"secondary"}},{"type":"Feature","geometry":{"type":"LineString","coordinates":[[72.93126,40.84119],[72.9312,40.84079]]},"properties":{"@id":"way/1052911242","highway":"secondary"}},{"type":"Feature","geometry":{"type":"LineString","coordinates":[[72.31506,40.85694],[72.31439,40.85764]]},"properties":{"@id":"way/1060095234","highway":"primary","ref":"D109"}},{"type":"Feature","geometry":{"type":"LineString","coordinates":[[72.31422,40.85837],[72.31381,40.85786]]},"properties":{"@id":"way/1060095235","highway":"primary","ref":"D109"}},{"type":"Feature","geometry":{"type":"LineString","coordinates":[[72.3793,40.7586],[72.37926,40.75816]]},"properties":{"@id":"way/1060110873","highway":"primary"}},{"type":"Feature","geometry":{"type":"LineString","coordinates":[[72.37877,40.75881],[72.37922,40.75871]]},"properties":{"@id":"way/1060110874","highway":"primary","ref":"D017e"}},{"type":"Feature","geometry":{"type":"LineString","coordinates":[[72.37992,40.75864],[72.38064,40.75866]]},"properties":{"@id":"way/1060110875","highway":"primary","ref":"D017e"}},{"type":"Feature","geometry":{"type":"LineString","coordinates":[[72.35189,40.82825],[72.35254,40.82826]]},"properties":{"@id":"way/1060892118","highway":"trunk","name":"Andijon halqa yo‘li","name:ru":"Андижанская кольцевая дорога","name:en":"Andijan Ring Road","ref":"D132"}},{"type":"Feature","geometry":{"type":"LineString","coordinates":[[72.35303,40.8287],[72.35292,40.82904]]},"properties":{"@id":"way/1060892119","highway":"secondary","ref":"D145"}},{"type":"Feature","geometry":{"type":"LineString","coordinates":[[72.35381,40.82865],[72.35317,40.82861]]},"properties":{"@id":"way/1060892120","highway":"trunk","name":"Andijon halqa yo‘li","name:ru":"Андижанская кольцевая дорога","name:en":"Andijan Ring Road","ref":"D132"}},{"type":"Feature","geometry":{"type":"LineString","coordinates":[[72.35264,40.82818],[72.352,40.82444]]},"properties":{"@id":"way/1060892121","highway":"secondary","name":"Nayman ko'chasi","name:ru":"Найман улица","name:en":"Nayman street"}},{"type":"Feature","geometry":{"type":"LineString","coordinates":[[72.96965,40.92427],[72.97602,40.92634]]},"properties":{"@id":"way/1067191818","highway":"trunk","name":"Түмөнбай Байзаков проспекти","name:ru":"Түмөнбай Байзаков проспекти","name:en":"Lenin St."}},{"type":"Feature","geometry":{"type":"LineString","coordinates":[[72.84461,40.53717],[72.84465,40.53719]]},"properties":{"@id":"way/1075069047","highway":"trunk"}},{"type":"Feature","geometry":{"type":"LineString","coordinates":[[72.31361,40.74],[72.31411,40.74037]]},"properties":{"@id":"way/1075646974","highway":"trunk","ref":"D105j"}},{"type":"Feature","geometry":{"type":"LineString","coordinates":[[72.31393,40.7405],[72.31349,40.74007]]},"properties":{"@id":"way/1075646975","highway":"trunk","ref":"D105j"}},{"type":"Feature","geometry":{"type":"LineString","coordinates":[[72.3416,41.04838],[72.34121,41.04837]]},"properties":{"@id":"way/1079927283","highway":"primary"}},{"type":"Feature","geometry":{"type":"LineString","coordinates":[[74.17251,39.7714],[74.16729,39.77398]]},"properties":{"@id":"way/1091034626","highway":"trunk","name":"喀什 - 伊尔克什坦","ref":"G581"}},{"type":"Feature","geometry":{"type":"LineString","coordinates":[[74.16729,39.77398],[74.16663,39.77456]]},"properties":{"@id":"way/1091034627","highway":"trunk","name":"喀什 - 伊尔克什坦","ref":"G581"}},{"type":"Feature","geometry":{"type":"LineString","coordinates":[[72.50322,40.51221],[72.50829,40.51],[72.51492,40.51066],[72.53514,40.50863]]},"properties":{"@id":"way/1095117663","highway":"primary","ref":"М-090;М-095"}},{"type":"Feature","geometry":{"type":"LineString","coordinates":[[72.75945,40.57314],[72.75562,40.57609]]},"properties":{"@id":"way/1106627848","highway":"trunk","ref":"A373"}},{"type":"Feature","geometry":{"type":"LineString","coordinates":[[72.76006,40.57263],[72.75975,40.57289]]},"properties":{"@id":"way/1106630093","highway":"trunk","ref":"A373"}},{"type":"Feature","geometry":{"type":"LineString","coordinates":[[72.75975,40.57289],[72.75945,40.57314]]},"properties":{"@id":"way/1106630094","highway":"trunk","ref":"A373"}},{"type":"Feature","geometry":{"type":"LineString","coordinates":[[72.75964,40.5728],[72.75995,40.57255]]},"properties":{"@id":"way/1106630095","highway":"trunk","ref":"A373"}},{"type":"Feature","geometry":{"type":"LineString","coordinates":[[72.75934,40.57306],[72.75964,40.5728]]},"properties":{"@id":"way/1106630096","highway":"trunk","ref":"A373"}},{"type":"Feature","geometry":{"type":"LineString","coordinates":[[72.74611,40.58134],[72.75331,40.57745]]},"properties":{"@id":"way/1107681801","highway":"trunk","ref":"A373"}},{"type":"Feature","geometry":{"type":"LineString","coordinates":[[74.0542,40.46127],[74.0553,40.46265]]},"properties":{"@id":"way/1112572262","highway":"secondary","ref":"ЭМ-19"}},{"type":"Feature","geometry":{"type":"LineString","coordinates":[[74.05427,40.46113],[74.0542,40.46127]]},"properties":{"@id":"way/1112572263","highway":"secondary","ref":"ЭМ-19"}},{"type":"Feature","geometry":{"type":"LineString","coordinates":[[72.76173,40.57117],[72.76153,40.57153]]},"properties":{"@id":"way/1118017049","highway":"trunk","name":"Кулигов көчөсү","name:ky":"Кулигов көчөсү","name:ru":"Улица Кулигова","ref":"ЭМ-15"}},{"type":"Feature","geometry":{"type":"LineString","coordinates":[[72.75995,40.57255],[72.76093,40.57151]]},"properties":{"@id":"way/1118017050","highway":"trunk","name":"Кулигов көчөсү","name:ky":"Кулигов көчөсү","name:ru":"Улица Кулигова","ref":"ЭМ-15"}},{"type":"Feature","geometry":{"type":"LineString","coordinates":[[72.76153,40.57153],[72.76127,40.57174]]},"properties":{"@id":"way/1118017052","highway":"trunk","name":"Кулигов көчөсү","name:ky":"Кулигов көчөсү","name:ru":"Улица Кулигова","ref":"ЭМ-15"}},{"type":"Feature","geometry":{"type":"LineString","coordinates":[[72.76256,40.57031],[72.762,40.57093]]},"properties":{"@id":"way/1118017053","highway":"trunk","name":"Кулигов көчөсү","name:ky":"Кулигов көчөсү","name:ru":"Улица Кулигова","ref":"ЭМ-15"}},{"type":"Feature","geometry":{"type":"LineString","coordinates":[[72.76117,40.5713],[72.76256,40.57031]]},"properties":{"@id":"way/1118017055","highway":"trunk","name":"Кулигов көчөсү","name:ky":"Кулигов көчөсү","name:ru":"Улица Кулигова","ref":"ЭМ-15"}},{"type":"Feature","geometry":{"type":"LineString","coordinates":[[72.76093,40.57151],[72.76117,40.5713]]},"properties":{"@id":"way/1118017056","highway":"trunk","name":"Кулигов көчөсү","name:ky":"Кулигов көчөсү","name:ru":"Улица Кулигова","ref":"ЭМ-15"}},{"type":"Feature","geometry":{"type":"LineString","coordinates":[[72.38954,40.76774],[72.37915,40.76979]]},"properties":{"@id":"way/1118379387","highway":"secondary","name":"Usmon Yusupov ko'chasi"}},{"type":"Feature","geometry":{"type":"LineString","coordinates":[[72.36698,40.77372],[72.36408,40.77529]]},"properties":{"@id":"way/1118379389","highway":"secondary","name":"N.Xakimov koʻchasi","name:ru":"улица Хакимова"}},{"type":"Feature","geometry":{"type":"LineString","coordinates":[[72.3347,40.77489],[72.34613,40.76569]]},"properties":{"@id":"way/1118446520","highway":"primary","name":"Bobur shoh ko'chasi","name:ru":"Бабур проспект"}},{"type":"Feature","geometry":{"type":"LineString","coordinates":[[72.89035,40.73104],[72.89402,40.7329]]},"properties":{"@id":"way/1121703205","highway":"primary","name":"Uch Tegirmon ko‘chasi","name:ru":"Уч Тегирман улица","ref":"D138"}},{"type":"Feature","geometry":{"type":"LineString","coordinates":[[72.89402,40.7329],[72.91096,40.74286]]},"properties":{"@id":"way/1121703206","highway":"primary","name":"Uch Tegirmon ko‘chasi","ref":"D138"}},{"type":"Feature","geometry":{"type":"LineString","coordinates":[[74.17513,39.77099],[74.17399,39.77111]]},"properties":{"@id":"way/1124696486","highway":"trunk","name":"喀什 - 伊尔克什坦","ref":"G581"}},{"type":"Feature","geometry":{"type":"LineString","coordinates":[[74.17581,39.77096],[74.17513,39.77099]]},"properties":{"@id":"way/1124696487","highway":"trunk","name":"喀什 - 伊尔克什坦","ref":"G581"}},{"type":"Feature","geometry":{"type":"LineString","coordinates":[[73.13505,41.04729],[73.12198,41.03522]]},"properties":{"@id":"way/1126152298","highway":"trunk","name":"улица Калбердиева К.","name:ru":"улица Калбердиева К.","ref":"ЭМ-12"}},{"type":"Feature","geometry":{"type":"LineString","coordinates":[[73.09842,41.03707],[73.08542,41.02664]]},"properties":{"@id":"way/1126152306","highway":"trunk","name":"улица Сары Болуш","name:ru":"улица Сары Болуш","ref":"ЭМ-12"}},{"type":"Feature","geometry":{"type":"LineString","coordinates":[[73.07314,41.01964],[73.0547,41.01363]]},"properties":{"@id":"way/1126152307","highway":"trunk","ref":"ЭМ-12"}},{"type":"Feature","geometry":{"type":"LineString","coordinates":[[73.0547,41.01363],[73.0436,41.0095]]},"properties":{"@id":"way/1126152312","highway":"trunk","name":"Маданова улица","name:ru":"Маданова улица","ref":"ЭМ-12"}},{"type":"Feature","geometry":{"type":"LineString","coordinates":[[73.0436,41.0095],[73.0272,41.00367]]},"properties":{"@id":"way/1126152313","highway":"trunk","name":"Кадырова К. улица","ref":"ЭМ-12"}},{"type":"Feature","geometry":{"type":"LineString","coordinates":[[73.00682,40.98599],[73.00251,40.97832]]},"properties":{"@id":"way/1126152337","highway":"trunk","ref":"ЭМ-12"}},{"type":"Feature","geometry":{"type":"LineString","coordinates":[[73.02522,41.00278],[73.01075,40.99611]]},"properties":{"@id":"way/1126152338","highway":"trunk","name":"Осмонова Бектена улица","ref":"ЭМ-12"}},{"type":"Feature","geometry":{"type":"LineString","coordinates":[[72.74715,40.24642],[72.74006,40.24423]]},"properties":{"@id":"way/1131515077","highway":"secondary","ref":"М-105"}},{"type":"Feature","geometry":{"type":"LineString","coordinates":[[72.76655,40.24894],[72.79009,40.25073]]},"properties":{"@id":"way/1131518833","highway":"secondary","ref":"М-105"}},{"type":"Feature","geometry":{"type":"LineString","coordinates":[[73.32704,39.85069],[73.33842,39.85395]]},"properties":{"@id":"way/1132551290","highway":"trunk","name":"Памирский тракт","name:ru":"Памирский тракт","name:en":"Pamir Highway","ref":"ЭМ-05"}},{"type":"Feature","geometry":{"type":"LineString","coordinates":[[73.32654,39.85041],[73.32704,39.85069]]},"properties":{"@id":"way/1132551291","highway":"trunk","name":"Памирский тракт","name:ru":"Памирский тракт","name:en":"Pamir Highway","ref":"ЭМ-05"}},{"type":"Feature","geometry":{"type":"LineString","coordinates":[[73.02985,41.04966],[73.05285,41.06594]]},"properties":{"@id":"way/1136152496","highway":"secondary","ref":"М-116"}},{"type":"Feature","geometry":{"type":"LineString","coordinates":[[72.98842,41.03714],[72.98879,41.03884],[73.01919,41.04437],[73.02985,41.04966]]},"properties":{"@id":"way/1136152497","highway":"secondary","name":"Мамасадыков Токтосун көчөсү","ref":"М-116"}},{"type":"Feature","geometry":{"type":"LineString","coordinates":[[72.8396,40.86524],[72.85066,40.86873]]},"properties":{"@id":"way/1136166383","highway":"secondary","name":"Ахунов Хурбаи-Ата көчөсү","ref":"М-117"}},{"type":"Feature","geometry":{"type":"LineString","coordinates":[[72.85066,40.86873],[72.88476,40.88052],[72.88609,40.88299]]},"properties":{"@id":"way/1136166384","highway":"secondary","ref":"М-117"}},{"type":"Feature","geometry":{"type":"LineString","coordinates":[[72.88609,40.88299],[72.88647,40.88734],[72.89633,40.89449],[72.91277,40.89951]]},"properties":{"@id":"way/1136166385","highway":"secondary","name":"Дакан - Палван көчөсү","ref":"М-117"}},{"type":"Feature","geometry":{"type":"LineString","coordinates":[[72.56682,40.26164],[72.57311,40.26001],[72.5889,40.25899]]},"properties":{"@id":"way/1136186262","highway":"trunk","name":"Салтобаева улица","ref":"ЭМ-16"}},{"type":"Feature","geometry":{"type":"LineString","coordinates":[[72.30495,40.71876],[72.31208,40.72488],[72.31462,40.73096],[72.31916,40.736]]},"properties":{"@id":"way/1143790359","highway":"secondary"}},{"type":"Feature","geometry":{"type":"LineString","coordinates":[[72.3319,40.60023],[72.34209,40.60654]]},"properties":{"@id":"way/1144538456","highway":"secondary","name":"Bozorboshi ko'chasi","ref":"D139"}},{"type":"Feature","geometry":{"type":"LineString","coordinates":[[72.81767,40.81523],[72.83335,40.81336]]},"properties":{"@id":"way/1144558176","highway":"secondary","name":"Navoiy ko'chasi","name:ru":"Навои улица","ref":"D143"}},{"type":"Feature","geometry":{"type":"LineString","coordinates":[[72.87462,40.74367],[72.88247,40.73819],[72.8841,40.73228]]},"properties":{"@id":"way/1144558177","highway":"secondary","ref":"60V004"}},{"type":"Feature","geometry":{"type":"LineString","coordinates":[[72.74222,40.81884],[72.74694,40.81919]]},"properties":{"@id":"way/1145220682","highway":"secondary","ref":"D137;D143"}},{"type":"Feature","geometry":{"type":"LineString","coordinates":[[72.76262,40.69825],[72.75638,40.69857]]},"properties":{"@id":"way/1145233496","highway":"secondary","ref":"D137;60V005"}},{"type":"Feature","geometry":{"type":"LineString","coordinates":[[73.03289,40.76711],[73.03233,40.76757]]},"properties":{"@id":"way/1145235890","highway":"secondary"}},{"type":"Feature","geometry":{"type":"LineString","coordinates":[[73.58461,40.62781],[73.58291,40.62545]]},"properties":{"@id":"way/1146038590","highway":"secondary","name":"Кара-Кулжа улица","ref":"ЭМ-19"}},{"type":"Feature","geometry":{"type":"LineString","coordinates":[[72.8975,40.70937],[72.89721,40.70941]]},"properties":{"@id":"way/1149322865","highway":"secondary","name":"Ленина улица","name:ky":"Ленин көчө","ref":"М-091"}},{"type":"Feature","geometry":{"type":"LineString","coordinates":[[72.84727,40.46902],[72.85054,40.46721]]},"properties":{"@id":"way/1149325352","highway":"secondary","name":"Конур-Жаз улица","ref":"М-094"}},{"type":"Feature","geometry":{"type":"LineString","coordinates":[[73.7741,40.8843],[73.76333,40.88269]]},"properties":{"@id":"way/1149327610","highway":"secondary","name":"Мырза-Аки - Кара-Шоро жолу","ref":"М-097"}},{"type":"Feature","geometry":{"type":"LineString","coordinates":[[72.99233,40.29491],[72.99266,40.29501]]},"properties":{"@id":"way/1150191952","highway":"secondary","ref":"М-105"}},{"type":"Feature","geometry":{"type":"LineString","coordinates":[[72.92419,40.64368],[72.92943,40.64586]]},"properties":{"@id":"way/1150197594","highway":"secondary","ref":"М-103"}},{"type":"Feature","geometry":{"type":"LineString","coordinates":[[72.31437,40.8584],[72.31492,40.85924]]},"properties":{"@id":"way/1150284518","highway":"primary","ref":"D109"}},{"type":"Feature","geometry":{"type":"LineString","coordinates":[[72.98885,40.97555],[72.97768,40.98365]]},"properties":{"@id":"way/1150503633","highway":"secondary"}},{"type":"Feature","geometry":{"type":"LineString","coordinates":[[72.97768,40.98365],[72.95347,40.95653],[72.94028,40.94849]]},"properties":{"@id":"way/1150503634","highway":"secondary","ref":"М-116"}},{"type":"Feature","geometry":{"type":"LineString","coordinates":[[72.91588,40.92001],[72.91557,40.92009]]},"properties":{"@id":"way/1158461972","highway":"trunk","name:ru":"Бишкек-Ош","name:en":"Bishkek-Osh","ref":"ЭМ-04;М-120"}},{"type":"Feature","geometry":{"type":"LineString","coordinates":[[72.91592,40.91995],[72.91588,40.92001]]},"properties":{"@id":"way/1158461973","highway":"trunk","name:ru":"Бишкек-Ош","name:en":"Bishkek-Osh","ref":"ЭМ-04;М-120"}},{"type":"Feature","geometry":{"type":"LineString","coordinates":[[72.91572,40.91966],[72.91592,40.91995]]},"properties":{"@id":"way/1158461974","highway":"trunk","name:ru":"Бишкек-Ош","name:en":"Bishkek-Osh","ref":"ЭМ-04;М-120"}},{"type":"Feature","geometry":{"type":"LineString","coordinates":[[73.07162,40.63992],[73.06313,40.6365]]},"properties":{"@id":"way/1158461975","highway":"trunk","name:ru":"Бишкек-Ош","name:en":"Bishkek-Osh","ref":"ЭМ-04"}},{"type":"Feature","geometry":{"type":"LineString","coordinates":[[72.89117,40.70912],[72.88937,40.70812]]},"properties":{"@id":"way/1158461976","highway":"primary","name":"Ленина улица","name:ky":"Ленин көчө","ref":"М-091"}},{"type":"Feature","geometry":{"type":"LineString","coordinates":[[72.80093,40.53745],[72.80029,40.53731]]},"properties":{"@id":"way/1158461978","highway":"primary","name":"Алишера Навои улица","name:ru":"Навои А. улица","name:en":"A. Navoi Street"}},{"type":"Feature","geometry":{"type":"LineString","coordinates":[[72.81792,40.58695],[72.8182,40.58739]]},"properties":{"@id":"way/1158461980","highway":"trunk","ref":"M41"}},{"type":"Feature","geometry":{"type":"LineString","coordinates":[[72.80469,40.5636],[72.80655,40.56644]]},"properties":{"@id":"way/1158461981","highway":"primary","name":"Раззакова улица","name:en":"Razzakov street","ref":"М-091"}},{"type":"Feature","geometry":{"type":"LineString","coordinates":[[72.78506,40.56786],[72.78448,40.56782]]},"properties":{"@id":"way/1158461982","highway":"trunk","name":"Айкол Манас"}},{"type":"Feature","geometry":{"type":"LineString","coordinates":[[72.78509,40.56769],[72.78506,40.56786]]},"properties":{"@id":"way/1158461983","highway":"trunk","name":"Айкол Манас"}},{"type":"Feature","geometry":{"type":"LineString","coordinates":[[72.78448,40.56782],[72.78448,40.56767]]},"properties":{"@id":"way/1158461984","highway":"trunk","name":"Айкол Манас"}},{"type":"Feature","geometry":{"type":"LineString","coordinates":[[72.77091,40.56331],[72.77508,40.56519]]},"properties":{"@id":"way/1158461985","highway":"trunk","name":"Касымбекова улица","name:en":"Kasymbekov street","ref":"M-002"}},{"type":"Feature","geometry":{"type":"LineString","coordinates":[[72.89721,40.70941],[72.89268,40.71001],[72.89117,40.70912]]},"properties":{"@id":"way/1158461987","highway":"primary","name":"Ленина улица","name:ky":"Ленин көчө","ref":"М-091"}},{"type":"Feature","geometry":{"type":"LineString","coordinates":[[72.99013,40.96292],[72.99005,40.96289]]},"properties":{"@id":"way/1158461993","highway":"trunk"}},{"type":"Feature","geometry":{"type":"LineString","coordinates":[[72.99003,40.96255],[72.99049,40.96256]]},"properties":{"@id":"way/1158461994","highway":"trunk"}},{"type":"Feature","geometry":{"type":"LineString","coordinates":[[72.99005,40.96289],[72.99003,40.96255]]},"properties":{"@id":"way/1158461995","highway":"trunk"}},{"type":"Feature","geometry":{"type":"LineString","coordinates":[[72.99049,40.96256],[72.99056,40.96271]]},"properties":{"@id":"way/1158462001","highway":"trunk"}},{"type":"Feature","geometry":{"type":"LineString","coordinates":[[72.99005,40.95867],[72.9902,40.96187]]},"properties":{"@id":"way/1158462002","highway":"trunk","name":"Шерматов көчөсү","name:ru":"Шерматова Жалалидина улица"}},{"type":"Feature","geometry":{"type":"LineString","coordinates":[[72.99005,40.95867],[72.99393,40.95664]]},"properties":{"@id":"way/1158462003","highway":"trunk","name":"Пушкина улица"}},{"type":"Feature","geometry":{"type":"LineString","coordinates":[[72.99352,40.92747],[72.99244,40.93364]]},"properties":{"@id":"way/1158462004","highway":"secondary","name":"Кыргыз Республикасы көчөсү","name:ru":"Кургызской Республки улица"}},{"type":"Feature","geometry":{"type":"LineString","coordinates":[[72.98061,40.92784],[72.97732,40.92676]]},"properties":{"@id":"way/1158462005","highway":"trunk","name":"Түмөнбай Байзаков проспекти","name:ru":"Түмөнбай Байзаков проспекти","name:en":"Lenin St."}},{"type":"Feature","geometry":{"type":"LineString","coordinates":[[72.38674,41.02696],[72.38059,41.03156],[72.36184,41.03758],[72.35741,41.04225]]},"properties":{"@id":"way/1165912702","highway":"secondary","ref":"D135"}},{"type":"Feature","geometry":{"type":"LineString","coordinates":[[72.38688,41.02685],[72.38674,41.02696]]},"properties":{"@id":"way/1165912703","highway":"secondary","ref":"D135"}},{"type":"Feature","geometry":{"type":"LineString","coordinates":[[72.49203,40.67575],[72.49171,40.6766]]},"properties":{"@id":"way/1178594238","highway":"primary","ref":"D146"}},{"type":"Feature","geometry":{"type":"LineString","coordinates":[[72.97711,40.82123],[72.97731,40.82184]]},"properties":{"@id":"way/1204119327","highway":"primary","ref":"M41"}},{"type":"Feature","geometry":{"type":"LineString","coordinates":[[72.83335,40.81336],[72.82999,40.80244]]},"properties":{"@id":"way/1227580449","highway":"secondary","ref":"60V004"}},{"type":"Feature","geometry":{"type":"LineString","coordinates":[[72.8138,40.8155],[72.81767,40.81523]]},"properties":{"@id":"way/1227580450","highway":"secondary","name":"Navoiy ko'chasi","ref":"D143"}},{"type":"Feature","geometry":{"type":"LineString","coordinates":[[72.34069,40.75106],[72.3411,40.75117]]},"properties":{"@id":"way/1235098743","highway":"secondary","name":"Mashrab ko'chasi","name:ru":"Машраба улица"}},{"type":"Feature","geometry":{"type":"LineString","coordinates":[[72.35484,40.75113],[72.34106,40.75128]]},"properties":{"@id":"way/1235098744","highway":"secondary","name":"Mashrab ko'chasi","name:ru":"Машраб улица"}},{"type":"Feature","geometry":{"type":"LineString","coordinates":[[72.35838,40.75198],[72.35484,40.75113]]},"properties":{"@id":"way/1235098745","highway":"secondary","name":"Mashrab ko'chasi","name:ru":"Машраб улица"}},{"type":"Feature","geometry":{"type":"LineString","coordinates":[[72.34619,40.75142],[72.34609,40.74382]]},"properties":{"@id":"way/1235108094","highway":"secondary","name":"Lermontov ko’chasi","name:ru":"улица Лермонтова"}},{"type":"Feature","geometry":{"type":"LineString","coordinates":[[72.34619,40.75142],[72.34607,40.75859]]},"properties":{"@id":"way/1235108095","highway":"secondary","name":"Lermontov ko’chasi","name:ru":"улица Лермонтова"}},{"type":"Feature","geometry":{"type":"LineString","coordinates":[[73.24748,40.76686],[73.24751,40.77128],[73.24625,40.77308],[73.23514,40.77501],[73.23699,40.7786],[73.23728,40.78572],[73.22871,40.78969],[73.21395,40.79332]]},"properties":{"@id":"way/1246828092","highway":"motorway","name":"Өзгөн айланма жолу (Кароол - Ана-Кызыл)","name:ky":"Өзгөн айланма жолу (Кароол - Ана-Кызыл)","name:ru":"Объездная Узгена (Кароол - Ана-Кызыл)","name:en":"Ozgon bypass road (Karool – Ana-Kyzyl)"}},{"type":"Feature","geometry":{"type":"LineString","coordinates":[[73.04417,40.76762],[73.0439,40.76734]]},"properties":{"@id":"way/1256467949","highway":"secondary"}},{"type":"Feature","geometry":{"type":"LineString","coordinates":[[73.0439,40.76734],[73.0437,40.76714]]},"properties":{"@id":"way/1256467950","highway":"secondary"}},{"type":"Feature","geometry":{"type":"LineString","coordinates":[[72.34883,40.74382],[72.32803,40.74391]]},"properties":{"@id":"way/1264496486","highway":"secondary","name":"Furqat ko'chasi","name:ru":"Фуркат улица"}},{"type":"Feature","geometry":{"type":"LineString","coordinates":[[72.44707,40.79499],[72.44189,40.77703],[72.43496,40.77016],[72.43329,40.76082]]},"properties":{"@id":"way/1264513612","highway":"trunk","name":"Andijon halqa yo‘li","name:ru":"Андижанская кольцевая дорога","name:en":"Andijan Ring Road","ref":"D132"}},{"type":"Feature","geometry":{"type":"LineString","coordinates":[[72.43329,40.76082],[72.43311,40.7597]]},"properties":{"@id":"way/1264513613","highway":"trunk","name":"Andijon halqa yo‘li","name:ru":"Андижанская кольцевая дорога","name:en":"Andijan Ring Road","ref":"D132"}},{"type":"Feature","geometry":{"type":"LineString","coordinates":[[72.43341,40.76081],[72.43534,40.77053],[72.44218,40.77739],[72.44723,40.79499]]},"properties":{"@id":"way/1264513614","highway":"trunk","name":"Andijon halqa yo‘li","name:ru":"Андижанская кольцевая дорога","name:en":"Andijan Ring Road","ref":"D132"}},{"type":"Feature","geometry":{"type":"LineString","coordinates":[[72.34651,40.79874],[72.34408,40.80206],[72.34481,40.80909]]},"properties":{"@id":"way/1264584396","highway":"primary","name":"Pirmuhamedov ko'chasi","name:ru":"Пирмухамедова улица","name:en":"Pirmuhamedov street","ref":"D109"}},{"type":"Feature","geometry":{"type":"LineString","coordinates":[[72.34795,40.79981],[72.3475,40.79937]]},"properties":{"@id":"way/1273551989","highway":"secondary","name":"Nayman ko'chasi","name:ru":"Найман улица"}},{"type":"Feature","geometry":{"type":"LineString","coordinates":[[72.34801,40.79894],[72.34795,40.79981]]},"properties":{"@id":"way/1273551990","highway":"secondary","name":"Nayman ko'chasi","name:ru":"Найман улица"}},{"type":"Feature","geometry":{"type":"LineString","coordinates":[[72.36277,40.80128],[72.37076,40.81892],[72.38497,40.82627]]},"properties":{"@id":"way/1273551991","highway":"secondary","name":"Xovuz bo‘yi ko'chasi","name:ru":"Хавуз буйи улица","name:en":"Havuz Buyi Street","ref":"D137"}},{"type":"Feature","geometry":{"type":"LineString","coordinates":[[72.34157,40.82687],[72.34189,40.82621]]},"properties":{"@id":"way/1273551994","highway":"primary","name":"Ул.Асад Исматов","name:ru":"Асад Исматов улица","name:en":"Asad Ismatov street","ref":"D132b"}},{"type":"Feature","geometry":{"type":"LineString","coordinates":[[72.34189,40.82621],[72.3423,40.82691]]},"properties":{"@id":"way/1273551995","highway":"primary","name":"Ул.Асад Исматов","name:ru":"Асад Исматов улица","name:en":"Asad Ismatov street","ref":"D132b"}},{"type":"Feature","geometry":{"type":"LineString","coordinates":[[72.34202,40.8269],[72.34182,40.82663]]},"properties":{"@id":"way/1273551996","highway":"primary","name":"Ул.Асад Исматов","name:ru":"Асад Исматов улица","name:en":"Asad Ismatov street","ref":"D132b"}},{"type":"Feature","geometry":{"type":"LineString","coordinates":[[72.91277,40.89951],[72.91397,40.89995]]},"properties":{"@id":"way/1275219326","highway":"secondary","name":"Юнусов Алымжан көчөсү","ref":"М-117"}},{"type":"Feature","geometry":{"type":"LineString","coordinates":[[72.35088,40.76185],[72.35076,40.76195]]},"properties":{"@id":"way/1295626333","highway":"primary","name":"Bobur shoh ko'chasi","name:ru":"Бабур проспект"}},{"type":"Feature","geometry":{"type":"LineString","coordinates":[[72.33325,40.75492],[72.3334,40.755]]},"properties":{"@id":"way/1296431513","highway":"secondary","name":"A. Yo'ldoshev ko'chasi","name:ru":"улица А. Юлдашева"}},{"type":"Feature","geometry":{"type":"LineString","coordinates":[[72.33325,40.75492],[72.31427,40.74092]]},"properties":{"@id":"way/1296431514","highway":"secondary","name":"A. Yo'ldoshev ko'chasi","name:ru":"улица А. Юлдашева"}},{"type":"Feature","geometry":{"type":"LineString","coordinates":[[72.30454,40.71817],[72.31776,40.73639]]},"properties":{"@id":"way/1301919169","highway":"trunk","name":"Farg‘ona halqa yo‘li","name:ru":"Ферганская кольцевая дорога","name:en":"Fergana Ring Road","ref":"D105"}},{"type":"Feature","geometry":{"type":"LineString","coordinates":[[72.26129,40.6581],[72.2739,40.67231],[72.2756,40.67595],[72.27627,40.68265],[72.28201,40.69364],[72.29426,40.70232],[72.30454,40.71817]]},"properties":{"@id":"way/1301919178","highway":"trunk","name":"Farg‘ona halqa yo‘li","name:ru":"Ферганская кольцевая дорога","name:en":"Fergana Ring Road","ref":"D105"}},{"type":"Feature","geometry":{"type":"LineString","coordinates":[[73.42472,40.32123],[73.43969,40.31329]]},"properties":{"@id":"way/1307177947","highway":"secondary","name":"Алымбек датка көчөсү","ref":"М-104"}},{"type":"Feature","geometry":{"type":"LineString","coordinates":[[73.17004,39.7688],[73.17116,39.77217],[73.17399,39.77365],[73.17222,39.77127],[73.17238,39.76914],[73.1736,39.77152],[73.1771,39.77252],[73.17741,39.77161],[73.17476,39.77065],[73.17472,39.76958],[73.17897,39.77125],[73.17987,39.77287],[73.18594,39.77138],[73.18201,39.77107],[73.18421,39.76983],[73.1883,39.77095],[73.18577,39.7685],[73.19211,39.77163],[73.19872,39.77142],[73.20403,39.77279],[73.21437,39.78223],[73.2198,39.7843],[73.22493,39.78841],[73.2311,39.80118],[73.2421,39.81424],[73.25101,39.81909],[73.27644,39.83835],[73.29491,39.84803],[73.29874,39.84916],[73.31622,39.84905],[73.32654,39.85041]]},"properties":{"@id":"way/1307262640","highway":"trunk","name":"Памирский тракт","name:ru":"Памирский тракт","name:en":"Pamir Highway","ref":"ЭМ-05"}},{"type":"Feature","geometry":{"type":"LineString","coordinates":[[73.4633,39.93685],[73.46814,39.9423]]},"properties":{"@id":"way/1307286903","highway":"trunk","name":"Памирский тракт","name:ru":"Памирский тракт","name:en":"Pamir Highway","ref":"ЭМ-05"}},{"type":"Feature","geometry":{"type":"LineString","coordinates":[[73.46814,39.9423],[73.47296,39.94921],[73.4798,39.96375]]},"properties":{"@id":"way/1307286904","highway":"trunk","name":"Памирский тракт","name:ru":"Памирский тракт","name:en":"Pamir Highway","ref":"ЭМ-05"}},{"type":"Feature","geometry":{"type":"LineString","coordinates":[[73.45638,40.30571],[73.45729,40.30539]]},"properties":{"@id":"way/1307472535","highway":"trunk","name":"Памирский тракт","name:en":"Pamir Highway","ref":"ЭМ-05"}},{"type":"Feature","geometry":{"type":"LineString","coordinates":[[72.79553,40.5291],[72.79483,40.529]]},"properties":{"@id":"way/1307988089","highway":"primary","name":"Гапар Айтиев көчөсү","name:ky":"Гапар Айтиев көчөсү","name:ru":"Гапара Айтиева улица","name:en":"Aytiev Street"}},{"type":"Feature","geometry":{"type":"LineString","coordinates":[[72.79656,40.53092],[72.79614,40.53243]]},"properties":{"@id":"way/1307988091","highway":"primary","name":"Алымбек Датка көчөсү","name:ky":"Алымбек Датка көчөсү","name:ru":"ЛенАлымбек Датка ина улица","name:en":"Alymbek Datka Street"}},{"type":"Feature","geometry":{"type":"LineString","coordinates":[[72.79856,40.52521],[72.79993,40.5258]]},"properties":{"@id":"way/1308011035","highway":"primary","name":"Абдыкадырова улица","name:en":"Abdykadyrov street"}},{"type":"Feature","geometry":{"type":"LineString","coordinates":[[72.80204,40.5138],[72.8025,40.51328]]},"properties":{"@id":"way/1308109196","highway":"secondary","name":"Э. Алиев көчөсү","name:ky":"Э. Алиев көчөсү","name:ru":"Алиева Э. улица","name:en":"Aliev Street"}},{"type":"Feature","geometry":{"type":"LineString","coordinates":[[72.8025,40.51328],[72.80356,40.51223]]},"properties":{"@id":"way/1308109198","highway":"secondary","name":"Э. Алиев көчөсү","name:ky":"Э. Алиев көчөсү","name:ru":"Алиева Э. улица","name:en":"Aliev Street"}},{"type":"Feature","geometry":{"type":"LineString","coordinates":[[72.80521,40.51445],[72.80711,40.51233]]},"properties":{"@id":"way/1308109201","highway":"primary","name":"Курманджан Датка","name:en":"Kurmanjan Datka street"}},{"type":"Feature","geometry":{"type":"LineString","coordinates":[[72.79724,40.5247],[72.79917,40.5217]]},"properties":{"@id":"way/1308306259","highway":"primary","name":"Курманжан Датка көчөсү","name:ky":"Курманжан Датка көчөсү","name:ru":"Курманжан Датка улица","name:en":"Kurmanzhan Datka Street"}},{"type":"Feature","geometry":{"type":"LineString","coordinates":[[72.79937,40.52104],[72.80094,40.51923]]},"properties":{"@id":"way/1308306261","highway":"primary","name":"Курманжан Датка көчөсү","name:ky":"Курманжан Датка көчөсү","name:ru":"Курманжан Датка улица","name:en":"Kurmanzhan Datka Street"}},{"type":"Feature","geometry":{"type":"LineString","coordinates":[[72.80094,40.51923],[72.8014,40.51871]]},"properties":{"@id":"way/1308306263","highway":"primary","name":"Курманжан Датка көчөсү","name:ky":"Курманжан Датка көчөсү","name:ru":"Курманжан Датка улица","name:en":"Kurmanzhan Datka Street"}},{"type":"Feature","geometry":{"type":"LineString","coordinates":[[72.79917,40.5217],[72.79937,40.52104]]},"properties":{"@id":"way/1308306268","highway":"primary","name":"Курманжан Датка көчөсү","name:ky":"Курманжан Датка көчөсү","name:ru":"Курманжан Датка улица","name:en":"Kurmanzhan Datka Street"}},{"type":"Feature","geometry":{"type":"LineString","coordinates":[[72.79685,40.52517],[72.79724,40.5247]]},"properties":{"@id":"way/1308306272","highway":"primary","name":"Курманжан Датка көчөсү","name:ky":"Курманжан Датка көчөсү","name:ru":"Курманжан Датка улица","name:en":"Kurmanzhan Datka Street"}},{"type":"Feature","geometry":{"type":"LineString","coordinates":[[72.78868,40.52247],[72.77101,40.52202]]},"properties":{"@id":"way/1308346385","highway":"secondary","name":"Рысбай Абдыкадыров көчөсү","name:ru":"улица Рыспая Абдыкадырова"}},{"type":"Feature","geometry":{"type":"LineString","coordinates":[[72.79217,40.52846],[72.77318,40.52598]]},"properties":{"@id":"way/1308346386","highway":"primary","name":"Гапара Айтиева улица","name:en":"G. Aytiev street"}},{"type":"Feature","geometry":{"type":"LineString","coordinates":[[72.8013,40.52197],[72.79775,40.52632],[72.79656,40.53092]]},"properties":{"@id":"way/1308476618","highway":"primary","name":"Алымбек Датка көчөсү","name:ky":"Алымбек Датка көчөсү","name:ru":"Алымбек Датка улица","name:en":"Alymbek Datka Street"}},{"type":"Feature","geometry":{"type":"LineString","coordinates":[[72.80225,40.54318],[72.80358,40.53832]]},"properties":{"@id":"way/1308499367","highway":"primary","name":"Масалиева проспект","name:en":"Masaliev avenue","ref":"М-091"}},{"type":"Feature","geometry":{"type":"LineString","coordinates":[[72.80978,40.53473],[72.81567,40.53504]]},"properties":{"@id":"way/1308499368","highway":"primary","name":"Памирская","name:en":"Pamir street"}},{"type":"Feature","geometry":{"type":"LineString","coordinates":[[72.81567,40.53504],[72.80978,40.53473]]},"properties":{"@id":"way/1308499369","highway":"primary","name":"Памирская","name:en":"Pamir street"}},{"type":"Feature","geometry":{"type":"LineString","coordinates":[[72.31645,40.89614],[72.31627,40.90437]]},"properties":{"@id":"way/1310622760","highway":"primary","name":"Madaniyat shox ko'chasi","ref":"D133;D134"}},{"type":"Feature","geometry":{"type":"LineString","coordinates":[[72.31648,40.896],[72.31645,40.89614]]},"properties":{"@id":"way/1310622761","highway":"primary","ref":"D133;D134"}},{"type":"Feature","geometry":{"type":"LineString","coordinates":[[72.96254,40.89216],[72.96289,40.89196]]},"properties":{"@id":"way/1311001674","highway":"trunk","name:ru":"Бишкек-Ош","name:en":"Bishkek-Osh","ref":"ЭМ-04"}},{"type":"Feature","geometry":{"type":"LineString","coordinates":[[72.94345,40.90657],[72.95537,40.89618],[72.96254,40.89216]]},"properties":{"@id":"way/1311001675","highway":"trunk","name:ru":"Бишкек-Ош","name:en":"Bishkek-Osh","ref":"ЭМ-04"}},{"type":"Feature","geometry":{"type":"LineString","coordinates":[[72.96289,40.89196],[72.97324,40.88227]]},"properties":{"@id":"way/1311001676","highway":"trunk","name:ru":"Бишкек-Ош","name:en":"Bishkek-Osh","ref":"ЭМ-04"}},{"type":"Feature","geometry":{"type":"LineString","coordinates":[[72.31999,40.83],[72.31984,40.8299]]},"properties":{"@id":"way/1313010351","highway":"secondary","name":"Qashqar ko’chasi"}},{"type":"Feature","geometry":{"type":"LineString","coordinates":[[72.32393,40.83713],[72.32144,40.83465],[72.3204,40.83032]]},"properties":{"@id":"way/1313010352","highway":"secondary"}},{"type":"Feature","geometry":{"type":"LineString","coordinates":[[72.30223,40.80202],[72.29831,40.79849],[72.28953,40.79652]]},"properties":{"@id":"way/1313455899","highway":"trunk","name":"Andijon halqa yo‘li","name:ru":"Андижанская кольцевая дорога","name:en":"Andijan Ring Road","ref":"D132"}},{"type":"Feature","geometry":{"type":"LineString","coordinates":[[72.30972,40.8119],[72.31287,40.81604]]},"properties":{"@id":"way/1313463796","highway":"trunk","name":"Andijon halqa yo‘li","name:ru":"Андижанская кольцевая дорога","name:en":"Andijan Ring Road","ref":"D132"}},{"type":"Feature","geometry":{"type":"LineString","coordinates":[[72.31287,40.81604],[72.30972,40.8119]]},"properties":{"@id":"way/1313463797","highway":"trunk","name":"Andijon halqa yo‘li","name:ru":"Андижанская кольцевая дорога","name:en":"Andijan Ring Road","ref":"D132"}},{"type":"Feature","geometry":{"type":"LineString","coordinates":[[72.30972,40.8119],[72.30294,40.80294]]},"properties":{"@id":"way/1313463798","highway":"trunk","name":"Andijon halqa yo‘li","name:ru":"Андижанская кольцевая дорога","name:en":"Andijan Ring Road","ref":"D132"}},{"type":"Feature","geometry":{"type":"LineString","coordinates":[[73.21066,40.8259],[73.2108,40.82543]]},"properties":{"@id":"way/1316351009","highway":"trunk","name:ru":"Бишкек-Ош","name:en":"Bishkek-Osh","ref":"ЭМ-04"}},{"type":"Feature","geometry":{"type":"LineString","coordinates":[[73.2108,40.82543],[73.21378,40.82719]]},"properties":{"@id":"way/1316351012","highway":"primary","name:ru":"Бишкек-Ош","name:en":"Bishkek-Osh","ref":"ЭМ-04"}},{"type":"Feature","geometry":{"type":"LineString","coordinates":[[73.20705,40.82531],[73.21048,40.8253]]},"properties":{"@id":"way/1316351014","highway":"trunk","name:ru":"Бишкек-Ош","name:en":"Bishkek-Osh","ref":"ЭМ-04"}},{"type":"Feature","geometry":{"type":"LineString","coordinates":[[72.3766,40.63087],[72.38121,40.63252],[72.39764,40.63326]]},"properties":{"@id":"way/1317851442","highway":"secondary","name":"Gulzor ko'chasi","name:ru":"улица Гулзор","ref":"D139"}},{"type":"Feature","geometry":{"type":"LineString","coordinates":[[72.50282,40.70081],[72.51808,40.70098],[72.53518,40.70363]]},"properties":{"@id":"way/1318022503","highway":"trunk"}},{"type":"Feature","geometry":{"type":"LineString","coordinates":[[72.76773,40.54198],[72.75048,40.54222]]},"properties":{"@id":"way/1318329247","highway":"secondary","name":"Шамшат (Керме-Тоо) улица","name:ky":"Шамшат (Керме-Тоо) көчөсү","name:ru":"Шамшат (Керме-Тоо) улица"}},{"type":"Feature","geometry":{"type":"LineString","coordinates":[[72.80202,40.53767],[72.80093,40.53745]]},"properties":{"@id":"way/1321696825","highway":"primary","name":"Алишера Навои улица","name:ru":"Навои А. улица","name:en":"A. Navoi Street"}},{"type":"Feature","geometry":{"type":"LineString","coordinates":[[72.80379,40.53801],[72.80371,40.53835]]},"properties":{"@id":"way/1321696827","highway":"primary","name":"Абсамата Масалиева проспект","name:ru":"Абсамата Масалиева проспект","name:en":"Masaliev avenue","ref":"М-091"}},{"type":"Feature","geometry":{"type":"LineString","coordinates":[[72.80388,40.53768],[72.80379,40.53801]]},"properties":{"@id":"way/1321696828","highway":"primary","name":"Масалиева проспект","name:en":"Masaliev avenue","ref":"М-091"}},{"type":"Feature","geometry":{"type":"LineString","coordinates":[[72.80377,40.53766],[72.80451,40.53431]]},"properties":{"@id":"way/1321696829","highway":"primary","name":"Масалиева проспект","name:en":"Masaliev avenue","ref":"М-091"}},{"type":"Feature","geometry":{"type":"LineString","coordinates":[[72.80358,40.53832],[72.80377,40.53766]]},"properties":{"@id":"way/1321696830","highway":"primary","name":"Масалиева проспект","name:en":"Masaliev avenue","ref":"М-091"}},{"type":"Feature","geometry":{"type":"LineString","coordinates":[[72.84449,40.53712],[72.84457,40.53714]]},"properties":{"@id":"way/1321696832","highway":"primary","ref":"ЭМ-05"}},{"type":"Feature","geometry":{"type":"LineString","coordinates":[[73.29913,40.77041],[73.29613,40.76967]]},"properties":{"@id":"way/1321696838","highway":"primary","name":"Манаса улица","ref":"ЭМ-04"}},{"type":"Feature","geometry":{"type":"LineString","coordinates":[[73.29465,40.76934],[73.29286,40.76878]]},"properties":{"@id":"way/1321696839","highway":"primary","name":"Манаса улица","ref":"ЭМ-04"}},{"type":"Feature","geometry":{"type":"LineString","coordinates":[[73.29286,40.76878],[73.29613,40.76967]]},"properties":{"@id":"way/1321696840","highway":"primary","name":"Манаса улица","ref":"ЭМ-04"}},{"type":"Feature","geometry":{"type":"LineString","coordinates":[[73.30783,40.81326],[73.3089,40.81256]]},"properties":{"@id":"way/1321696844","highway":"primary","name:ru":"Бишкек-Ош","name:en":"Bishkek-Osh","ref":"ЭМ-04"}},{"type":"Feature","geometry":{"type":"LineString","coordinates":[[73.3089,40.81256],[73.31443,40.80584]]},"properties":{"@id":"way/1321696845","highway":"primary","name:ru":"Бишкек-Ош","name:en":"Bishkek-Osh","ref":"ЭМ-04"}},{"type":"Feature","geometry":{"type":"LineString","coordinates":[[73.07945,40.85867],[73.08072,40.85696],[73.08283,40.86007],[73.08492,40.85641]]},"properties":{"@id":"way/1321696846","highway":"trunk","name:ru":"Бишкек-Ош","name:en":"Bishkek-Osh","ref":"ЭМ-04"}},{"type":"Feature","geometry":{"type":"LineString","coordinates":[[73.07315,40.8658],[73.07753,40.86525],[73.07945,40.85867]]},"properties":{"@id":"way/1321696847","highway":"trunk","name:ru":"Бишкек-Ош","name:en":"Bishkek-Osh","ref":"ЭМ-04"}},{"type":"Feature","geometry":{"type":"LineString","coordinates":[[72.89721,40.70941],[72.8972,40.71004]]},"properties":{"@id":"way/1322904695","highway":"primary","name":"Юлдашева улица","name:en":"Yuldasheva Street"}},{"type":"Feature","geometry":{"type":"LineString","coordinates":[[72.8972,40.71004],[72.89692,40.70945]]},"properties":{"@id":"way/1322904696","highway":"primary","name":"Юлдашева улица","name:en":"Yuldasheva Street"}},{"type":"Feature","geometry":{"type":"LineString","coordinates":[[72.7696,40.56195],[72.77043,40.56082]]},"properties":{"@id":"way/1327928123","highway":"primary","name":"Курманжан Датка көчөсү","name:ky":"Курманжан Датка көчөсү","name:ru":"Курманжан Датка улица","name:en":"Kurmanzhan Datka Street","ref":"ЭМ-15"}},{"type":"Feature","geometry":{"type":"LineString","coordinates":[[73.25351,40.73982],[73.25237,40.73919]]},"properties":{"@id":"way/1332134270","highway":"trunk","name:ru":"Бишкек-Ош","name:en":"Bishkek-Osh","ref":"ЭМ-04"}},{"type":"Feature","geometry":{"type":"LineString","coordinates":[[73.25359,40.73958],[73.25359,40.73958]]},"properties":{"@id":"way/1332134271","highway":"trunk","name:ru":"Бишкек-Ош","name:en":"Bishkek-Osh","ref":"ЭМ-04"}},{"type":"Feature","geometry":{"type":"LineString","coordinates":[[73.4367,40.29916],[73.43231,40.2922],[73.43237,40.28416],[73.42913,40.28077],[73.42717,40.27068],[73.4196,40.2629],[73.41696,40.25705]]},"properties":{"@id":"way/1337259217","highway":"trunk","name":"Памирский тракт","ref":"ЭМ-05"}},{"type":"Feature","geometry":{"type":"LineString","coordinates":[[73.41696,40.25705],[73.41665,40.25684]]},"properties":{"@id":"way/1337259218","highway":"trunk","name":"Памирский тракт","ref":"ЭМ-05"}},{"type":"Feature","geometry":{"type":"LineString","coordinates":[[72.93498,40.62962],[72.93471,40.62956]]},"properties":{"@id":"way/1338081595","highway":"secondary","ref":"М-103"}},{"type":"Feature","geometry":{"type":"LineString","coordinates":[[73.21023,40.82589],[73.20705,40.82531]]},"properties":{"@id":"way/1339383606","highway":"trunk","name:ru":"Бишкек-Ош","name:en":"Bishkek-Osh","ref":"ЭМ-04"}},{"type":"Feature","geometry":{"type":"LineString","coordinates":[[73.21378,40.82719],[73.21234,40.82688]]},"properties":{"@id":"way/1339383607","highway":"primary","name:ru":"Бишкек-Ош","name:en":"Bishkek-Osh","ref":"ЭМ-04"}},{"type":"Feature","geometry":{"type":"LineString","coordinates":[[73.22022,40.82258],[73.21426,40.82504]]},"properties":{"@id":"way/1339790746","highway":"motorway","name":"Өзгөн айланма жолу (Кароол - Ана-Кызыл)","name:ky":"Өзгөн айланма жолу (Кароол - Ана-Кызыл)","name:ru":"Объездная Узгена (Кароол - Ана-Кызыл)","name:en":"Ozgon bypass road (Karool – Ana-Kyzyl)"}},{"type":"Feature","geometry":{"type":"LineString","coordinates":[[73.22038,40.8219],[73.22022,40.82258]]},"properties":{"@id":"way/1339790747","highway":"motorway","name":"Өзгөн айланма жолу (Кароол - Ана-Кызыл)","name:ky":"Өзгөн айланма жолу (Кароол - Ана-Кызыл)","name:ru":"Объездная Узгена (Кароол - Ана-Кызыл)","name:en":"Ozgon bypass road (Karool – Ana-Kyzyl)"}},{"type":"Feature","geometry":{"type":"LineString","coordinates":[[73.25098,40.74507],[73.24733,40.75221],[73.24746,40.76466]]},"properties":{"@id":"way/1340960088","highway":"motorway","name":"Өзгөн айланма жолу (Кароол - Ана-Кызыл)","name:ky":"Өзгөн айланма жолу (Кароол - Ана-Кызыл)","name:ru":"Объездная Узгена (Кароол - Ана-Кызыл)","name:en":"Ozgon bypass road (Karool – Ana-Kyzyl)"}},{"type":"Feature","geometry":{"type":"LineString","coordinates":[[73.24746,40.76466],[73.24748,40.76686]]},"properties":{"@id":"way/1340960089","highway":"motorway","name":"Өзгөн айланма жолу (Кароол - Ана-Кызыл)","name:ky":"Өзгөн айланма жолу (Кароол - Ана-Кызыл)","name:ru":"Объездная Узгена (Кароол - Ана-Кызыл)","name:en":"Ozgon bypass road (Karool – Ana-Kyzyl)"}},{"type":"Feature","geometry":{"type":"LineString","coordinates":[[72.43719,40.8404],[72.43747,40.84327],[72.43926,40.84335]]},"properties":{"@id":"way/1343536614","highway":"trunk","name":"Andijon halqa yo‘li","name:ru":"Андижанская кольцевая дорога","name:en":"Andijan Ring Road","ref":"D132"}},{"type":"Feature","geometry":{"type":"LineString","coordinates":[[74.16663,39.77456],[74.16382,39.77738]]},"properties":{"@id":"way/1343912881","highway":"trunk","name":"喀什 - 伊尔克什坦","ref":"G581"}},{"type":"Feature","geometry":{"type":"LineString","coordinates":[[74.16382,39.77738],[74.16338,39.77773]]},"properties":{"@id":"way/1343912882","highway":"trunk","name":"喀什 - 伊尔克什坦","ref":"G581"}},{"type":"Feature","geometry":{"type":"LineString","coordinates":[[74.16338,39.77773],[74.16284,39.77816]]},"properties":{"@id":"way/1343912883","highway":"trunk","name":"喀什 - 伊尔克什坦","ref":"G581"}},{"type":"Feature","geometry":{"type":"LineString","coordinates":[[74.16284,39.77816],[74.16215,39.7787]]},"properties":{"@id":"way/1343912884","highway":"trunk","name":"喀什 - 伊尔克什坦","ref":"G581"}},{"type":"Feature","geometry":{"type":"LineString","coordinates":[[74.16215,39.7787],[74.15808,39.78189]]},"properties":{"@id":"way/1343912887","highway":"trunk","name":"喀什 - 伊尔克什坦","ref":"G581"}},{"type":"Feature","geometry":{"type":"LineString","coordinates":[[74.15808,39.78189],[74.15741,39.78238]]},"properties":{"@id":"way/1343912888","highway":"trunk","name":"喀什 - 伊尔克什坦","ref":"G581"}},{"type":"Feature","geometry":{"type":"LineString","coordinates":[[74.15741,39.78238],[74.15189,39.78578]]},"properties":{"@id":"way/1343912890","highway":"trunk","name":"喀什 - 伊尔克什坦","ref":"G581"}},{"type":"Feature","geometry":{"type":"LineString","coordinates":[[74.15189,39.78578],[74.15173,39.78591]]},"properties":{"@id":"way/1343912891","highway":"trunk","name":"喀什 - 伊尔克什坦","ref":"G581"}},{"type":"Feature","geometry":{"type":"LineString","coordinates":[[74.15173,39.78591],[74.14839,39.78851]]},"properties":{"@id":"way/1343912893","highway":"trunk","name":"喀什 - 伊尔克什坦","ref":"G581"}},{"type":"Feature","geometry":{"type":"LineString","coordinates":[[74.14839,39.78851],[74.14813,39.78871]]},"properties":{"@id":"way/1343912894","highway":"trunk","name":"喀什 - 伊尔克什坦","ref":"G581"}},{"type":"Feature","geometry":{"type":"LineString","coordinates":[[72.3204,40.83032],[72.31999,40.83]]},"properties":{"@id":"way/1351751886","highway":"secondary","name":"Qashqar ko’chasi"}},{"type":"Feature","geometry":{"type":"LineString","coordinates":[[73.51087,40.14582],[73.51074,40.14642]]},"properties":{"@id":"way/1351833415","highway":"trunk","name":"Памирский тракт","name:ru":"Памирский тракт","name:en":"Pamir Highway","ref":"ЭМ-05"}},{"type":"Feature","geometry":{"type":"LineString","coordinates":[[73.52247,40.12938],[73.51839,40.13314],[73.514,40.13492],[73.51389,40.13847],[73.51087,40.14582]]},"properties":{"@id":"way/1351833416","highway":"trunk","name":"Памирский тракт","name:ru":"Памирский тракт","name:en":"Pamir Highway","ref":"ЭМ-05"}},{"type":"Feature","geometry":{"type":"LineString","coordinates":[[72.35343,40.75852],[72.35349,40.75873]]},"properties":{"@id":"way/1354785713","highway":"primary"}},{"type":"Feature","geometry":{"type":"LineString","coordinates":[[72.3605,40.7482],[72.35878,40.75198]]},"properties":{"@id":"way/1354785714","highway":"primary","name":"Bobur shoh ko'chasi","name:ru":"Бабур проспект"}},{"type":"Feature","geometry":{"type":"LineString","coordinates":[[72.36029,40.74812],[72.36038,40.74778]]},"properties":{"@id":"way/1354785717","highway":"primary","name":"Bobur shoh ko'chasi","name:ru":"Бабура проспект"}},{"type":"Feature","geometry":{"type":"LineString","coordinates":[[72.98576,40.863],[72.98633,40.86343]]},"properties":{"@id":"way/1355352625","highway":"primary","ref":"М-122"}},{"type":"Feature","geometry":{"type":"LineString","coordinates":[[72.75786,40.67558],[72.75786,40.67582]]},"properties":{"@id":"way/1357186006","highway":"secondary","ref":"D137"}},{"type":"Feature","geometry":{"type":"LineString","coordinates":[[72.75786,40.67582],[72.75808,40.67906],[72.76215,40.68037]]},"properties":{"@id":"way/1357186007","highway":"secondary","ref":"D137"}},{"type":"Feature","geometry":{"type":"LineString","coordinates":[[73.53733,40.07454],[73.5362,40.07667],[73.53796,40.08509],[73.537,40.09325],[73.53874,40.09678]]},"properties":{"@id":"way/1357552208","highway":"trunk","name":"Памирский тракт","name:ru":"Памирский тракт","name:en":"Pamir Highway","ref":"ЭМ-05"}},{"type":"Feature","geometry":{"type":"LineString","coordinates":[[73.53736,40.07446],[73.53733,40.07454]]},"properties":{"@id":"way/1357552209","highway":"trunk","name":"Памирский тракт","name:ru":"Памирский тракт","name:en":"Pamir Highway","ref":"ЭМ-05"}},{"type":"Feature","geometry":{"type":"LineString","coordinates":[[72.80004,40.54853],[72.80018,40.54843]]},"properties":{"@id":"way/1357836020","highway":"secondary","name":"Карасуйская улица"}},{"type":"Feature","geometry":{"type":"LineString","coordinates":[[72.79813,40.54665],[72.79822,40.54655]]},"properties":{"@id":"way/1357836021","highway":"secondary","name":"Карасуйская улица"}},{"type":"Feature","geometry":{"type":"LineString","coordinates":[[72.97602,40.92634],[72.97661,40.92638]]},"properties":{"@id":"way/1358101247","highway":"trunk","name":"Түмөнбай Байзаков проспекти","name:ru":"Түмөнбай Байзаков проспекти","name:en":"Lenin St."}},{"type":"Feature","geometry":{"type":"LineString","coordinates":[[72.97644,40.92659],[72.97602,40.92634]]},"properties":{"@id":"way/1358101248","highway":"trunk","name":"Түмөнбай Байзаков проспекти","name:ru":"Түмөнбай Байзаков проспекти","name:en":"Lenin St."}},{"type":"Feature","geometry":{"type":"LineString","coordinates":[[72.97732,40.92676],[72.97667,40.92669]]},"properties":{"@id":"way/1358101249","highway":"trunk","name":"Түмөнбай Байзаков проспекти","name:ru":"Түмөнбай Байзаков проспекти","name:en":"Lenin St."}},{"type":"Feature","geometry":{"type":"LineString","coordinates":[[72.97678,40.92642],[72.97732,40.92676]]},"properties":{"@id":"way/1358101250","highway":"trunk","name":"Түмөнбай Байзаков проспекти","name:ru":"Түмөнбай Байзаков проспекти","name:en":"Lenin St."}},{"type":"Feature","geometry":{"type":"LineString","coordinates":[[72.32803,40.74391],[72.3279,40.744]]},"properties":{"@id":"way/1358624263","highway":"secondary"}},{"type":"Feature","geometry":{"type":"LineString","coordinates":[[72.76108,40.72365],[72.75936,40.73029]]},"properties":{"@id":"way/1359771095","highway":"secondary","name":"Mustaqillik ko'chasi","ref":"D137"}},{"type":"Feature","geometry":{"type":"LineString","coordinates":[[72.7611,40.72339],[72.76108,40.72365]]},"properties":{"@id":"way/1359771097","highway":"secondary","name":"Mustaqillik ko'chasi","ref":"D137"}},{"type":"Feature","geometry":{"type":"LineString","coordinates":[[72.75999,40.71897],[72.7611,40.72339]]},"properties":{"@id":"way/1359771098","highway":"secondary","name":"Mustaqillik ko'chasi","ref":"D137"}},{"type":"Feature","geometry":{"type":"LineString","coordinates":[[72.76096,40.72337],[72.75999,40.71897]]},"properties":{"@id":"way/1359771099","highway":"secondary","name":"Mustaqillik ko'chasi","ref":"D137"}},{"type":"Feature","geometry":{"type":"LineString","coordinates":[[72.80651,40.53429],[72.80642,40.53429]]},"properties":{"@id":"way/1360039163","highway":"primary","name":"Монуева улица","name:en":"Monueva street"}},{"type":"Feature","geometry":{"type":"LineString","coordinates":[[72.80736,40.53429],[72.80651,40.53429]]},"properties":{"@id":"way/1360039169","highway":"primary","name":"Монуева улица","name:en":"Monueva street"}},{"type":"Feature","geometry":{"type":"LineString","coordinates":[[72.80801,40.53441],[72.80736,40.53429]]},"properties":{"@id":"way/1360039170","highway":"primary","name":"Монуева улица","name:en":"Monueva street"}},{"type":"Feature","geometry":{"type":"LineString","coordinates":[[72.80966,40.5347],[72.80801,40.53441]]},"properties":{"@id":"way/1360039171","highway":"primary","name":"Монуева улица","name:en":"Monueva street"}},{"type":"Feature","geometry":{"type":"LineString","coordinates":[[72.34542,40.80977],[72.34607,40.80978]]},"properties":{"@id":"way/1364062602","highway":"secondary"}},{"type":"Feature","geometry":{"type":"LineString","coordinates":[[72.37474,40.71504],[72.37489,40.71647]]},"properties":{"@id":"way/1364062611","highway":"secondary"}},{"type":"Feature","geometry":{"type":"LineString","coordinates":[[72.37489,40.71647],[72.37491,40.71662]]},"properties":{"@id":"way/1364062612","highway":"secondary"}},{"type":"Feature","geometry":{"type":"LineString","coordinates":[[72.43634,40.72389],[72.43466,40.72469]]},"properties":{"@id":"way/1364062621","highway":"primary","ref":"D017e"}},{"type":"Feature","geometry":{"type":"LineString","coordinates":[[72.43466,40.72469],[72.43428,40.72487]]},"properties":{"@id":"way/1364062622","highway":"primary","ref":"D017e"}},{"type":"Feature","geometry":{"type":"LineString","coordinates":[[72.43823,40.72388],[72.43917,40.72451]]},"properties":{"@id":"way/1364062623","highway":"trunk","name":"Andijon halqa yo‘li","name:ru":"Андижанская кольцевая дорога","name:en":"Andijan Ring Road","ref":"D132"}},{"type":"Feature","geometry":{"type":"LineString","coordinates":[[72.43917,40.72451],[72.43955,40.72477]]},"properties":{"@id":"way/1364062624","highway":"trunk","name":"Andijon halqa yo‘li","name:ru":"Андижанская кольцевая дорога","name:en":"Andijan Ring Road","ref":"D132"}},{"type":"Feature","geometry":{"type":"LineString","coordinates":[[72.34647,40.80989],[72.34608,40.80989]]},"properties":{"@id":"way/1364814238","highway":"secondary"}},{"type":"Feature","geometry":{"type":"LineString","coordinates":[[72.34608,40.80989],[72.34512,40.80994]]},"properties":{"@id":"way/1364814239","highway":"secondary"}},{"type":"Feature","geometry":{"type":"LineString","coordinates":[[73.44308,40.30699],[73.44004,40.30626]]},"properties":{"@id":"way/1366236534","highway":"trunk","name":"Памирский тракт","ref":"ЭМ-05"}},{"type":"Feature","geometry":{"type":"LineString","coordinates":[[72.74012,40.58624],[72.73652,40.59163]]},"properties":{"@id":"way/1368996601","highway":"trunk","ref":"A373"}},{"type":"Feature","geometry":{"type":"LineString","coordinates":[[72.71012,40.60191],[72.72092,40.59963],[72.73384,40.59358],[72.74167,40.58425]]},"properties":{"@id":"way/1368996605","highway":"trunk","ref":"A373"}},{"type":"Feature","geometry":{"type":"LineString","coordinates":[[72.75562,40.57609],[72.74628,40.58135]]},"properties":{"@id":"way/1368996606","highway":"trunk","ref":"A373"}},{"type":"Feature","geometry":{"type":"LineString","coordinates":[[72.99986,40.77942],[73.05126,40.7709]]},"properties":{"@id":"way/1369008144","highway":"secondary","name:ky":"фыва"}},{"type":"Feature","geometry":{"type":"LineString","coordinates":[[72.99986,40.77942],[72.99885,40.7766]]},"properties":{"@id":"way/1369008145","highway":"primary","ref":"M41"}},{"type":"Feature","geometry":{"type":"LineString","coordinates":[[73.05126,40.7709],[72.99986,40.77942]]},"properties":{"@id":"way/1369008146","highway":"secondary","name:ky":"фыва"}},{"type":"Feature","geometry":{"type":"LineString","coordinates":[[73.03205,40.76758],[73.03233,40.76757]]},"properties":{"@id":"way/1369008149","highway":"secondary","ref":"4P136"}},{"type":"Feature","geometry":{"type":"LineString","coordinates":[[72.99967,40.76597],[72.99883,40.77621]]},"properties":{"@id":"way/1369008154","highway":"primary","ref":"M41"}},{"type":"Feature","geometry":{"type":"LineString","coordinates":[[72.99883,40.77621],[72.99898,40.7766]]},"properties":{"@id":"way/1369008155","highway":"primary","ref":"M41"}},{"type":"Feature","geometry":{"type":"LineString","coordinates":[[72.99898,40.7766],[73.00127,40.78349]]},"properties":{"@id":"way/1369008156","highway":"primary","ref":"M41"}},{"type":"Feature","geometry":{"type":"LineString","coordinates":[[73.00154,40.78426],[73.00127,40.78349]]},"properties":{"@id":"way/1369008157","highway":"primary","ref":"M41"}},{"type":"Feature","geometry":{"type":"LineString","coordinates":[[73.00232,40.78647],[73.00202,40.78568]]},"properties":{"@id":"way/1369008158","highway":"primary","ref":"M41"}},{"type":"Feature","geometry":{"type":"LineString","coordinates":[[73.00232,40.78647],[73.00357,40.78952]]},"properties":{"@id":"way/1369008159","highway":"primary","ref":"M41"}},{"type":"Feature","geometry":{"type":"LineString","coordinates":[[72.97736,40.8016],[72.97682,40.80164]]},"properties":{"@id":"way/1369008164","highway":"secondary"}},{"type":"Feature","geometry":{"type":"LineString","coordinates":[[72.97729,40.80125],[72.97749,40.80108]]},"properties":{"@id":"way/1369008165","highway":"primary","name":"Islom Karimov koʻchasi","name:ru":"Ислама Каримова улица","name:en":"Islam Karimov street","ref":"M41"}},{"type":"Feature","geometry":{"type":"LineString","coordinates":[[72.97749,40.80108],[72.98005,40.79913],[72.98518,40.7984],[72.98865,40.79576],[73.00266,40.79058]]},"properties":{"@id":"way/1369008166","highway":"primary","name":"Islom Karimov koʻchasi","name:ru":"Ислама Каримова улица","ref":"M41"}},{"type":"Feature","geometry":{"type":"LineString","coordinates":[[72.81753,40.5873],[72.81699,40.58603]]},"properties":{"@id":"way/1369164935","highway":"trunk","name":"Наримана улица","ref":"М-091"}},{"type":"Feature","geometry":{"type":"LineString","coordinates":[[73.21234,40.82688],[73.21023,40.82589]]},"properties":{"@id":"way/1369690503","highway":"primary","name:ru":"Бишкек-Ош","name:en":"Bishkek-Osh","ref":"ЭМ-04"}},{"type":"Feature","geometry":{"type":"LineString","coordinates":[[72.99393,40.95664],[72.99681,40.9552]]},"properties":{"@id":"way/1369881097","highway":"trunk","name":"Пушкина улица"}},{"type":"Feature","geometry":{"type":"LineString","coordinates":[[73.01106,40.93082],[73.00796,40.93053]]},"properties":{"@id":"way/1369881098","highway":"primary","name":"Жусупбек Бакиев көчөсү","name:ru":"Бакиева Жусупбека улица"}},{"type":"Feature","geometry":{"type":"LineString","coordinates":[[73.00145,40.92738],[73.00106,40.9274]]},"properties":{"@id":"way/1369881099","highway":"trunk","name":"Түмөнбай Байзаков проспекти","name:ru":"Түмөнбай Байзаков проспекти"}},{"type":"Feature","geometry":{"type":"LineString","coordinates":[[72.67988,40.78152],[72.68216,40.78226],[72.68209,40.78662],[72.68583,40.78866]]},"properties":{"@id":"way/1378623630","highway":"secondary","ref":"D143"}},{"type":"Feature","geometry":{"type":"LineString","coordinates":[[72.88184,40.72478],[72.87425,40.72743]]},"properties":{"@id":"way/1378624640","highway":"primary","ref":"D138"}},{"type":"Feature","geometry":{"type":"LineString","coordinates":[[72.50683,40.86208],[72.50654,40.86391]]},"properties":{"@id":"way/1378641633","highway":"secondary","ref":"D137a;D145"}},{"type":"Feature","geometry":{"type":"LineString","coordinates":[[73.21426,40.82504],[73.21066,40.8259]]},"properties":{"@id":"way/1380065449","highway":"motorway","name":"Өзгөн айланма жолу (Кароол - Ана-Кызыл)","name:ky":"Өзгөн айланма жолу (Кароол - Ана-Кызыл)","name:ru":"Объездная Узгена (Кароол - Ана-Кызыл)","name:en":"Ozgon bypass road (Karool – Ana-Kyzyl)"}},{"type":"Feature","geometry":{"type":"LineString","coordinates":[[73.21048,40.8253],[73.21422,40.82491]]},"properties":{"@id":"way/1380065450","highway":"motorway","name":"Өзгөн айланма жолу (Кароол - Ана-Кызыл)","name:ky":"Өзгөн айланма жолу (Кароол - Ана-Кызыл)","name:ru":"Объездная Узгена (Кароол - Ана-Кызыл)","name:en":"Ozgon bypass road (Karool – Ana-Kyzyl)"}},{"type":"Feature","geometry":{"type":"LineString","coordinates":[[72.44374,40.93963],[72.43699,40.95254],[72.43467,40.96416]]},"properties":{"@id":"way/1380241978","highway":"secondary"}},{"type":"Feature","geometry":{"type":"LineString","coordinates":[[72.59438,40.65067],[72.59398,40.65085]]},"properties":{"@id":"way/1380285897","highway":"trunk","ref":"A373"}},{"type":"Feature","geometry":{"type":"LineString","coordinates":[[72.64753,40.6226],[72.6342,40.62817],[72.59438,40.65067]]},"properties":{"@id":"way/1380285898","highway":"trunk","ref":"A373"}},{"type":"Feature","geometry":{"type":"LineString","coordinates":[[72.96809,40.84483],[72.9686,40.84491]]},"properties":{"@id":"way/1380292108","highway":"secondary"}},{"type":"Feature","geometry":{"type":"LineString","coordinates":[[72.96861,40.84496],[72.96809,40.84483]]},"properties":{"@id":"way/1380292109","highway":"secondary"}},{"type":"Feature","geometry":{"type":"LineString","coordinates":[[72.841,40.76035],[72.84086,40.76055]]},"properties":{"@id":"way/1384920974","highway":"secondary","name":"Qorasuv ko'chasi","name:ru":"Карасу улица","name:en":"Karasu","ref":"60V004"}},{"type":"Feature","geometry":{"type":"LineString","coordinates":[[72.84076,40.76041],[72.841,40.76035]]},"properties":{"@id":"way/1384920975","highway":"secondary","ref":"60V004"}},{"type":"Feature","geometry":{"type":"LineString","coordinates":[[72.89402,40.7329],[72.89586,40.72594]]},"properties":{"@id":"way/1384920976","highway":"primary","name":"Do‘stlik ko‘chasi","name:ru":"улица Дустлик","ref":"D138a"}},{"type":"Feature","geometry":{"type":"LineString","coordinates":[[72.51369,40.67476],[72.50448,40.67396],[72.49264,40.67564]]},"properties":{"@id":"way/1384938001","highway":"secondary"}},{"type":"Feature","geometry":{"type":"LineString","coordinates":[[72.41276,40.58781],[72.42979,40.57792]]},"properties":{"@id":"way/1385749976","highway":"secondary","ref":"М-095"}},{"type":"Feature","geometry":{"type":"LineString","coordinates":[[72.38881,40.61158],[72.39128,40.60956],[72.39477,40.59858]]},"properties":{"@id":"way/1385749978","highway":"secondary","ref":"М-095"}},{"type":"Feature","geometry":{"type":"LineString","coordinates":[[72.30067,40.76361],[72.30669,40.76622]]},"properties":{"@id":"way/1385798990","highway":"secondary","name":"Dalvarzin koʻchasi","name:ru":"улица Далварзин"}},{"type":"Feature","geometry":{"type":"LineString","coordinates":[[72.30479,40.71881],[72.30438,40.71823]]},"properties":{"@id":"way/1386521129","highway":"trunk","name":"Farg‘ona halqa yo‘li","name:ru":"Ферганская кольцевая дорога","name:en":"Fergana Ring Road","ref":"D105"}},{"type":"Feature","geometry":{"type":"LineString","coordinates":[[72.30495,40.71876],[72.30479,40.71881]]},"properties":{"@id":"way/1386521130","highway":"secondary"}},{"type":"Feature","geometry":{"type":"LineString","coordinates":[[73.17563,40.69074],[73.17298,40.68813],[73.1731,40.68359],[73.16774,40.67938]]},"properties":{"@id":"way/1388766699","highway":"trunk","name":"Бекмурзаева К. улица","ref":"ЭМ-04"}},{"type":"Feature","geometry":{"type":"LineString","coordinates":[[73.18039,40.69255],[73.17563,40.69074]]},"properties":{"@id":"way/1388766701","highway":"trunk","name":"Бекмурзаева К. улица","ref":"ЭМ-04"}},{"type":"Feature","geometry":{"type":"LineString","coordinates":[[72.36601,40.7534],[72.35909,40.75159]]},"properties":{"@id":"way/1390878922","highway":"secondary","name":"Boborahim Mashrab ko'chasi","name:ru":"Боборахим Машраб улица"}},{"type":"Feature","geometry":{"type":"LineString","coordinates":[[73.42313,39.90347],[73.42574,39.91074],[73.43538,39.92004]]},"properties":{"@id":"way/1391103165","highway":"trunk","name":"Памирский тракт","name:ru":"Памирский тракт","name:en":"Pamir Highway","ref":"ЭМ-05"}},{"type":"Feature","geometry":{"type":"LineString","coordinates":[[73.42312,39.90339],[73.42313,39.90347]]},"properties":{"@id":"way/1391103166","highway":"trunk","name":"Памирский тракт","name:ru":"Памирский тракт","name:en":"Pamir Highway","ref":"ЭМ-05"}},{"type":"Feature","geometry":{"type":"LineString","coordinates":[[72.33745,40.75933],[72.33198,40.76154]]},"properties":{"@id":"way/1391524604","highway":"secondary"}},{"type":"Feature","geometry":{"type":"LineString","coordinates":[[72.36731,40.75535],[72.36892,40.76011]]},"properties":{"@id":"way/1391524606","highway":"secondary","name":"B.Naqshbandiy ko'chasi"}},{"type":"Feature","geometry":{"type":"LineString","coordinates":[[72.36591,40.75331],[72.36731,40.75535]]},"properties":{"@id":"way/1391524607","highway":"secondary"}},{"type":"Feature","geometry":{"type":"LineString","coordinates":[[72.37086,40.77244],[72.37545,40.77642]]},"properties":{"@id":"way/1391524616","highway":"secondary","name":"Milliy Tiklanish ko'chasi","name:ru":"Миллий Тикланиш улица"}},{"type":"Feature","geometry":{"type":"LineString","coordinates":[[72.37545,40.77642],[72.3707,40.77247]]},"properties":{"@id":"way/1391524617","highway":"secondary","name":"Milliy Tiklanish ko'chasi","name:ru":"Миллий Тикланиш улица"}},{"type":"Feature","geometry":{"type":"LineString","coordinates":[[72.34662,40.76204],[72.34401,40.76415]]},"properties":{"@id":"way/1392311332","highway":"secondary","name":"Tolstoy ko'chasi"}},{"type":"Feature","geometry":{"type":"LineString","coordinates":[[72.32174,40.73933],[72.35557,40.76518]]},"properties":{"@id":"way/1394929135","highway":"primary","name":"Amir Temur shoh ko'chasi","name:ru":"проспект Амира Темура","ref":"D017e"}},{"type":"Feature","geometry":{"type":"LineString","coordinates":[[72.31931,40.73618],[72.31955,40.73655]]},"properties":{"@id":"way/1394929136","highway":"secondary"}},{"type":"Feature","geometry":{"type":"LineString","coordinates":[[72.44827,40.80936],[72.44707,40.79499]]},"properties":{"@id":"way/1394950955","highway":"trunk","name":"Andijon halqa yo‘li","name:ru":"Андижанская кольцевая дорога","name:en":"Andijan Ring Road","ref":"D132"}},{"type":"Feature","geometry":{"type":"LineString","coordinates":[[72.44723,40.79499],[72.44827,40.80936]]},"properties":{"@id":"way/1394950956","highway":"trunk","name":"Andijon halqa yo‘li","name:ru":"Андижанская кольцевая дорога","name:en":"Andijan Ring Road","ref":"D132"}},{"type":"Feature","geometry":{"type":"LineString","coordinates":[[72.43251,40.75555],[72.43312,40.75908]]},"properties":{"@id":"way/1394950960","highway":"trunk","name":"Andijon halqa yo‘li","name:ru":"Андижанская кольцевая дорога","name:en":"Andijan Ring Road","ref":"D132"}},{"type":"Feature","geometry":{"type":"LineString","coordinates":[[72.43322,40.7597],[72.43341,40.76081]]},"properties":{"@id":"way/1394950961","highway":"trunk","name":"Andijon halqa yo‘li","name:ru":"Андижанская кольцевая дорога","name:en":"Andijan Ring Road","ref":"D132"}},{"type":"Feature","geometry":{"type":"LineString","coordinates":[[72.43312,40.75908],[72.43322,40.7597]]},"properties":{"@id":"way/1394950962","highway":"trunk","name":"Andijon halqa yo‘li","name:ru":"Андижанская кольцевая дорога","name:en":"Andijan Ring Road","ref":"D132"}},{"type":"Feature","geometry":{"type":"LineString","coordinates":[[72.35934,40.82978],[72.35381,40.82865]]},"properties":{"@id":"way/1413485335","highway":"trunk","name":"Andijon halqa yo‘li","name:ru":"Андижанская кольцевая дорога","name:en":"Andijan Ring Road","ref":"D132"}},{"type":"Feature","geometry":{"type":"LineString","coordinates":[[72.35384,40.8286],[72.35934,40.82978]]},"properties":{"@id":"way/1413485336","highway":"trunk","name":"Andijon halqa yo‘li","name:ru":"Андижанская кольцевая дорога","name:en":"Andijan Ring Road","ref":"D132"}},{"type":"Feature","geometry":{"type":"LineString","coordinates":[[72.77562,40.72929],[72.75936,40.73029]]},"properties":{"@id":"way/1413487665","highway":"primary","name":"Andijon ko'chasi","ref":"D138"}},{"type":"Feature","geometry":{"type":"LineString","coordinates":[[72.75929,40.73018],[72.77562,40.72929]]},"properties":{"@id":"way/1413487670","highway":"primary","name":"Andijon ko'chasi","ref":"D138"}},{"type":"Feature","geometry":{"type":"LineString","coordinates":[[72.75936,40.73029],[72.74876,40.7288]]},"properties":{"@id":"way/1413487675","highway":"primary","name":"Andijon ko'chasi","ref":"D138"}},{"type":"Feature","geometry":{"type":"LineString","coordinates":[[72.74876,40.7288],[72.75929,40.73018]]},"properties":{"@id":"way/1413487676","highway":"primary","name":"Andijon ko'chasi","ref":"D138"}},{"type":"Feature","geometry":{"type":"LineString","coordinates":[[72.49815,40.64779],[72.49953,40.63941]]},"properties":{"@id":"way/1413857332","highway":"primary","name":"Buyuk kelajak ko'chasi","ref":"D146"}},{"type":"Feature","geometry":{"type":"LineString","coordinates":[[72.49964,40.63941],[72.49815,40.64779]]},"properties":{"@id":"way/1413857333","highway":"primary","name":"Buyuk kelajak ko'chasi","ref":"D146"}},{"type":"Feature","geometry":{"type":"LineString","coordinates":[[72.49953,40.63941],[72.49899,40.63492],[72.50049,40.6262]]},"properties":{"@id":"way/1413857336","highway":"primary","name":"Mirza Ismoiliy ko'chasi","name:ru":"улица М. Исмоилий","ref":"D146"}},{"type":"Feature","geometry":{"type":"LineString","coordinates":[[72.50163,40.62491],[72.50062,40.62622]]},"properties":{"@id":"way/1413857337","highway":"secondary","ref":"60V023;60V072"}},{"type":"Feature","geometry":{"type":"LineString","coordinates":[[72.50049,40.6262],[72.50163,40.62491]]},"properties":{"@id":"way/1413857338","highway":"secondary","ref":"60V023;60V072"}},{"type":"Feature","geometry":{"type":"LineString","coordinates":[[72.50047,40.62629],[72.49864,40.62657]]},"properties":{"@id":"way/1413857339","highway":"secondary","ref":"D139"}},{"type":"Feature","geometry":{"type":"LineString","coordinates":[[72.49864,40.62657],[72.50049,40.6262]]},"properties":{"@id":"way/1413857340","highway":"secondary","ref":"D139"}},{"type":"Feature","geometry":{"type":"LineString","coordinates":[[72.3452,41.04031],[72.34536,41.04032]]},"properties":{"@id":"way/1414610075","highway":"secondary","ref":"D135"}},{"type":"Feature","geometry":{"type":"LineString","coordinates":[[72.43242,40.75487],[72.43251,40.75555]]},"properties":{"@id":"way/1414901451","highway":"trunk","name":"Andijon halqa yo‘li","name:ru":"Андижанская кольцевая дорога","name:en":"Andijan Ring Road","ref":"D132"}},{"type":"Feature","geometry":{"type":"LineString","coordinates":[[72.31492,40.85924],[72.31359,40.8598]]},"properties":{"@id":"way/1416470156","highway":"primary","ref":"D109"}},{"type":"Feature","geometry":{"type":"LineString","coordinates":[[72.31359,40.8598],[72.31487,40.85911]]},"properties":{"@id":"way/1416470157","highway":"primary","ref":"D109"}},{"type":"Feature","geometry":{"type":"LineString","coordinates":[[72.31492,40.85924],[72.31422,40.85837]]},"properties":{"@id":"way/1416470158","highway":"primary","ref":"D109"}},{"type":"Feature","geometry":{"type":"LineString","coordinates":[[72.76951,40.52151],[72.76884,40.52125]]},"properties":{"@id":"way/1418219403","highway":"secondary","name":"Рысбай Абдыкадыров көчөсү","name:ru":"улица Рыспая Абдыкадырова"}},{"type":"Feature","geometry":{"type":"LineString","coordinates":[[72.76611,40.52022],[72.76338,40.51917]]},"properties":{"@id":"way/1418219404","highway":"secondary","name":"Рысбай Абдыкадыров көчөсү","name:ru":"улица Рыспая Абдыкадырова"}},{"type":"Feature","geometry":{"type":"LineString","coordinates":[[72.63004,40.72618],[72.61601,40.72159],[72.58922,40.72044]]},"properties":{"@id":"way/1418308097","highway":"primary","ref":"D138"}},{"type":"Feature","geometry":{"type":"LineString","coordinates":[[72.58922,40.72044],[72.58817,40.71872]]},"properties":{"@id":"way/1418308098","highway":"primary","ref":"D138"}},{"type":"Feature","geometry":{"type":"LineString","coordinates":[[72.58817,40.71872],[72.58922,40.72044]]},"properties":{"@id":"way/1418308099","highway":"primary","ref":"D138"}},{"type":"Feature","geometry":{"type":"LineString","coordinates":[[72.52763,40.63731],[72.52746,40.6372]]},"properties":{"@id":"way/1421537666","highway":"secondary","ref":"60V025"}},{"type":"Feature","geometry":{"type":"LineString","coordinates":[[72.33326,40.50411],[72.32842,40.50458]]},"properties":{"@id":"way/1425263705","highway":"primary","ref":"D087"}},{"type":"Feature","geometry":{"type":"LineString","coordinates":[[72.33408,40.50397],[72.33326,40.50411]]},"properties":{"@id":"way/1425263719","highway":"primary","name":"Ipak yoʻli koʻchasi","name:ru":"Ипак йули улица","ref":"D087"}},{"type":"Feature","geometry":{"type":"LineString","coordinates":[[72.33324,40.504],[72.33408,40.50397]]},"properties":{"@id":"way/1425263720","highway":"primary","name":"Ipak yoʻli koʻchasi","name:ru":"Ипак йули улица","ref":"D087"}},{"type":"Feature","geometry":{"type":"LineString","coordinates":[[72.33312,40.50413],[72.33311,40.50402]]},"properties":{"@id":"way/1425263721","highway":"primary","name":"Mustaqillik ko‘chasi","name:ru":"Мустакилик улица"}},{"type":"Feature","geometry":{"type":"LineString","coordinates":[[72.33311,40.50402],[72.33324,40.504]]},"properties":{"@id":"way/1425263722","highway":"primary","name":"Ipak yoʻli koʻchasi","name:ru":"Ипак йули улица","ref":"D087"}},{"type":"Feature","geometry":{"type":"LineString","coordinates":[[72.33324,40.504],[72.33326,40.50411]]},"properties":{"@id":"way/1425263723","highway":"primary","name":"Mustaqillik ko‘chasi","name:ru":"Мустакилик улица"}},{"type":"Feature","geometry":{"type":"LineString","coordinates":[[72.33326,40.50411],[72.33333,40.50475]]},"properties":{"@id":"way/1425263724","highway":"primary","name":"Mustaqillik ko'chasi","name:ru":"Мустакиллик улица","name:en":"Mustakillik street","ref":"D140"}},{"type":"Feature","geometry":{"type":"LineString","coordinates":[[72.33333,40.50475],[72.33312,40.50413]]},"properties":{"@id":"way/1425263725","highway":"primary","name":"Mustaqillik ko'chasi","name:ru":"Мустакиллик улица","name:en":"Mustakillik street","ref":"D140"}},{"type":"Feature","geometry":{"type":"LineString","coordinates":[[72.32842,40.50458],[72.33311,40.50402]]},"properties":{"@id":"way/1425263726","highway":"primary","ref":"D087"}},{"type":"Feature","geometry":{"type":"LineString","coordinates":[[72.35867,40.75211],[72.35838,40.75198]]},"properties":{"@id":"way/1427303960","highway":"secondary","name":"Mashrab ko'chasi","name:ru":"Машраб улица"}},{"type":"Feature","geometry":{"type":"LineString","coordinates":[[72.35853,40.7523],[72.35349,40.75873]]},"properties":{"@id":"way/1427303961","highway":"primary","name":"Bobur shoh ko'chasi","name:ru":"Бабур проспект"}},{"type":"Feature","geometry":{"type":"LineString","coordinates":[[72.35878,40.75198],[72.35853,40.7523]]},"properties":{"@id":"way/1427303962","highway":"primary","name":"Bobur shoh ko'chasi","name:ru":"Бабур проспект"}},{"type":"Feature","geometry":{"type":"LineString","coordinates":[[72.3586,40.7519],[72.36029,40.74812]]},"properties":{"@id":"way/1427303963","highway":"primary","name":"Bobur shoh ko'chasi","name:ru":"Бабур проспект"}},{"type":"Feature","geometry":{"type":"LineString","coordinates":[[72.35836,40.75222],[72.3586,40.7519]]},"properties":{"@id":"way/1427303964","highway":"primary","name":"Bobur shoh ko'chasi","name:ru":"Бабур проспект"}},{"type":"Feature","geometry":{"type":"LineString","coordinates":[[72.64775,40.72197],[72.64227,40.71864]]},"properties":{"@id":"way/1427987408","highway":"secondary","name":"O'zbekiston ko'chasi","ref":"60V002"}},{"type":"Feature","geometry":{"type":"LineString","coordinates":[[72.63838,40.71502],[72.64232,40.7186]]},"properties":{"@id":"way/1427987410","highway":"secondary","name":"O'zbekiston ko'chasi","ref":"60V002"}},{"type":"Feature","geometry":{"type":"LineString","coordinates":[[72.64782,40.72194],[72.64845,40.72245]]},"properties":{"@id":"way/1427987417","highway":"secondary","name":"O'zbekiston ko'chasi","ref":"60V002"}},{"type":"Feature","geometry":{"type":"LineString","coordinates":[[72.64845,40.72245],[72.64775,40.72197]]},"properties":{"@id":"way/1427987418","highway":"secondary","name":"O'zbekiston ko'chasi","ref":"60V002"}},{"type":"Feature","geometry":{"type":"LineString","coordinates":[[72.64202,40.71893],[72.63996,40.72106]]},"properties":{"@id":"way/1428229901","highway":"secondary","ref":"D144"}},{"type":"Feature","geometry":{"type":"LineString","coordinates":[[72.63996,40.72106],[72.63903,40.72184]]},"properties":{"@id":"way/1428229902","highway":"secondary","ref":"D144"}},{"type":"Feature","geometry":{"type":"LineString","coordinates":[[72.63903,40.72184],[72.63996,40.72106]]},"properties":{"@id":"way/1428229903","highway":"secondary","ref":"D144"}},{"type":"Feature","geometry":{"type":"LineString","coordinates":[[72.91189,40.89963],[72.91202,40.89921]]},"properties":{"@id":"way/1428232086","highway":"secondary","name":"Юнусов Алымжан көчөсү"}},{"type":"Feature","geometry":{"type":"LineString","coordinates":[[72.64227,40.71864],[72.64232,40.7186]]},"properties":{"@id":"way/1428451605","highway":"secondary","ref":"D144"}},{"type":"Feature","geometry":{"type":"LineString","coordinates":[[72.31964,40.73665],[72.3188,40.73716]]},"properties":{"@id":"way/1428460787","highway":"trunk","ref":"D105j"}},{"type":"Feature","geometry":{"type":"LineString","coordinates":[[72.31867,40.73723],[72.31853,40.73712]]},"properties":{"@id":"way/1428460788","highway":"trunk","name":"Farg‘ona halqa yo‘li","name:en":"Fergana Ring Road","ref":"D105"}},{"type":"Feature","geometry":{"type":"LineString","coordinates":[[72.31865,40.73706],[72.3188,40.73716]]},"properties":{"@id":"way/1428460789","highway":"trunk","name":"Farg‘ona halqa yo‘li","name:en":"Fergana Ring Road","ref":"D105"}},{"type":"Feature","geometry":{"type":"LineString","coordinates":[[72.3188,40.73716],[72.31867,40.73723]]},"properties":{"@id":"way/1428460790","highway":"trunk"}},{"type":"Feature","geometry":{"type":"LineString","coordinates":[[72.32026,40.73742],[72.32045,40.73764]]},"properties":{"@id":"way/1428460791","highway":"trunk","name":"Amir Temur shoh ko'chasi","name:ru":"проспект Амира Темура"}},{"type":"Feature","geometry":{"type":"LineString","coordinates":[[72.81363,40.51436],[72.81333,40.51416]]},"properties":{"@id":"way/1428764466","highway":"primary","name":"Генерала Нурматова улица","name:en":"General Nurmatov street"}},{"type":"Feature","geometry":{"type":"LineString","coordinates":[[72.81333,40.51416],[72.81374,40.51422]]},"properties":{"@id":"way/1428764467","highway":"primary","name":"Генерала Нурматова улица","name:en":"General Nurmatov street"}},{"type":"Feature","geometry":{"type":"LineString","coordinates":[[72.81388,40.51421],[72.81437,40.51403]]},"properties":{"@id":"way/1428764468","highway":"secondary","ref":"М-094"}},{"type":"Feature","geometry":{"type":"LineString","coordinates":[[72.81437,40.51403],[72.81404,40.51433]]},"properties":{"@id":"way/1428764469","highway":"secondary","ref":"М-094"}},{"type":"Feature","geometry":{"type":"LineString","coordinates":[[72.75843,40.73365],[72.75828,40.73398]]},"properties":{"@id":"way/1428920259","highway":"secondary","name":"Mustaqillik ko'chasi","name:ru":"улица Мустакиллик","ref":"D137"}},{"type":"Feature","geometry":{"type":"LineString","coordinates":[[72.75828,40.73398],[72.75833,40.73365]]},"properties":{"@id":"way/1428920260","highway":"secondary","name":"Mustaqillik ko'chasi","name:ru":"улица Мустакиллик","ref":"D137"}},{"type":"Feature","geometry":{"type":"LineString","coordinates":[[72.75833,40.73365],[72.75926,40.73028]]},"properties":{"@id":"way/1428920261","highway":"secondary","name":"Mustaqillik ko'chasi","name:ru":"улица Мустакиллик","ref":"D137"}},{"type":"Feature","geometry":{"type":"LineString","coordinates":[[72.75828,40.73398],[72.75732,40.73747]]},"properties":{"@id":"way/1428920262","highway":"secondary","name":"Mustaqillik ko'chasi","name:ru":"улица Мустакиллик","ref":"D137"}},{"type":"Feature","geometry":{"type":"LineString","coordinates":[[72.80371,40.53835],[72.80225,40.54318]]},"properties":{"@id":"way/1432240664","highway":"primary","name":"Абсамата Масалиева проспект","name:ru":"Абсамата Масалиева проспект","name:en":"Masaliev avenue","ref":"М-091"}},{"type":"Feature","geometry":{"type":"LineString","coordinates":[[72.80758,40.53425],[72.80758,40.53425]]},"properties":{"@id":"way/1432291487","highway":"secondary"}},{"type":"Feature","geometry":{"type":"LineString","coordinates":[[72.31896,41.02392],[72.33075,41.03135]]},"properties":{"@id":"way/1432629089","highway":"secondary","ref":"60V067"}},{"type":"Feature","geometry":{"type":"LineString","coordinates":[[72.31884,41.02385],[72.31896,41.02392]]},"properties":{"@id":"way/1432629090","highway":"secondary","ref":"60V067"}},{"type":"Feature","geometry":{"type":"LineString","coordinates":[[72.92778,40.54159],[72.91816,40.54625],[72.90563,40.54531]]},"properties":{"@id":"way/1434001522","highway":"trunk","name:en":"Osh-Gul'cha road","ref":"ЭМ-05"}},{"type":"Feature","geometry":{"type":"LineString","coordinates":[[72.90563,40.54531],[72.89625,40.54425]]},"properties":{"@id":"way/1434001523","highway":"trunk","name":"улица Памир жолу","name:ru":"улица Памир жолу","name:en":"Osh-Gul'cha road","ref":"ЭМ-05"}},{"type":"Feature","geometry":{"type":"LineString","coordinates":[[72.81753,40.5873],[72.81792,40.58695]]},"properties":{"@id":"way/1442064701","highway":"trunk","ref":"M41"}},{"type":"Feature","geometry":{"type":"LineString","coordinates":[[72.81754,40.58734],[72.81753,40.5873]]},"properties":{"@id":"way/1442064702","highway":"trunk","ref":"M41"}},{"type":"Feature","geometry":{"type":"LineString","coordinates":[[74.95467,39.76054],[74.96024,39.75753]]},"properties":{"@id":"way/1442190304","highway":"trunk","name":"喀什 - 伊尔克什坦","ref":"G581"}},{"type":"Feature","geometry":{"type":"LineString","coordinates":[[74.96024,39.75753],[74.96161,39.75757]]},"properties":{"@id":"way/1442190305","highway":"trunk","name":"化石山大桥","ref":"G581"}},{"type":"Feature","geometry":{"type":"LineString","coordinates":[[74.5484,39.81518],[74.55091,39.81731],[74.55404,39.82431],[74.55522,39.8317]]},"properties":{"@id":"way/1442190306","highway":"trunk","name":"喀什 - 伊尔克什坦","ref":"G581"}},{"type":"Feature","geometry":{"type":"LineString","coordinates":[[74.54749,39.81487],[74.5484,39.81518]]},"properties":{"@id":"way/1442190307","highway":"trunk","name":"喀什 - 伊尔克什坦","ref":"G581"}},{"type":"Feature","geometry":{"type":"LineString","coordinates":[[73.22009,40.82257],[73.22027,40.82187]]},"properties":{"@id":"way/1443644658","highway":"motorway","name":"Объездная Узгена (Кароол - Ана-Кызыл)","name:ky":"Өзгөн айланма жолу (Кароол - Ана-Кызыл)","name:ru":"Объездная Узгена (Кароол - Ана-Кызыл)","name:en":"Ozgon bypass road (Karool – Ana-Kyzyl)"}},{"type":"Feature","geometry":{"type":"LineString","coordinates":[[73.21693,40.82428],[73.22009,40.82257]]},"properties":{"@id":"way/1443644659","highway":"motorway","name":"Өзгөн айланма жолу (Кароол - Ана-Кызыл)","name:ky":"Өзгөн айланма жолу (Кароол - Ана-Кызыл)","name:ru":"Объездная Узгена (Кароол - Ана-Кызыл)","name:en":"Ozgon bypass road (Karool – Ana-Kyzyl)"}},{"type":"Feature","geometry":{"type":"LineString","coordinates":[[73.21422,40.82491],[73.21693,40.82428]]},"properties":{"@id":"way/1443644660","highway":"motorway","name":"Өзгөн айланма жолу (Кароол - Ана-Кызыл)","name:ky":"Өзгөн айланма жолу (Кароол - Ана-Кызыл)","name:ru":"Объездная Узгена (Кароол - Ана-Кызыл)","name:en":"Ozgon bypass road (Karool – Ana-Kyzyl)"}},{"type":"Feature","geometry":{"type":"LineString","coordinates":[[73.21395,40.79332],[73.20868,40.79629],[73.2084,40.81249],[73.2144,40.81736],[73.21996,40.81735],[73.22038,40.8219]]},"properties":{"@id":"way/1443644661","highway":"motorway","name":"Өзгөн айланма жолу (Кароол - Ана-Кызыл)","name:ky":"Өзгөн айланма жолу (Кароол - Ана-Кызыл)","name:ru":"Объездная Узгена (Кароол - Ана-Кызыл)","name:en":"Ozgon bypass road (Karool – Ana-Kyzyl)"}},{"type":"Feature","geometry":{"type":"LineString","coordinates":[[73.22027,40.82187],[73.21989,40.81743],[73.2146,40.81755],[73.20979,40.81474],[73.20828,40.81244],[73.20851,40.79637],[73.21393,40.79321]]},"properties":{"@id":"way/1443644662","highway":"motorway","name":"Өзгөн айланма жолу (Кароол - Ана-Кызыл)","name:ky":"Өзгөн айланма жолу (Кароол - Ана-Кызыл)","name:ru":"Объездная Узгена (Кароол - Ана-Кызыл)","name:en":"Ozgon bypass road (Karool – Ana-Kyzyl)"}},{"type":"Feature","geometry":{"type":"LineString","coordinates":[[72.74167,40.58425],[72.74611,40.58134]]},"properties":{"@id":"way/1443905260","highway":"trunk","ref":"A373"}},{"type":"Feature","geometry":{"type":"LineString","coordinates":[[72.74628,40.58135],[72.74012,40.58624]]},"properties":{"@id":"way/1443905262","highway":"trunk","ref":"A373"}},{"type":"Feature","geometry":{"type":"LineString","coordinates":[[72.75331,40.57745],[72.75561,40.57596]]},"properties":{"@id":"way/1443905265","highway":"trunk","ref":"A373"}},{"type":"Feature","geometry":{"type":"LineString","coordinates":[[72.56268,40.66608],[72.56283,40.66616]]},"properties":{"@id":"way/1443905275","highway":"primary","ref":"D139"}},{"type":"Feature","geometry":{"type":"LineString","coordinates":[[72.56283,40.66616],[72.56293,40.66622]]},"properties":{"@id":"way/1443905277","highway":"primary","ref":"D139"}},{"type":"Feature","geometry":{"type":"LineString","coordinates":[[73.25396,40.74005],[73.25098,40.74507]]},"properties":{"@id":"way/1445245692","highway":"trunk","name":"Өзгөн айланма жолу (Кароол - Ана-Кызыл)","name:ky":"Өзгөн айланма жолу (Кароол - Ана-Кызыл)","name:ru":"Объездная Узгена (Кароол - Ана-Кызыл)","name:en":"Ozgon bypass road (Karool – Ana-Kyzyl)"}},{"type":"Feature","geometry":{"type":"LineString","coordinates":[[72.28798,40.7546],[72.30777,40.7442]]},"properties":{"@id":"way/1445433162","highway":"trunk","name":"Andijon halqa yo‘li","name:ru":"Андижанская кольцевая дорога","name:en":"Andijan Ring Road","ref":"A373;D105"}},{"type":"Feature","geometry":{"type":"LineString","coordinates":[[72.3006,40.7637],[72.29282,40.76034]]},"properties":{"@id":"way/1445433166","highway":"secondary","name":"Dalvarzin koʻchasi","name:ru":"улица Далварзин"}},{"type":"Feature","geometry":{"type":"LineString","coordinates":[[72.43667,40.72287],[72.42971,40.71923],[72.41984,40.71797]]},"properties":{"@id":"way/1445433181","highway":"trunk","name":"Andijon halqa yo‘li","name:ru":"Андижанская кольцевая дорога","name:en":"Andijan Ring Road","ref":"A373"}},{"type":"Feature","geometry":{"type":"LineString","coordinates":[[72.32539,40.73402],[72.34567,40.71925],[72.35051,40.71728],[72.36943,40.71472],[72.41984,40.71797]]},"properties":{"@id":"way/1445433182","highway":"trunk","name":"Andijon halqa yo‘li","name:ru":"Андижанская кольцевая дорога","name:en":"Andijan Ring Road","ref":"A373"}},{"type":"Feature","geometry":{"type":"LineString","coordinates":[[72.30347,40.80363],[72.30388,40.80321]]},"properties":{"@id":"way/1445436699","highway":"secondary"}},{"type":"Feature","geometry":{"type":"LineString","coordinates":[[72.49209,40.67542],[72.49203,40.67575]]},"properties":{"@id":"way/1445436715","highway":"secondary"}},{"type":"Feature","geometry":{"type":"LineString","coordinates":[[72.34209,40.82676],[72.34202,40.8269]]},"properties":{"@id":"way/1445706628","highway":"primary","name":"Ул.Асад Исматов","name:ru":"Асад Исматов улица","name:en":"Asad Ismatov street","ref":"D132b"}},{"type":"Feature","geometry":{"type":"LineString","coordinates":[[72.34194,40.82545],[72.34189,40.82621]]},"properties":{"@id":"way/1445706629","highway":"primary","name":"Ул.Асад Исматов","name:ru":"Асад Исматов улица","name:en":"Asad Ismatov street","ref":"D132b"}},{"type":"Feature","geometry":{"type":"LineString","coordinates":[[72.34194,40.82545],[72.34226,40.81802],[72.34457,40.81046]]},"properties":{"@id":"way/1445706633","highway":"primary","name":"Ул.Асад Исматов","name:ru":"Асад Исматов улица","name:en":"Asad Ismatov street","ref":"D132b"}},{"type":"Feature","geometry":{"type":"LineString","coordinates":[[72.36547,40.76533],[72.36281,40.76862]]},"properties":{"@id":"way/1448530905","highway":"primary","name":"Alisher Navoiy shoh ko'chasi","name:ru":"проспект Алишера Навои","ref":"D017e"}},{"type":"Feature","geometry":{"type":"LineString","coordinates":[[72.36267,40.76855],[72.36535,40.76527]]},"properties":{"@id":"way/1448530906","highway":"primary","name":"Alisher Navoiy shoh ko'chasi","name:ru":"проспект Алишера Навои","ref":"D017e"}},{"type":"Feature","geometry":{"type":"LineString","coordinates":[[72.3475,40.79937],[72.3549,40.79985],[72.36003,40.79775]]},"properties":{"@id":"way/1448530907","highway":"secondary","name":"Soy ko'chasi","name:ru":"Сайская улица","name:en":"Say Street","ref":"D137"}},{"type":"Feature","geometry":{"type":"LineString","coordinates":[[72.89564,40.92436],[72.90576,40.92269]]},"properties":{"@id":"way/1451187824","highway":"trunk","name:ru":"Бишкек-Ош","name:en":"Bishkek-Osh","ref":"ЭМ-04;М-120"}},{"type":"Feature","geometry":{"type":"LineString","coordinates":[[73.76333,40.88269],[73.75896,40.88286]]},"properties":{"@id":"way/1451353484","highway":"secondary","name":"Кайынды улица","ref":"М-097"}},{"type":"Feature","geometry":{"type":"LineString","coordinates":[[73.82647,40.53193],[73.83172,40.53377]]},"properties":{"@id":"way/1451360599","highway":"secondary","name":"Мамаков Шайлообай улица","ref":"ЭМ-19"}},{"type":"Feature","geometry":{"type":"LineString","coordinates":[[73.88614,40.55351],[73.8889,40.55413]]},"properties":{"@id":"way/1451360600","highway":"secondary","name":"Эстебесов Омар улица","ref":"ЭМ-19"}},{"type":"Feature","geometry":{"type":"LineString","coordinates":[[73.44004,40.30626],[73.4367,40.29916]]},"properties":{"@id":"way/1451508421","highway":"trunk","name":"Памирский тракт","ref":"ЭМ-05"}},{"type":"Feature","geometry":{"type":"LineString","coordinates":[[73.45108,40.30599],[73.44308,40.30699]]},"properties":{"@id":"way/1451508422","highway":"trunk","name":"Памирский тракт","ref":"ЭМ-05"}},{"type":"Feature","geometry":{"type":"LineString","coordinates":[[73.43969,40.31329],[73.4451,40.31133]]},"properties":{"@id":"way/1451508423","highway":"secondary","name":"Алымбек датка көчөсү","ref":"М-104"}},{"type":"Feature","geometry":{"type":"LineString","coordinates":[[72.33333,40.80989],[72.33335,40.80976]]},"properties":{"@id":"way/1451823467","highway":"primary","name":"Bobur shoh ko'chasi","name:ru":"Бабур проспект","name:en":"Babur avenue","ref":"D109"}},{"type":"Feature","geometry":{"type":"LineString","coordinates":[[72.33335,40.80976],[72.33351,40.80976]]},"properties":{"@id":"way/1451823468","highway":"primary","name":"Yusuf Otabekov ko'chasi","name:ru":"улица Атабекова","ref":"D109"}},{"type":"Feature","geometry":{"type":"LineString","coordinates":[[72.31649,40.89592],[72.31648,40.896]]},"properties":{"@id":"way/1451831785","highway":"primary","ref":"D133;D134"}},{"type":"Feature","geometry":{"type":"LineString","coordinates":[[72.31628,40.90488],[72.31636,40.90738]]},"properties":{"@id":"way/1451831786","highway":"primary","ref":"D133;D134"}},{"type":"Feature","geometry":{"type":"LineString","coordinates":[[72.43467,40.96416],[72.43311,40.97786]]},"properties":{"@id":"way/1452267121","highway":"secondary"}},{"type":"Feature","geometry":{"type":"LineString","coordinates":[[72.57804,40.77185],[72.58367,40.77131],[72.58488,40.76924],[72.58937,40.77319],[72.59226,40.77355],[72.59884,40.77786],[72.60035,40.77317],[72.6136,40.77307],[72.61564,40.77111],[72.61508,40.76915],[72.61687,40.76546]]},"properties":{"@id":"way/1452281877","highway":"secondary","ref":"D144"}},{"type":"Feature","geometry":{"type":"LineString","coordinates":[[72.65187,40.78103],[72.6556,40.78298]]},"properties":{"@id":"way/1452281878","highway":"secondary","ref":"D143"}},{"type":"Feature","geometry":{"type":"LineString","coordinates":[[72.73088,40.72635],[72.70993,40.72355],[72.69094,40.72615]]},"properties":{"@id":"way/1452308349","highway":"primary","ref":"D138"}},{"type":"Feature","geometry":{"type":"LineString","coordinates":[[72.69094,40.72615],[72.66867,40.7296]]},"properties":{"@id":"way/1452308350","highway":"primary","ref":"D138;60V002"}},{"type":"Feature","geometry":{"type":"LineString","coordinates":[[72.47539,40.6395],[72.50222,40.63938],[72.50843,40.641],[72.52717,40.63742]]},"properties":{"@id":"way/1452312646","highway":"secondary","ref":"60V025"}},{"type":"Feature","geometry":{"type":"LineString","coordinates":[[72.51446,40.6112],[72.51658,40.60502],[72.51566,40.60219]]},"properties":{"@id":"way/1452312647","highway":"secondary","ref":"60V023;60V072"}},{"type":"Feature","geometry":{"type":"LineString","coordinates":[[72.33233,40.78728],[72.33212,40.78746]]},"properties":{"@id":"way/1452329150","highway":"primary"}},{"type":"Feature","geometry":{"type":"LineString","coordinates":[[72.33197,40.78746],[72.33234,40.78711]]},"properties":{"@id":"way/1452329151","highway":"primary"}},{"type":"Feature","geometry":{"type":"LineString","coordinates":[[72.50498,40.87934],[72.50876,40.8868],[72.5091,40.89136]]},"properties":{"@id":"way/1452398309","highway":"secondary","ref":"D137a"}},{"type":"Feature","geometry":{"type":"LineString","coordinates":[[72.35367,40.77942],[72.35353,40.77936]]},"properties":{"@id":"way/1452548694","highway":"secondary","name":"Chorguzar ko'chasi","name:ru":"Чоргузар улица"}},{"type":"Feature","geometry":{"type":"LineString","coordinates":[[72.50917,40.89293],[72.50922,40.8938]]},"properties":{"@id":"way/1457529320","highway":"secondary","ref":"D137a"}},{"type":"Feature","geometry":{"type":"LineString","coordinates":[[72.31062,40.74256],[72.31097,40.74189]]},"properties":{"@id":"way/1460165714","highway":"trunk","ref":"D105j"}},{"type":"Feature","geometry":{"type":"LineString","coordinates":[[72.31097,40.74189],[72.31109,40.74164]]},"properties":{"@id":"way/1460165715","highway":"trunk","ref":"D105j"}},{"type":"Feature","geometry":{"type":"LineString","coordinates":[[72.31233,40.74155],[72.31235,40.7416]]},"properties":{"@id":"way/1460165716","highway":"trunk","ref":"D105j"}},{"type":"Feature","geometry":{"type":"LineString","coordinates":[[72.31225,40.74128],[72.31233,40.74155]]},"properties":{"@id":"way/1460165717","highway":"trunk","ref":"D105j"}},{"type":"Feature","geometry":{"type":"LineString","coordinates":[[72.3179,40.73649],[72.31865,40.73706]]},"properties":{"@id":"way/1460165718","highway":"trunk","name":"Farg‘ona halqa yo‘li","name:ru":"Ферганская кольцевая дорога","name:en":"Fergana Ring Road","ref":"D105"}},{"type":"Feature","geometry":{"type":"LineString","coordinates":[[72.31776,40.73639],[72.3179,40.73649]]},"properties":{"@id":"way/1460165719","highway":"trunk","name":"Farg‘ona halqa yo‘li","name:ru":"Ферганская кольцевая дорога","name:en":"Fergana Ring Road","ref":"D105"}},{"type":"Feature","geometry":{"type":"LineString","coordinates":[[72.31853,40.73712],[72.31769,40.73655]]},"properties":{"@id":"way/1460165720","highway":"trunk","name":"Farg‘ona halqa yo‘li","name:ru":"Ферганская кольцевая дорога","name:en":"Fergana Ring Road","ref":"D105"}},{"type":"Feature","geometry":{"type":"LineString","coordinates":[[72.31769,40.73655],[72.31747,40.73638]]},"properties":{"@id":"way/1460165721","highway":"trunk","name":"Farg‘ona halqa yo‘li","name:ru":"Ферганская кольцевая дорога","name:en":"Fergana Ring Road","ref":"D105"}},{"type":"Feature","geometry":{"type":"LineString","coordinates":[[72.32073,40.79381],[72.3203,40.80141]]},"properties":{"@id":"way/1460537591","highway":"secondary"}},{"type":"Feature","geometry":{"type":"LineString","coordinates":[[72.32073,40.79381],[72.33228,40.79374]]},"properties":{"@id":"way/1460537593","highway":"secondary"}},{"type":"Feature","geometry":{"type":"LineString","coordinates":[[72.80077,40.54909],[72.80266,40.55005]]},"properties":{"@id":"way/1463681135","highway":"secondary","name":"Артыкова улица","name:en":"Artykov street"}},{"type":"Feature","geometry":{"type":"LineString","coordinates":[[72.34209,40.60654],[72.34741,40.61024]]},"properties":{"@id":"way/1463834240","highway":"secondary","ref":"D139"}},{"type":"Feature","geometry":{"type":"LineString","coordinates":[[72.32918,40.59869],[72.3319,40.60023]]},"properties":{"@id":"way/1463834241","highway":"secondary","ref":"D139"}},{"type":"Feature","geometry":{"type":"LineString","coordinates":[[72.33906,40.51708],[72.3349,40.51262],[72.33333,40.50475]]},"properties":{"@id":"way/1463867175","highway":"primary","name":"Mustaqillik ko'chasi","name:ru":"Мустакиллик улица","ref":"D140"}},{"type":"Feature","geometry":{"type":"LineString","coordinates":[[72.34598,40.53468],[72.34497,40.52445],[72.33906,40.51708]]},"properties":{"@id":"way/1463867176","highway":"primary","name":"Dehqonobod ko'chasi","ref":"D140"}},{"type":"Feature","geometry":{"type":"LineString","coordinates":[[72.47374,40.58451],[72.47313,40.5901]]},"properties":{"@id":"way/1464069704","highway":"secondary","name":"Oq suv ko'chasi","ref":"60V023"}},{"type":"Feature","geometry":{"type":"LineString","coordinates":[[72.63775,40.71347],[72.63838,40.71502]]},"properties":{"@id":"way/1466364912","highway":"secondary","ref":"60V002"}},{"type":"Feature","geometry":{"type":"LineString","coordinates":[[72.63831,40.71503],[72.63775,40.71347]]},"properties":{"@id":"way/1466364913","highway":"secondary","ref":"60V002"}},{"type":"Feature","geometry":{"type":"LineString","coordinates":[[72.63289,40.70951],[72.63775,40.71347]]},"properties":{"@id":"way/1466366792","highway":"secondary","ref":"60V002"}},{"type":"Feature","geometry":{"type":"LineString","coordinates":[[72.62301,40.70541],[72.62616,40.70802],[72.63289,40.70951]]},"properties":{"@id":"way/1466366793","highway":"secondary","name":"Toshmatov ko'chasi","ref":"60V002"}},{"type":"Feature","geometry":{"type":"LineString","coordinates":[[72.74876,40.7288],[72.73088,40.72635]]},"properties":{"@id":"way/1466816957","highway":"primary","name":"Andijon ko'chasi","ref":"D138"}},{"type":"Feature","geometry":{"type":"LineString","coordinates":[[72.78998,40.72819],[72.77562,40.72929]]},"properties":{"@id":"way/1466816958","highway":"primary","name":"Andijon ko'chasi","ref":"D138"}},{"type":"Feature","geometry":{"type":"LineString","coordinates":[[72.83335,40.81336],[72.83512,40.82168]]},"properties":{"@id":"way/1467348772","highway":"secondary","name":"Do'rmon ko'chasi","ref":"D143"}},{"type":"Feature","geometry":{"type":"LineString","coordinates":[[73.02345,40.51339],[73.02922,40.51836]]},"properties":{"@id":"way/1469491355","highway":"secondary"}},{"type":"Feature","geometry":{"type":"LineString","coordinates":[[73.02922,40.51836],[73.02937,40.51843]]},"properties":{"@id":"way/1469491356","highway":"secondary"}},{"type":"Feature","geometry":{"type":"LineString","coordinates":[[72.47056,40.88972],[72.45637,40.88887],[72.45037,40.88717]]},"properties":{"@id":"way/1470089945","highway":"secondary","ref":"D145"}},{"type":"Feature","geometry":{"type":"LineString","coordinates":[[72.45037,40.88717],[72.43274,40.88214]]},"properties":{"@id":"way/1470089946","highway":"secondary","name":"Ibrat ko'chasi","ref":"D145"}},{"type":"Feature","geometry":{"type":"LineString","coordinates":[[72.36003,40.79775],[72.36277,40.80128]]},"properties":{"@id":"way/1470098490","highway":"secondary","ref":"D137"}},{"type":"Feature","geometry":{"type":"LineString","coordinates":[[73.21393,40.79321],[73.22866,40.7896],[73.23719,40.78566],[73.23687,40.77862],[73.23503,40.77497],[73.24617,40.77301],[73.24739,40.77127],[73.24736,40.76686]]},"properties":{"@id":"way/1483396861","highway":"motorway","name":"Өзгөн айланма жолу (Кароол - Ана-Кызыл)","name:ky":"Өзгөн айланма жолу (Кароол - Ана-Кызыл)","name:ru":"Объездная Узгена (Кароол - Ана-Кызыл)","name:en":"Ozgon bypass road (Karool – Ana-Kyzyl)"}},{"type":"Feature","geometry":{"type":"LineString","coordinates":[[73.24736,40.76686],[73.24732,40.76466]]},"properties":{"@id":"way/1483396862","highway":"motorway","name":"Өзгөн айланма жолу (Кароол - Ана-Кызыл)","name:ky":"Өзгөн айланма жолу (Кароол - Ана-Кызыл)","name:ru":"Объездная Узгена (Кароол - Ана-Кызыл)","name:en":"Ozgon bypass road (Karool – Ana-Kyzyl)"}},{"type":"Feature","geometry":{"type":"LineString","coordinates":[[73.24732,40.76466],[73.24717,40.7522],[73.25084,40.74503]]},"properties":{"@id":"way/1483396863","highway":"motorway","name":"Өзгөн айланма жолу (Кароол - Ана-Кызыл)","name:ky":"Өзгөн айланма жолу (Кароол - Ана-Кызыл)","name:ru":"Объездная Узгена (Кароол - Ана-Кызыл)","name:en":"Ozgon bypass road (Karool – Ana-Kyzyl)"}},{"type":"Feature","geometry":{"type":"LineString","coordinates":[[73.25084,40.74503],[73.25355,40.7399]]},"properties":{"@id":"way/1483396864","highway":"trunk","name":"Өзгөн айланма жолу (Кароол - Ана-Кызыл)","name:ky":"Өзгөн айланма жолу (Кароол - Ана-Кызыл)","name:ru":"Объездная Узгена (Кароол - Ана-Кызыл)","name:en":"Ozgon bypass road (Karool – Ana-Kyzyl)"}},{"type":"Feature","geometry":{"type":"LineString","coordinates":[[73.25426,40.73969],[73.25542,40.74039]]},"properties":{"@id":"way/1483396865","highway":"primary","name:ru":"Бишкек-Ош","name:en":"Bishkek-Osh","ref":"ЭМ-04"}},{"type":"Feature","geometry":{"type":"LineString","coordinates":[[73.25542,40.74039],[73.25407,40.74001]]},"properties":{"@id":"way/1483396866","highway":"primary","name:ru":"Бишкек-Ош","name:en":"Bishkek-Osh","ref":"ЭМ-04"}},{"type":"Feature","geometry":{"type":"LineString","coordinates":[[73.25237,40.73919],[73.25379,40.73948]]},"properties":{"@id":"way/1483396867","highway":"trunk","name:ru":"Бишкек-Ош","name:en":"Bishkek-Osh","ref":"ЭМ-04"}},{"type":"Feature","geometry":{"type":"LineString","coordinates":[[73.25237,40.73919],[73.25021,40.73836]]},"properties":{"@id":"way/1483396868","highway":"trunk","name:ru":"Бишкек-Ош","name:en":"Bishkek-Osh","ref":"ЭМ-04"}},{"type":"Feature","geometry":{"type":"LineString","coordinates":[[72.34613,40.76569],[72.34401,40.76415]]},"properties":{"@id":"way/1490399221","highway":"secondary","name":"Gogol ko'chasi","name:ru":"улица Гоголя","name:en":"Gogol street"}},{"type":"Feature","geometry":{"type":"LineString","coordinates":[[72.89277,40.71818],[72.89387,40.72068]]},"properties":{"@id":"way/1492120202","highway":"primary","name":"Do‘stlik ko‘chasi","name:ru":"улица Дустлик","ref":"D138a"}},{"type":"Feature","geometry":{"type":"LineString","coordinates":[[72.89387,40.72068],[72.89404,40.72119]]},"properties":{"@id":"way/1492120204","highway":"primary","name":"Do‘stlik ko‘chasi","name:ru":"улица Дустлик","ref":"D138a"}},{"type":"Feature","geometry":{"type":"LineString","coordinates":[[72.89404,40.72119],[72.89375,40.72071]]},"properties":{"@id":"way/1492120205","highway":"primary","name":"Do‘stlik ko‘chasi","name:ru":"улица Дустлик","ref":"D138a"}},{"type":"Feature","geometry":{"type":"LineString","coordinates":[[72.89375,40.72071],[72.89277,40.71818]]},"properties":{"@id":"way/1492120206","highway":"primary","name":"Do‘stlik ko‘chasi","name:ru":"улица Дустлик","ref":"D138a"}},{"type":"Feature","geometry":{"type":"LineString","coordinates":[[73.20647,41.0967],[73.18555,41.0862],[73.16246,41.06588],[73.13505,41.04729]]},"properties":{"@id":"way/1501706962","highway":"trunk","ref":"ЭМ-12"}},{"type":"Feature","geometry":{"type":"LineString","coordinates":[[75.00909,39.75013],[75.00922,39.74995]]},"properties":{"@id":"way/1503817934","highway":"motorway","name":"阿伊高速","name:en":"Ayi Expressway","ref":"G3013;G581"}},{"type":"Feature","geometry":{"type":"LineString","coordinates":[[75.01004,39.74894],[75.00944,39.75004]]},"properties":{"@id":"way/1503817935","highway":"motorway","name":"阿伊高速","name:en":"Ayi Expressway","ref":"G3013;G581"}},{"type":"Feature","geometry":{"type":"LineString","coordinates":[[75.00944,39.75004],[75.00931,39.75022]]},"properties":{"@id":"way/1503817936","highway":"motorway","name":"阿伊高速","name:en":"Ayi Expressway","ref":"G3013;G581"}},{"type":"Feature","geometry":{"type":"LineString","coordinates":[[72.30656,40.7663],[72.3006,40.7637]]},"properties":{"@id":"way/1504381142","highway":"secondary","name":"Dalvarzin koʻchasi","name:ru":"улица Далварзин"}},{"type":"Feature","geometry":{"type":"LineString","coordinates":[[73.07287,40.94862],[73.07184,40.94454]]},"properties":{"@id":"way/1512712808","highway":"trunk","name":"Объездная Барпы-Сафаровка"}},{"type":"Feature","geometry":{"type":"LineString","coordinates":[[72.33193,40.77926],[72.33204,40.77709],[72.3347,40.77489]]},"properties":{"@id":"way/1513914275","highway":"primary","name":"Bobur shoh ko'chasi","name:ru":"Бабур проспект"}},{"type":"Feature","geometry":{"type":"LineString","coordinates":[[72.35825,40.76639],[72.35822,40.76653]]},"properties":{"@id":"way/1513918581","highway":"secondary","name":"Abdurauf Fitrat ko'chasi","name:ru":"улица Абдурауфа Фитрата"}},{"type":"Feature","geometry":{"type":"LineString","coordinates":[[72.35657,40.7683],[72.3581,40.76648]]},"properties":{"@id":"way/1513918582","highway":"secondary","name":"Abdurauf Fitrat ko'chasi","name:ru":"улица Абдурауфа Фитрата"}},{"type":"Feature","geometry":{"type":"LineString","coordinates":[[72.35822,40.76653],[72.3581,40.76648]]},"properties":{"@id":"way/1513918583","highway":"primary","name":"Milliy Tiklanish ko'chasi","name:ru":"Миллий Тикланиш улица","ref":"D017e"}},{"type":"Feature","geometry":{"type":"LineString","coordinates":[[72.35822,40.76653],[72.35657,40.7683]]},"properties":{"@id":"way/1513918584","highway":"secondary","name":"Abdurauf Fitrat ko'chasi","name:ru":"улица Абдурауфа Фитрата"}},{"type":"Feature","geometry":{"type":"LineString","coordinates":[[72.35825,40.76639],[72.36273,40.76846]]},"properties":{"@id":"way/1513918585","highway":"primary","name":"Milliy Tiklanish ko'chasi","name:ru":"Миллий Тикланиш улица","ref":"D017e"}},{"type":"Feature","geometry":{"type":"LineString","coordinates":[[72.3581,40.76648],[72.35825,40.76639]]},"properties":{"@id":"way/1513918586","highway":"secondary","name":"Abdurauf Fitrat ko'chasi","name:ru":"улица Абдурауфа Фитрата"}},{"type":"Feature","geometry":{"type":"LineString","coordinates":[[72.3581,40.76648],[72.35548,40.76528]]},"properties":{"@id":"way/1513918587","highway":"primary","name":"Milliy Tiklanish ko'chasi","name:ru":"Миллий Тикланиш улица","ref":"D017e"}},{"type":"Feature","geometry":{"type":"LineString","coordinates":[[72.35048,40.80857],[72.34795,40.79981]]},"properties":{"@id":"way/1521339060","highway":"secondary","name":"Nayman ko'chasi","name:ru":"Найман улица"}},{"type":"Feature","geometry":{"type":"LineString","coordinates":[[73.29613,40.76967],[73.29465,40.76934]]},"properties":{"@id":"way/1523347258","highway":"primary","name":"Манаса улица","ref":"ЭМ-04"}},{"type":"Feature","geometry":{"type":"LineString","coordinates":[[72.97752,40.82283],[72.97725,40.82215]]},"properties":{"@id":"way/1523366626","highway":"primary","ref":"M41"}},{"type":"Feature","geometry":{"type":"LineString","coordinates":[[72.9774,40.82212],[72.97752,40.82283]]},"properties":{"@id":"way/1523366627","highway":"primary","ref":"M41"}},{"type":"Feature","geometry":{"type":"LineString","coordinates":[[72.97731,40.82184],[72.9774,40.82212]]},"properties":{"@id":"way/1523366628","highway":"primary","ref":"M41"}},{"type":"Feature","geometry":{"type":"LineString","coordinates":[[72.97717,40.82187],[72.97701,40.82124]]},"properties":{"@id":"way/1523366629","highway":"primary","ref":"M41"}},{"type":"Feature","geometry":{"type":"LineString","coordinates":[[72.97725,40.82215],[72.97717,40.82187]]},"properties":{"@id":"way/1523366630","highway":"primary","ref":"M41"}},{"type":"Feature","geometry":{"type":"LineString","coordinates":[[72.84551,40.53743],[72.84543,40.53741]]},"properties":{"@id":"way/1524050839","highway":"trunk","name:en":"Osh-Gul'cha road","ref":"ЭМ-05"}},{"type":"Feature","geometry":{"type":"LineString","coordinates":[[72.84382,40.53696],[72.84449,40.53712]]},"properties":{"@id":"way/1524050840","highway":"primary","name":"Фуркат көчөсү","name:ru":"улица Фуркат"}}]}