{
  "type": "FeatureCollection",
  "generator": "overpass-turbo",
  "copyright": "The data included in this document is from www.openstreetmap.org. The data is made available under ODbL.",
  "timestamp": "2026-05-31T16:00:58Z",
  "features": [
    {
      "type": "Feature",
      "properties": {
        "@id": "way/27387502",
        "addr:country": "KG",
        "addr:district": "Кара-Кулжинский район",
        "addr:region": "Ошская область",
        "landuse": "residential",
        "name": "Кара-Кулжа",
        "name:en": "Kara-Kulja",
        "name:ru": "Кара-Кульджа",
        "place": "town",
        "population": "11794",
        "source": "GPS"
      },
      "geometry": {
        "type": "Polygon",
        "coordinates": [
          [
            [
              73.5757829,
              40.6397969
            ],
            [
              73.5735217,
              40.6393398
            ],
            [
              73.56797,
              40.6392913
            ],
            [
              73.5637263,
              40.6346421
            ],
            [
              73.5586193,
              40.6351306
            ],
            [
              73.5581258,
              40.6338687
            ],
            [
              73.562552,
              40.632664
            ],
            [
              73.5733452,
              40.6287964
            ],
            [
              73.5806323,
              40.6254259
            ],
            [
              73.5892154,
              40.6239033
            ],
            [
              73.5918333,
              40.628105
            ],
            [
              73.5990752,
              40.6257435
            ],
            [
              73.6013605,
              40.6288541
            ],
            [
              73.6079266,
              40.6271523
            ],
            [
              73.6085406,
              40.6284947
            ],
            [
              73.6112979,
              40.628055
            ],
            [
              73.6113837,
              40.6294067
            ],
            [
              73.609474,
              40.6298545
            ],
            [
              73.61063,
              40.631367
            ],
            [
              73.6161259,
              40.6306036
            ],
            [
              73.619881,
              40.6306118
            ],
            [
              73.6198488,
              40.6313527
            ],
            [
              73.6126927,
              40.6332661
            ],
            [
              73.6097934,
              40.634285
            ],
            [
              73.6017145,
              40.6365077
            ],
            [
              73.5974551,
              40.6394467
            ],
            [
              73.587531,
              40.6404969
            ],
            [
              73.5802165,
              40.6412042
            ],
            [
              73.5778025,
              40.6412286
            ],
            [
              73.5757829,
              40.6397969
            ]
          ]
        ]
      },
      "id": "way/27387502"
    },
    {
      "type": "Feature",
      "properties": {
        "@id": "way/27642667",
        "landuse": "residential",
        "name": "Чымбай",
        "place": "village"
      },
      "geometry": {
        "type": "Polygon",
        "coordinates": [
          [
            [
              73.3790245,
              40.7214191
            ],
            [
              73.3735402,
              40.7186967
            ],
            [
              73.3712228,
              40.7201116
            ],
            [
              73.367811,
              40.7255106
            ],
            [
              73.365515,
              40.7274457
            ],
            [
              73.3642705,
              40.7296572
            ],
            [
              73.3624251,
              40.7316084
            ],
            [
              73.3601935,
              40.7338686
            ],
            [
              73.3593138,
              40.7334458
            ],
            [
              73.3656652,
              40.725348
            ],
            [
              73.369592,
              40.719705
            ],
            [
              73.3722009,
              40.7176786
            ],
            [
              73.377501,
              40.7082614
            ],
            [
              73.3776289,
              40.7062624
            ],
            [
              73.3784969,
              40.6973071
            ],
            [
              73.378733,
              40.6962008
            ],
            [
              73.3808787,
              40.696575
            ],
            [
              73.3821877,
              40.6958592
            ],
            [
              73.3851274,
              40.6970956
            ],
            [
              73.3861573,
              40.6978277
            ],
            [
              73.3809002,
              40.7025616
            ],
            [
              73.3794099,
              40.707157
            ],
            [
              73.3790237,
              40.7090764
            ],
            [
              73.383595,
              40.7112705
            ],
            [
              73.3824354,
              40.713842
            ],
            [
              73.3852043,
              40.7153204
            ],
            [
              73.3790245,
              40.7214191
            ]
          ]
        ]
      },
      "id": "way/27642667"
    },
    {
      "type": "Feature",
      "properties": {
        "@id": "way/27642670",
        "landuse": "residential",
        "name": "Октябрь",
        "place": "village"
      },
      "geometry": {
        "type": "Polygon",
        "coordinates": [
          [
            [
              73.444449,
              40.6854528
            ],
            [
              73.440158,
              40.6876124
            ],
            [
              73.4360638,
              40.6887819
            ],
            [
              73.4350725,
              40.6868151
            ],
            [
              73.4327808,
              40.6881474
            ],
            [
              73.4286996,
              40.686148
            ],
            [
              73.4368363,
              40.6816225
            ],
            [
              73.4351149,
              40.6805388
            ],
            [
              73.4382262,
              40.6777886
            ],
            [
              73.448998,
              40.6772516
            ],
            [
              73.4492388,
              40.6786609
            ],
            [
              73.4521142,
              40.6780751
            ],
            [
              73.4514656,
              40.6822148
            ],
            [
              73.444449,
              40.6854528
            ]
          ]
        ]
      },
      "id": "way/27642670"
    },
    {
      "type": "Feature",
      "properties": {
        "@id": "way/27642673",
        "landuse": "residential",
        "name": "Тоготой",
        "place": "village"
      },
      "geometry": {
        "type": "Polygon",
        "coordinates": [
          [
            [
              73.4233131,
              40.6669823
            ],
            [
              73.4260812,
              40.6644595
            ],
            [
              73.4320679,
              40.6588765
            ],
            [
              73.434793,
              40.6601949
            ],
            [
              73.444964,
              40.663955
            ],
            [
              73.4445276,
              40.6650857
            ],
            [
              73.4398498,
              40.6639789
            ],
            [
              73.4338059,
              40.6696678
            ],
            [
              73.4233131,
              40.6669823
            ]
          ]
        ]
      },
      "id": "way/27642673"
    },
    {
      "type": "Feature",
      "properties": {
        "@id": "way/27642676",
        "landuse": "residential",
        "name": "Жаны-Талап",
        "place": "village"
      },
      "geometry": {
        "type": "Polygon",
        "coordinates": [
          [
            [
              73.4046557,
              40.6912615
            ],
            [
              73.4042582,
              40.6868579
            ],
            [
              73.4052238,
              40.6827738
            ],
            [
              73.4098914,
              40.6806363
            ],
            [
              73.4160921,
              40.6781768
            ],
            [
              73.4173479,
              40.6784232
            ],
            [
              73.416017,
              40.6834735
            ],
            [
              73.4136352,
              40.687704
            ],
            [
              73.413485,
              40.6910883
            ],
            [
              73.4071877,
              40.6950441
            ],
            [
              73.4046557,
              40.6912615
            ]
          ]
        ]
      },
      "id": "way/27642676"
    },
    {
      "type": "Feature",
      "properties": {
        "@id": "way/27642678",
        "addr:country": "KG",
        "is_in": "Kyrgyzstan",
        "landuse": "residential",
        "name": "Сары-Булак",
        "name:en": "Sary-Bulak",
        "name:ky": "Сары-Булак",
        "name:ru": "Сары-Булак",
        "place": "village"
      },
      "geometry": {
        "type": "Polygon",
        "coordinates": [
          [
            [
              73.5223344,
              40.6606117
            ],
            [
              73.5219589,
              40.6608945
            ],
            [
              73.5191265,
              40.6617735
            ],
            [
              73.518118,
              40.6604632
            ],
            [
              73.5157362,
              40.6579076
            ],
            [
              73.5205427,
              40.6565829
            ],
            [
              73.5289434,
              40.6542225
            ],
            [
              73.5391358,
              40.6514876
            ],
            [
              73.5450795,
              40.6496805
            ],
            [
              73.544822,
              40.6486549
            ],
            [
              73.55598,
              40.6459686
            ],
            [
              73.5615805,
              40.6455452
            ],
            [
              73.5606364,
              40.6475641
            ],
            [
              73.54965,
              40.6521388
            ],
            [
              73.5527399,
              40.6546458
            ],
            [
              73.5496286,
              40.658927
            ],
            [
              73.5446075,
              40.65852
            ],
            [
              73.5400584,
              40.6571038
            ],
            [
              73.5398224,
              40.6581131
            ],
            [
              73.5381702,
              40.6580805
            ],
            [
              73.5379556,
              40.656176
            ],
            [
              73.5340288,
              40.656941
            ],
            [
              73.5257676,
              40.6597897
            ],
            [
              73.5237613,
              40.6584142
            ],
            [
              73.5223344,
              40.6606117
            ]
          ]
        ]
      },
      "id": "way/27642678"
    },
    {
      "type": "Feature",
      "properties": {
        "@id": "way/27642682",
        "addr:country": "KG",
        "addr:region": "Ошская область",
        "is_in": "Kyrgyzstan",
        "landuse": "residential",
        "name": "Первое Мая",
        "name:en": "Pervoye Maya",
        "name:ru": "Первое Мая",
        "place": "village",
        "population": "6359"
      },
      "geometry": {
        "type": "Polygon",
        "coordinates": [
          [
            [
              73.7045159,
              40.6323221
            ],
            [
              73.7052455,
              40.6352043
            ],
            [
              73.6947951,
              40.636298
            ],
            [
              73.6920919,
              40.6376631
            ],
            [
              73.6896882,
              40.6374541
            ],
            [
              73.6841848,
              40.6317114
            ],
            [
              73.6802473,
              40.6303842
            ],
            [
              73.6677584,
              40.6304683
            ],
            [
              73.661622,
              40.6300422
            ],
            [
              73.6555275,
              40.6285141
            ],
            [
              73.6571481,
              40.6236175
            ],
            [
              73.6705484,
              40.6237234
            ],
            [
              73.6834016,
              40.6270783
            ],
            [
              73.6986789,
              40.6303706
            ],
            [
              73.7045159,
              40.6323221
            ]
          ]
        ]
      },
      "id": "way/27642682"
    },
    {
      "type": "Feature",
      "properties": {
        "@id": "way/27642698",
        "addr:country": "KG",
        "addr:region": "Ошская область",
        "is_in": "Kyrgyzstan",
        "landuse": "residential",
        "name": "Ылай-Талаа",
        "name:en": "Ylai-Talaa",
        "name:ru": "Ылай-Талаа",
        "place": "hamlet"
      },
      "geometry": {
        "type": "Polygon",
        "coordinates": [
          [
            [
              73.5745897,
              40.5947109
            ],
            [
              73.5746133,
              40.5923032
            ],
            [
              73.5763278,
              40.5894154
            ],
            [
              73.5826814,
              40.5900057
            ],
            [
              73.5894599,
              40.586743
            ],
            [
              73.5968864,
              40.5873007
            ],
            [
              73.5996115,
              40.5860949
            ],
            [
              73.6026235,
              40.586619
            ],
            [
              73.606544,
              40.587051
            ],
            [
              73.6128804,
              40.5882061
            ],
            [
              73.6204826,
              40.584716
            ],
            [
              73.6251982,
              40.5800907
            ],
            [
              73.6272061,
              40.5811082
            ],
            [
              73.6280837,
              40.5843312
            ],
            [
              73.6337729,
              40.5900236
            ],
            [
              73.6242078,
              40.5923279
            ],
            [
              73.6198117,
              40.593617
            ],
            [
              73.6186016,
              40.5916025
            ],
            [
              73.614034,
              40.5928415
            ],
            [
              73.6061154,
              40.5931925
            ],
            [
              73.5910048,
              40.5947273
            ],
            [
              73.5899534,
              40.5930001
            ],
            [
              73.5745897,
              40.5947109
            ]
          ]
        ]
      },
      "id": "way/27642698"
    },
    {
      "type": "Feature",
      "properties": {
        "@id": "way/205336131",
        "landuse": "residential",
        "name": "Кара-Таш",
        "place": "village",
        "source": "Bing"
      },
      "geometry": {
        "type": "Polygon",
        "coordinates": [
          [
            [
              74.0026403,
              40.5471915
            ],
            [
              73.997882,
              40.546597
            ],
            [
              73.9963339,
              40.5444339
            ],
            [
              74.0008861,
              40.544355
            ],
            [
              74.0045661,
              40.5448197
            ],
            [
              74.0099989,
              40.5437664
            ],
            [
              74.0111569,
              40.5446282
            ],
            [
              74.0116847,
              40.5461723
            ],
            [
              74.0108908,
              40.5477458
            ],
            [
              74.005714,
              40.5478198
            ],
            [
              74.0026403,
              40.5471915
            ]
          ]
        ]
      },
      "id": "way/205336131"
    },
    {
      "type": "Feature",
      "properties": {
        "@id": "way/205336132",
        "landuse": "residential",
        "place": "village"
      },
      "geometry": {
        "type": "Polygon",
        "coordinates": [
          [
            [
              74.2628189,
              40.3097586
            ],
            [
              74.258227,
              40.3097914
            ],
            [
              74.2540857,
              40.3102986
            ],
            [
              74.2522832,
              40.3111822
            ],
            [
              74.2454392,
              40.3089199
            ],
            [
              74.2460819,
              40.3079587
            ],
            [
              74.2512961,
              40.3076805
            ],
            [
              74.2588814,
              40.3078851
            ],
            [
              74.2608072,
              40.3079546
            ],
            [
              74.262261,
              40.3076478
            ],
            [
              74.2653938,
              40.3065351
            ],
            [
              74.2669739,
              40.3053866
            ],
            [
              74.2684253,
              40.3045326
            ],
            [
              74.2718859,
              40.30289
            ],
            [
              74.27576,
              40.3019286
            ],
            [
              74.2771569,
              40.3011676
            ],
            [
              74.2784799,
              40.3010451
            ],
            [
              74.2796742,
              40.3012991
            ],
            [
              74.2805177,
              40.3008577
            ],
            [
              74.2832776,
              40.2995823
            ],
            [
              74.2849351,
              40.3011882
            ],
            [
              74.2843877,
              40.3020107
            ],
            [
              74.2738944,
              40.3073539
            ],
            [
              74.2748804,
              40.3083529
            ],
            [
              74.2724108,
              40.309778
            ],
            [
              74.2714626,
              40.3087339
            ],
            [
              74.2694375,
              40.3076928
            ],
            [
              74.2676619,
              40.308065
            ],
            [
              74.2652693,
              40.3091695
            ],
            [
              74.2628189,
              40.3097586
            ]
          ]
        ]
      },
      "id": "way/205336132"
    },
    {
      "type": "Feature",
      "properties": {
        "@id": "way/205336136",
        "landuse": "residential",
        "place": "hamlet"
      },
      "geometry": {
        "type": "Polygon",
        "coordinates": [
          [
            [
              74.0997148,
              40.4232808
            ],
            [
              74.1140915,
              40.416289
            ],
            [
              74.1167964,
              40.4192732
            ],
            [
              74.1110457,
              40.4244515
            ],
            [
              74.11218,
              40.4256128
            ],
            [
              74.1071392,
              40.4280506
            ],
            [
              74.1040708,
              40.4304353
            ],
            [
              74.100616,
              40.432673
            ],
            [
              74.0946092,
              40.4340395
            ],
            [
              74.0933002,
              40.4302992
            ],
            [
              74.0916467,
              40.4303699
            ],
            [
              74.090146,
              40.4350684
            ],
            [
              74.0868415,
              40.4350031
            ],
            [
              74.0875055,
              40.4301086
            ],
            [
              74.0936423,
              40.4268746
            ],
            [
              74.0997148,
              40.4232808
            ]
          ]
        ]
      },
      "id": "way/205336136"
    },
    {
      "type": "Feature",
      "properties": {
        "@id": "way/205336145",
        "landuse": "residential",
        "name": "Терек",
        "place": "village"
      },
      "geometry": {
        "type": "Polygon",
        "coordinates": [
          [
            [
              74.2151785,
              40.3639423
            ],
            [
              74.2148566,
              40.3630268
            ],
            [
              74.2139983,
              40.3622256
            ],
            [
              74.214803,
              40.3614244
            ],
            [
              74.2161441,
              40.3621602
            ],
            [
              74.2181611,
              40.3627652
            ],
            [
              74.2266154,
              40.3639587
            ],
            [
              74.2306065,
              40.3648906
            ],
            [
              74.2335506,
              40.3657221
            ],
            [
              74.2331,
              40.3663271
            ],
            [
              74.2304778,
              40.3662312
            ],
            [
              74.230864,
              40.367016
            ],
            [
              74.2289114,
              40.3673103
            ],
            [
              74.228611,
              40.3668362
            ],
            [
              74.2279029,
              40.3662639
            ],
            [
              74.2272635,
              40.3661963
            ],
            [
              74.2260361,
              40.3660024
            ],
            [
              74.2224312,
              40.3659533
            ],
            [
              74.2211437,
              40.3654792
            ],
            [
              74.2198348,
              40.3654955
            ],
            [
              74.2187834,
              40.3656754
            ],
            [
              74.2182255,
              40.3658552
            ],
            [
              74.2174315,
              40.3664111
            ],
            [
              74.2169038,
              40.3649603
            ],
            [
              74.2151785,
              40.3639423
            ]
          ]
        ]
      },
      "id": "way/205336145"
    },
    {
      "type": "Feature",
      "properties": {
        "@id": "way/205336146",
        "landuse": "residential",
        "name": "Көк-Арт",
        "name:en": "Kok-Art",
        "place": "village"
      },
      "geometry": {
        "type": "Polygon",
        "coordinates": [
          [
            [
              74.3820806,
              40.2680044
            ],
            [
              74.3812473,
              40.26584
            ],
            [
              74.380128,
              40.2626176
            ],
            [
              74.3802568,
              40.2614386
            ],
            [
              74.3811365,
              40.2607181
            ],
            [
              74.3835505,
              40.2606035
            ],
            [
              74.3849506,
              40.2618725
            ],
            [
              74.3896767,
              40.2631252
            ],
            [
              74.3949338,
              40.2634853
            ],
            [
              74.4009202,
              40.264832
            ],
            [
              74.4021057,
              40.2643837
            ],
            [
              74.403943,
              40.2617853
            ],
            [
              74.4056556,
              40.2614357
            ],
            [
              74.4068123,
              40.262227
            ],
            [
              74.4059744,
              40.2639489
            ],
            [
              74.403871,
              40.2659479
            ],
            [
              74.404139,
              40.2672012
            ],
            [
              74.4082479,
              40.2706321
            ],
            [
              74.410737,
              40.2709186
            ],
            [
              74.420388,
              40.2735301
            ],
            [
              74.4200118,
              40.2748109
            ],
            [
              74.4039198,
              40.2732853
            ],
            [
              74.4001731,
              40.2724552
            ],
            [
              74.3967838,
              40.2702075
            ],
            [
              74.3939836,
              40.269167
            ],
            [
              74.3912485,
              40.2687966
            ],
            [
              74.3892908,
              40.2693463
            ],
            [
              74.3863185,
              40.2687084
            ],
            [
              74.3865224,
              40.2703457
            ],
            [
              74.3868496,
              40.2721302
            ],
            [
              74.3859108,
              40.2726541
            ],
            [
              74.3842908,
              40.2707222
            ],
            [
              74.3820806,
              40.2680044
            ]
          ]
        ]
      },
      "id": "way/205336146"
    },
    {
      "type": "Feature",
      "properties": {
        "@id": "way/205336147",
        "landuse": "residential",
        "place": "hamlet"
      },
      "geometry": {
        "type": "Polygon",
        "coordinates": [
          [
            [
              74.3383605,
              40.2701519
            ],
            [
              74.3433229,
              40.2702118
            ],
            [
              74.3462093,
              40.2707123
            ],
            [
              74.346285,
              40.2717553
            ],
            [
              74.3461149,
              40.2718211
            ],
            [
              74.3450661,
              40.2720446
            ],
            [
              74.3440531,
              40.2725481
            ],
            [
              74.3421502,
              40.2730097
            ],
            [
              74.3404742,
              40.272998
            ],
            [
              74.3371706,
              40.2716899
            ],
            [
              74.3372233,
              40.2710525
            ],
            [
              74.3383605,
              40.2701519
            ]
          ]
        ]
      },
      "id": "way/205336147"
    },
    {
      "type": "Feature",
      "properties": {
        "@id": "way/205336149",
        "landuse": "residential",
        "name": "Коо-Чаты",
        "place": "village"
      },
      "geometry": {
        "type": "Polygon",
        "coordinates": [
          [
            [
              74.2792126,
              40.3512188
            ],
            [
              74.2909499,
              40.3582665
            ],
            [
              74.3112488,
              40.3630571
            ],
            [
              74.3172888,
              40.3684547
            ],
            [
              74.3101116,
              40.3690083
            ],
            [
              74.2995759,
              40.3655913
            ],
            [
              74.2927137,
              40.3641755
            ],
            [
              74.2876669,
              40.3637112
            ],
            [
              74.2725177,
              40.3504666
            ],
            [
              74.2763047,
              40.3482286
            ],
            [
              74.2792126,
              40.3512188
            ]
          ]
        ]
      },
      "id": "way/205336149"
    },
    {
      "type": "Feature",
      "properties": {
        "@id": "way/275189088",
        "landuse": "residential",
        "name": "Карасу",
        "place": "village"
      },
      "geometry": {
        "type": "Polygon",
        "coordinates": [
          [
            [
              73.7269548,
              40.5645577
            ],
            [
              73.7247932,
              40.5633402
            ],
            [
              73.7269175,
              40.560339
            ],
            [
              73.7251286,
              40.5586684
            ],
            [
              73.7288928,
              40.5569129
            ],
            [
              73.734334,
              40.5537698
            ],
            [
              73.7379864,
              40.5543928
            ],
            [
              73.7356049,
              40.5522077
            ],
            [
              73.735798,
              40.5452293
            ],
            [
              73.7387377,
              40.5454087
            ],
            [
              73.7429059,
              40.5538264
            ],
            [
              73.7473409,
              40.5569412
            ],
            [
              73.7454402,
              40.5605089
            ],
            [
              73.7373156,
              40.5641896
            ],
            [
              73.732247,
              40.5626324
            ],
            [
              73.7269548,
              40.5645577
            ]
          ]
        ]
      },
      "id": "way/275189088"
    },
    {
      "type": "Feature",
      "properties": {
        "@id": "way/303737492",
        "addr:country": "KG",
        "addr:district": "Кара-Кульджинский район",
        "addr:region": "Ошская область",
        "is_in": "Kyrgyzstan",
        "landuse": "residential",
        "name": "Сары-Бээ",
        "name:en": "Sary-Bee",
        "name:ky": "Сары-Бээ",
        "name:ru": "Сары-Бээ",
        "place": "hamlet"
      },
      "geometry": {
        "type": "Polygon",
        "coordinates": [
          [
            [
              73.8946832,
              40.5556142
            ],
            [
              73.8880904,
              40.5590555
            ],
            [
              73.8867217,
              40.5667823
            ],
            [
              73.8861787,
              40.5695446
            ],
            [
              73.8848269,
              40.569512
            ],
            [
              73.8840759,
              40.5664476
            ],
            [
              73.8812131,
              40.5657936
            ],
            [
              73.883632,
              40.5607851
            ],
            [
              73.8836795,
              40.5562628
            ],
            [
              73.8864778,
              40.552479
            ],
            [
              73.8876873,
              40.5523348
            ],
            [
              73.8917662,
              40.553452
            ],
            [
              73.8946832,
              40.5556142
            ]
          ]
        ]
      },
      "id": "way/303737492"
    },
    {
      "type": "Feature",
      "properties": {
        "@id": "way/419615211",
        "name": "Жийде",
        "place": "village"
      },
      "geometry": {
        "type": "Polygon",
        "coordinates": [
          [
            [
              73.3972801,
              40.6680447
            ],
            [
              73.3961365,
              40.6690347
            ],
            [
              73.3945487,
              40.669466
            ],
            [
              73.3939049,
              40.6697508
            ],
            [
              73.3932934,
              40.6701496
            ],
            [
              73.3929608,
              40.6707355
            ],
            [
              73.3927677,
              40.6713621
            ],
            [
              73.3923493,
              40.672363
            ],
            [
              73.3923707,
              40.673079
            ],
            [
              73.3925424,
              40.6737056
            ],
            [
              73.3925638,
              40.6739578
            ],
            [
              73.3927204,
              40.6742698
            ],
            [
              73.3928997,
              40.6745167
            ],
            [
              73.3930681,
              40.6747715
            ],
            [
              73.3930037,
              40.6753411
            ],
            [
              73.3921132,
              40.6752272
            ],
            [
              73.3916948,
              40.6751377
            ],
            [
              73.3913729,
              40.675097
            ],
            [
              73.3902893,
              40.6775462
            ],
            [
              73.3894739,
              40.6782215
            ],
            [
              73.3888624,
              40.678962
            ],
            [
              73.3885405,
              40.6791816
            ],
            [
              73.3883045,
              40.6795559
            ],
            [
              73.3880899,
              40.6796291
            ],
            [
              73.3877359,
              40.6799058
            ],
            [
              73.3878431,
              40.6801743
            ],
            [
              73.3875495,
              40.6805563
            ],
            [
              73.3873925,
              40.6810449
            ],
            [
              73.3872209,
              40.6814029
            ],
            [
              73.386911,
              40.6814598
            ],
            [
              73.3868118,
              40.6809818
            ],
            [
              73.3860514,
              40.680516
            ],
            [
              73.3852682,
              40.6803858
            ],
            [
              73.3844099,
              40.6799465
            ],
            [
              73.38443,
              40.6795722
            ],
            [
              73.3829079,
              40.6790758
            ],
            [
              73.3853406,
              40.6752048
            ],
            [
              73.3852226,
              40.6716408
            ],
            [
              73.3926523,
              40.6657267
            ],
            [
              73.3973998,
              40.6647542
            ],
            [
              73.3976332,
              40.6655639
            ],
            [
              73.3972952,
              40.6662679
            ],
            [
              73.3974133,
              40.6669189
            ],
            [
              73.3972801,
              40.6680447
            ]
          ]
        ]
      },
      "id": "way/419615211"
    },
    {
      "type": "Feature",
      "properties": {
        "@id": "way/419615213",
        "boundary": "political",
        "name": "С.ЖИЙДЕ",
        "place": "village"
      },
      "geometry": {
        "type": "Polygon",
        "coordinates": [
          [
            [
              73.3753933,
              40.6862546
            ],
            [
              73.3837189,
              40.6764912
            ],
            [
              73.3845772,
              40.6692654
            ],
            [
              73.3870663,
              40.6664008
            ],
            [
              73.4092284,
              40.6498589
            ],
            [
              73.4153904,
              40.6499275
            ],
            [
              73.4168495,
              40.6545509
            ],
            [
              73.4111569,
              40.6556795
            ],
            [
              73.4071257,
              40.6579393
            ],
            [
              73.4071213,
              40.6579396
            ],
            [
              73.4065757,
              40.6585037
            ],
            [
              73.4065757,
              40.6591793
            ],
            [
              73.4084703,
              40.6596948
            ],
            [
              73.4090711,
              40.6608912
            ],
            [
              73.4092724,
              40.6627882
            ],
            [
              73.4092515,
              40.6628671
            ],
            [
              73.4070648,
              40.6661404
            ],
            [
              73.4105839,
              40.6680284
            ],
            [
              73.4183087,
              40.6710882
            ],
            [
              73.4153046,
              40.6766865
            ],
            [
              73.4062065,
              40.6815684
            ],
            [
              73.4037925,
              40.6834786
            ],
            [
              73.391139,
              40.6934905
            ],
            [
              73.3904137,
              40.6940643
            ],
            [
              73.3893161,
              40.6934937
            ],
            [
              73.3833429,
              40.6910496
            ],
            [
              73.3835197,
              40.69048
            ],
            [
              73.3798919,
              40.6885937
            ],
            [
              73.3753933,
              40.6862546
            ]
          ]
        ]
      },
      "id": "way/419615213"
    },
    {
      "type": "Feature",
      "properties": {
        "@id": "way/441764569",
        "landuse": "residential",
        "name": "Сай",
        "place": "village"
      },
      "geometry": {
        "type": "Polygon",
        "coordinates": [
          [
            [
              73.6393029,
              40.5890891
            ],
            [
              73.6517054,
              40.5842657
            ],
            [
              73.6507613,
              40.5824405
            ],
            [
              73.6422426,
              40.5837279
            ],
            [
              73.6408907,
              40.5809738
            ],
            [
              73.6446673,
              40.5801915
            ],
            [
              73.6521775,
              40.5810227
            ],
            [
              73.6606103,
              40.5777306
            ],
            [
              73.6741716,
              40.5757097
            ],
            [
              73.6755234,
              40.5778284
            ],
            [
              73.6727768,
              40.579393
            ],
            [
              73.6707169,
              40.5823427
            ],
            [
              73.6575526,
              40.5868159
            ],
            [
              73.6511904,
              40.5892846
            ],
            [
              73.6459655,
              40.5905638
            ],
            [
              73.6420494,
              40.5906697
            ],
            [
              73.6393029,
              40.5890891
            ]
          ]
        ]
      },
      "id": "way/441764569"
    },
    {
      "type": "Feature",
      "properties": {
        "@id": "way/441764571",
        "landuse": "residential",
        "name": "Сары-Камыш",
        "place": "village"
      },
      "geometry": {
        "type": "Polygon",
        "coordinates": [
          [
            [
              73.5360593,
              40.6096439
            ],
            [
              73.5385591,
              40.6076973
            ],
            [
              73.542046,
              40.6068257
            ],
            [
              73.5465413,
              40.6118756
            ],
            [
              73.54711,
              40.6142864
            ],
            [
              73.5436553,
              40.6147995
            ],
            [
              73.5497278,
              40.6167459
            ],
            [
              73.5492557,
              40.6178291
            ],
            [
              73.5442776,
              40.6167296
            ],
            [
              73.5456401,
              40.6193031
            ],
            [
              73.5433334,
              40.6196289
            ],
            [
              73.5425288,
              40.6169658
            ],
            [
              73.5370785,
              40.6178861
            ],
            [
              73.5364562,
              40.6170065
            ],
            [
              73.5383982,
              40.6161433
            ],
            [
              73.5365743,
              40.6134231
            ],
            [
              73.537969,
              40.6129425
            ],
            [
              73.5360593,
              40.6096439
            ]
          ]
        ]
      },
      "id": "way/441764571"
    },
    {
      "type": "Feature",
      "properties": {
        "@id": "way/441764573",
        "landuse": "residential",
        "name": "Калматай",
        "place": "hamlet"
      },
      "geometry": {
        "type": "Polygon",
        "coordinates": [
          [
            [
              73.4566391,
              40.6240955
            ],
            [
              73.4565328,
              40.6239417
            ],
            [
              73.4547937,
              40.6214245
            ],
            [
              73.4558451,
              40.6181833
            ],
            [
              73.4583342,
              40.6153003
            ],
            [
              73.4587205,
              40.6138018
            ],
            [
              73.4632051,
              40.6105602
            ],
            [
              73.4617031,
              40.6067972
            ],
            [
              73.4628618,
              40.6061619
            ],
            [
              73.4644067,
              40.6074814
            ],
            [
              73.4722817,
              40.6021868
            ],
            [
              73.4739769,
              40.6039952
            ],
            [
              73.4679043,
              40.6083285
            ],
            [
              73.4675825,
              40.6110001
            ],
            [
              73.4650719,
              40.6136226
            ],
            [
              73.4626258,
              40.6183788
            ],
            [
              73.4640634,
              40.6201053
            ],
            [
              73.4633124,
              40.6210174
            ],
            [
              73.4618747,
              40.6201704
            ],
            [
              73.4595788,
              40.624405
            ],
            [
              73.4566391,
              40.6240955
            ]
          ]
        ]
      },
      "id": "way/441764573"
    },
    {
      "type": "Feature",
      "properties": {
        "@id": "way/441764574",
        "name": "Жаны-Талаа",
        "place": "village"
      },
      "geometry": {
        "type": "Polygon",
        "coordinates": [
          [
            [
              73.4614027,
              40.6260743
            ],
            [
              73.4646374,
              40.6264244
            ],
            [
              73.4666222,
              40.6252926
            ],
            [
              73.4707207,
              40.6238268
            ],
            [
              73.4744972,
              40.6232324
            ],
            [
              73.4747011,
              40.6246248
            ],
            [
              73.4764713,
              40.6274504
            ],
            [
              73.4765786,
              40.6282973
            ],
            [
              73.471697,
              40.6281263
            ],
            [
              73.4690362,
              40.628623
            ],
            [
              73.4631354,
              40.6297385
            ],
            [
              73.459509,
              40.6312693
            ],
            [
              73.4572882,
              40.6324906
            ],
            [
              73.4541339,
              40.6303573
            ],
            [
              73.4527874,
              40.6306912
            ],
            [
              73.4510386,
              40.628623
            ],
            [
              73.4541071,
              40.6280449
            ],
            [
              73.4559846,
              40.6257812
            ],
            [
              73.4560919,
              40.6242177
            ],
            [
              73.457433,
              40.6244538
            ],
            [
              73.458184,
              40.626742
            ],
            [
              73.4614027,
              40.6260743
            ]
          ]
        ]
      },
      "id": "way/441764574"
    },
    {
      "type": "Feature",
      "properties": {
        "@id": "way/441764576",
        "landuse": "residential",
        "name": "Кенеш",
        "place": "village"
      },
      "geometry": {
        "type": "Polygon",
        "coordinates": [
          [
            [
              73.4147483,
              40.634231
            ],
            [
              73.4193188,
              40.6324886
            ],
            [
              73.4257561,
              40.6326514
            ],
            [
              73.4282452,
              40.6296225
            ],
            [
              73.4294897,
              40.62617
            ],
            [
              73.4283739,
              40.6209583
            ],
            [
              73.4260136,
              40.6193947
            ],
            [
              73.4199196,
              40.6185152
            ],
            [
              73.4055859,
              40.6127165
            ],
            [
              73.4067875,
              40.6085464
            ],
            [
              73.418203,
              40.6105663
            ],
            [
              73.4247691,
              40.6153553
            ],
            [
              73.4304339,
              40.6169841
            ],
            [
              73.4312922,
              40.6153553
            ],
            [
              73.4343392,
              40.6156811
            ],
            [
              73.4328801,
              40.6191667
            ],
            [
              73.4328586,
              40.6235153
            ],
            [
              73.4355623,
              40.6270657
            ],
            [
              73.4324938,
              40.6306647
            ],
            [
              73.4300262,
              40.6333354
            ],
            [
              73.4351331,
              40.6323583
            ],
            [
              73.4423214,
              40.6299482
            ],
            [
              73.4435231,
              40.6318372
            ],
            [
              73.4352404,
              40.6342473
            ],
            [
              73.4354764,
              40.6359245
            ],
            [
              73.433395,
              40.6375039
            ],
            [
              73.4288031,
              40.6378133
            ],
            [
              73.4294039,
              40.6407442
            ],
            [
              73.4250265,
              40.6416886
            ],
            [
              73.4170014,
              40.6392299
            ],
            [
              73.4147483,
              40.634231
            ]
          ]
        ]
      },
      "id": "way/441764576"
    },
    {
      "type": "Feature",
      "properties": {
        "@id": "way/441764577",
        "landuse": "residential",
        "name": "Жетим-Дебе",
        "place": "village"
      },
      "geometry": {
        "type": "Polygon",
        "coordinates": [
          [
            [
              73.4983689,
              40.5659831
            ],
            [
              73.4967166,
              40.5717206
            ],
            [
              73.498798,
              40.5736602
            ],
            [
              73.4971887,
              40.5768546
            ],
            [
              73.4992272,
              40.578794
            ],
            [
              73.4980255,
              40.582852
            ],
            [
              73.5002357,
              40.5822816
            ],
            [
              73.5006648,
              40.583406
            ],
            [
              73.4985405,
              40.5866978
            ],
            [
              73.5016733,
              40.5860949
            ],
            [
              73.5026389,
              40.5871704
            ],
            [
              73.5006648,
              40.5921565
            ],
            [
              73.4953433,
              40.5923032
            ],
            [
              73.4927684,
              40.5941118
            ],
            [
              73.4897858,
              40.5955456
            ],
            [
              73.4883696,
              40.5910485
            ],
            [
              73.4917599,
              40.5888813
            ],
            [
              73.4938198,
              40.5863067
            ],
            [
              73.4942919,
              40.580929
            ],
            [
              73.4900647,
              40.5814668
            ],
            [
              73.4881121,
              40.5777021
            ],
            [
              73.488434,
              40.5750944
            ],
            [
              73.4839064,
              40.5746544
            ],
            [
              73.476246,
              40.5706612
            ],
            [
              73.4791428,
              40.5669611
            ],
            [
              73.4824687,
              40.5693246
            ],
            [
              73.4865028,
              40.5697158
            ],
            [
              73.4917599,
              40.5715576
            ],
            [
              73.4923393,
              40.5689334
            ],
            [
              73.4957296,
              40.5652659
            ],
            [
              73.4983689,
              40.5659831
            ]
          ]
        ]
      },
      "id": "way/441764577"
    },
    {
      "type": "Feature",
      "properties": {
        "@id": "way/441872989",
        "landuse": "residential",
        "name": "Конобай-Талаа",
        "place": "hamlet"
      },
      "geometry": {
        "type": "Polygon",
        "coordinates": [
          [
            [
              73.6603555,
              40.4164756
            ],
            [
              73.6613426,
              40.4161407
            ],
            [
              73.6624262,
              40.4165736
            ],
            [
              73.6643037,
              40.4184278
            ],
            [
              73.6662564,
              40.4182808
            ],
            [
              73.6682949,
              40.418534
            ],
            [
              73.6749896,
              40.4213029
            ],
            [
              73.6752471,
              40.4267098
            ],
            [
              73.6736378,
              40.4268487
            ],
            [
              73.6732408,
              40.4241861
            ],
            [
              73.670623,
              40.4224464
            ],
            [
              73.6666748,
              40.4214173
            ],
            [
              73.664293,
              40.4213274
            ],
            [
              73.6606237,
              40.4210252
            ],
            [
              73.660495,
              40.4188852
            ],
            [
              73.6591753,
              40.4182399
            ],
            [
              73.6603555,
              40.4164756
            ]
          ]
        ]
      },
      "id": "way/441872989"
    },
    {
      "type": "Feature",
      "properties": {
        "@id": "way/441872990",
        "landuse": "residential",
        "name": "Тегерек-Саз",
        "place": "village"
      },
      "geometry": {
        "type": "Polygon",
        "coordinates": [
          [
            [
              73.612985,
              40.431514
            ],
            [
              73.6108929,
              40.4297827
            ],
            [
              73.605035,
              40.4279941
            ],
            [
              73.6022025,
              40.4211416
            ],
            [
              73.604241,
              40.4205454
            ],
            [
              73.6085111,
              40.4249314
            ],
            [
              73.6113972,
              40.4268589
            ],
            [
              73.6160427,
              40.4243923
            ],
            [
              73.6165363,
              40.4224648
            ],
            [
              73.6150664,
              40.4219339
            ],
            [
              73.6134893,
              40.4202105
            ],
            [
              73.6106032,
              40.4198184
            ],
            [
              73.6081678,
              40.4178254
            ],
            [
              73.6064297,
              40.4144028
            ],
            [
              73.605271,
              40.4110454
            ],
            [
              73.6019129,
              40.4078594
            ],
            [
              73.5987049,
              40.4056291
            ],
            [
              73.6015803,
              40.4031454
            ],
            [
              73.6041874,
              40.4057189
            ],
            [
              73.6081463,
              40.40924
            ],
            [
              73.6089617,
              40.4115682
            ],
            [
              73.6094016,
              40.4140025
            ],
            [
              73.612116,
              40.4164204
            ],
            [
              73.6182636,
              40.4165675
            ],
            [
              73.6211604,
              40.4188056
            ],
            [
              73.6210638,
              40.4200226
            ],
            [
              73.6183816,
              40.4204718
            ],
            [
              73.6186177,
              40.4230937
            ],
            [
              73.6228341,
              40.4238288
            ],
            [
              73.629486,
              40.4234939
            ],
            [
              73.6296576,
              40.4244659
            ],
            [
              73.6310095,
              40.4250947
            ],
            [
              73.6368352,
              40.4257726
            ],
            [
              73.6384875,
              40.4268017
            ],
            [
              73.637597,
              40.4279043
            ],
            [
              73.6345822,
              40.4299787
            ],
            [
              73.6332303,
              40.4289905
            ],
            [
              73.6313742,
              40.4274224
            ],
            [
              73.628338,
              40.4261483
            ],
            [
              73.624776,
              40.426426
            ],
            [
              73.6207527,
              40.4272264
            ],
            [
              73.6170727,
              40.4293825
            ],
            [
              73.6167508,
              40.4313997
            ],
            [
              73.6158067,
              40.4332208
            ],
            [
              73.6144978,
              40.4337924
            ],
            [
              73.612985,
              40.431514
            ]
          ]
        ]
      },
      "id": "way/441872990"
    },
    {
      "type": "Feature",
      "properties": {
        "@id": "way/441872994",
        "landuse": "residential",
        "name": "Кызыл-Булак",
        "place": "village"
      },
      "geometry": {
        "type": "Polygon",
        "coordinates": [
          [
            [
              73.6014944,
              40.4318182
            ],
            [
              73.6039943,
              40.431026
            ],
            [
              73.6047453,
              40.4318488
            ],
            [
              73.6073953,
              40.4319795
            ],
            [
              73.6076742,
              40.4335719
            ],
            [
              73.6059791,
              40.4345437
            ],
            [
              73.6004323,
              40.4355727
            ],
            [
              73.5993809,
              40.4373447
            ],
            [
              73.5995847,
              40.4379
            ],
            [
              73.5990697,
              40.4389615
            ],
            [
              73.5977072,
              40.4390677
            ],
            [
              73.5963446,
              40.4412315
            ],
            [
              73.5953468,
              40.4440975
            ],
            [
              73.5936302,
              40.4456652
            ],
            [
              73.5938126,
              40.4472737
            ],
            [
              73.5921925,
              40.4497312
            ],
            [
              73.5907549,
              40.4494128
            ],
            [
              73.591581,
              40.4471022
            ],
            [
              73.5898429,
              40.4471267
            ],
            [
              73.5836846,
              40.449723
            ],
            [
              73.5808092,
              40.4500414
            ],
            [
              73.5805196,
              40.4492087
            ],
            [
              73.5862273,
              40.4465715
            ],
            [
              73.589403,
              40.4451018
            ],
            [
              73.5930508,
              40.443575
            ],
            [
              73.5945314,
              40.439231
            ],
            [
              73.5974282,
              40.4359565
            ],
            [
              73.5991556,
              40.4343886
            ],
            [
              73.6021167,
              40.4331391
            ],
            [
              73.6014944,
              40.4318182
            ]
          ]
        ]
      },
      "id": "way/441872994"
    },
    {
      "type": "Feature",
      "properties": {
        "@id": "way/441872995",
        "addr:country": "KG",
        "addr:region": "Ошская область",
        "landuse": "residential",
        "name": "Сары-Булак",
        "place": "village"
      },
      "geometry": {
        "type": "Polygon",
        "coordinates": [
          [
            [
              73.6271873,
              40.4841679
            ],
            [
              73.6314789,
              40.4821605
            ],
            [
              73.6401263,
              40.477313
            ],
            [
              73.6457697,
              40.4766764
            ],
            [
              73.6468855,
              40.4779495
            ],
            [
              73.6370578,
              40.4825032
            ],
            [
              73.6340967,
              40.4847065
            ],
            [
              73.6352983,
              40.4866159
            ],
            [
              73.6329165,
              40.4874482
            ],
            [
              73.6303416,
              40.4877256
            ],
            [
              73.6277667,
              40.4889659
            ],
            [
              73.6284533,
              40.4912342
            ],
            [
              73.6297193,
              40.4917075
            ],
            [
              73.6303845,
              40.4928824
            ],
            [
              73.6281529,
              40.4939594
            ],
            [
              73.6280107,
              40.4947671
            ],
            [
              73.6242986,
              40.4946611
            ],
            [
              73.623797,
              40.491838
            ],
            [
              73.6240116,
              40.4865669
            ],
            [
              73.6247411,
              40.4850981
            ],
            [
              73.6271873,
              40.4841679
            ]
          ]
        ]
      },
      "id": "way/441872995"
    },
    {
      "type": "Feature",
      "properties": {
        "@id": "way/442204481",
        "landuse": "residential",
        "name": "Ак-Кыя",
        "place": "village"
      },
      "geometry": {
        "type": "Polygon",
        "coordinates": [
          [
            [
              73.5922466,
              40.6415645
            ],
            [
              73.5937701,
              40.6414017
            ],
            [
              73.5941456,
              40.6420936
            ],
            [
              73.5908626,
              40.6432659
            ],
            [
              73.5963235,
              40.647149
            ],
            [
              73.5978685,
              40.6500225
            ],
            [
              73.5990701,
              40.6532784
            ],
            [
              73.6028145,
              40.65699
            ],
            [
              73.6084149,
              40.6613849
            ],
            [
              73.6127816,
              40.6651774
            ],
            [
              73.6220728,
              40.6684407
            ],
            [
              73.6231027,
              40.6670573
            ],
            [
              73.6244653,
              40.6673421
            ],
            [
              73.6242078,
              40.6694824
            ],
            [
              73.6272333,
              40.6711343
            ],
            [
              73.6373721,
              40.677351
            ],
            [
              73.6427258,
              40.6773591
            ],
            [
              73.6524032,
              40.6807276
            ],
            [
              73.6589478,
              40.684519
            ],
            [
              73.6614798,
              40.6880987
            ],
            [
              73.6596773,
              40.6886356
            ],
            [
              73.6577247,
              40.6862845
            ],
            [
              73.6535082,
              40.6851048
            ],
            [
              73.6442493,
              40.6810205
            ],
            [
              73.6375974,
              40.6806381
            ],
            [
              73.6369858,
              40.6851617
            ],
            [
              73.6349366,
              40.6852024
            ],
            [
              73.6342714,
              40.6798489
            ],
            [
              73.6259995,
              40.675032
            ],
            [
              73.6258708,
              40.6736324
            ],
            [
              73.6205278,
              40.6708495
            ],
            [
              73.6194549,
              40.6725176
            ],
            [
              73.618543,
              40.6724851
            ],
            [
              73.6182855,
              40.6702961
            ],
            [
              73.6147879,
              40.6695963
            ],
            [
              73.6134897,
              40.6686523
            ],
            [
              73.6113976,
              40.6688965
            ],
            [
              73.6107431,
              40.668514
            ],
            [
              73.611183,
              40.6676514
            ],
            [
              73.6063872,
              40.6657145
            ],
            [
              73.6060868,
              40.6641846
            ],
            [
              73.5991023,
              40.6600583
            ],
            [
              73.596624,
              40.6569004
            ],
            [
              73.5958515,
              40.6555574
            ],
            [
              73.5944889,
              40.6516586
            ],
            [
              73.5950039,
              40.651333
            ],
            [
              73.593062,
              40.6498678
            ],
            [
              73.5918603,
              40.6501853
            ],
            [
              73.5890816,
              40.6476456
            ],
            [
              73.5881482,
              40.6479956
            ],
            [
              73.5874508,
              40.6473118
            ],
            [
              73.5886417,
              40.6464082
            ],
            [
              73.587204,
              40.6447394
            ],
            [
              73.5835562,
              40.6436974
            ],
            [
              73.5796617,
              40.6440312
            ],
            [
              73.5711291,
              40.6450385
            ],
            [
              73.5674921,
              40.6458037
            ],
            [
              73.5669127,
              40.6452095
            ],
            [
              73.5685542,
              40.6443547
            ],
            [
              73.5733178,
              40.6436546
            ],
            [
              73.5795651,
              40.642924
            ],
            [
              73.5818503,
              40.6427531
            ],
            [
              73.5830842,
              40.6428996
            ],
            [
              73.5883842,
              40.6423135
            ],
            [
              73.5922466,
              40.6415645
            ]
          ]
        ]
      },
      "id": "way/442204481"
    },
    {
      "type": "Feature",
      "properties": {
        "@id": "way/443361955",
        "landuse": "residential",
        "name": "Сары-Таш",
        "place": "hamlet"
      },
      "geometry": {
        "type": "Polygon",
        "coordinates": [
          [
            [
              73.5430894,
              40.5979427
            ],
            [
              73.550385,
              40.5948633
            ],
            [
              73.5538289,
              40.5959224
            ],
            [
              73.5565004,
              40.5963541
            ],
            [
              73.5570369,
              40.5980242
            ],
            [
              73.5588822,
              40.598684
            ],
            [
              73.561661,
              40.6010708
            ],
            [
              73.5635385,
              40.6007368
            ],
            [
              73.5667035,
              40.601413
            ],
            [
              73.5700724,
              40.6016573
            ],
            [
              73.5703513,
              40.6021542
            ],
            [
              73.568624,
              40.6027326
            ],
            [
              73.5675082,
              40.603425
            ],
            [
              73.5653517,
              40.6031725
            ],
            [
              73.5629699,
              40.601918
            ],
            [
              73.5599229,
              40.6021054
            ],
            [
              73.5573265,
              40.5998489
            ],
            [
              73.5539791,
              40.5989528
            ],
            [
              73.5539469,
              40.5985537
            ],
            [
              73.5437546,
              40.5995638
            ],
            [
              73.5430894,
              40.5979427
            ]
          ]
        ]
      },
      "id": "way/443361955"
    },
    {
      "type": "Feature",
      "properties": {
        "@id": "way/443361960",
        "landuse": "residential",
        "name": "Жаны-Талаа",
        "place": "village"
      },
      "geometry": {
        "type": "Polygon",
        "coordinates": [
          [
            [
              73.4963814,
              40.6184154
            ],
            [
              73.5056726,
              40.6149786
            ],
            [
              73.5090951,
              40.6167703
            ],
            [
              73.5083977,
              40.6174056
            ],
            [
              73.5064558,
              40.6182118
            ],
            [
              73.5048679,
              40.6171613
            ],
            [
              73.5041383,
              40.6173323
            ],
            [
              73.4969178,
              40.6193357
            ],
            [
              73.4963814,
              40.6184154
            ]
          ]
        ]
      },
      "id": "way/443361960"
    },
    {
      "type": "Feature",
      "properties": {
        "@id": "way/443368120",
        "landuse": "residential",
        "name": "Кара-Жыгач",
        "place": "village"
      },
      "geometry": {
        "type": "Polygon",
        "coordinates": [
          [
            [
              73.5405829,
              40.4896938
            ],
            [
              73.5441663,
              40.4860301
            ],
            [
              73.546591,
              40.4855324
            ],
            [
              73.5486617,
              40.485516
            ],
            [
              73.5533931,
              40.4828477
            ],
            [
              73.5541656,
              40.4833454
            ],
            [
              73.5534253,
              40.4849775
            ],
            [
              73.5525026,
              40.4861036
            ],
            [
              73.5502174,
              40.4868053
            ],
            [
              73.5473742,
              40.4882659
            ],
            [
              73.546194,
              40.4901916
            ],
            [
              73.5418274,
              40.4910973
            ],
            [
              73.5405829,
              40.4896938
            ]
          ]
        ]
      },
      "id": "way/443368120"
    },
    {
      "type": "Feature",
      "properties": {
        "@id": "way/443368121",
        "landuse": "residential",
        "name": "Насирдин",
        "place": "hamlet"
      },
      "geometry": {
        "type": "Polygon",
        "coordinates": [
          [
            [
              73.5267212,
              40.5361952
            ],
            [
              73.5263671,
              40.5389593
            ],
            [
              73.5253801,
              40.5400681
            ],
            [
              73.5279014,
              40.5419026
            ],
            [
              73.5276224,
              40.5431908
            ],
            [
              73.5250797,
              40.5439572
            ],
            [
              73.5239102,
              40.5452127
            ],
            [
              73.5241999,
              40.5474466
            ],
            [
              73.5229983,
              40.5509602
            ],
            [
              73.5217323,
              40.5521341
            ],
            [
              73.5191574,
              40.5503977
            ],
            [
              73.5197904,
              40.5487102
            ],
            [
              73.5227193,
              40.542612
            ],
            [
              73.5228266,
              40.5400274
            ],
            [
              73.524039,
              40.5381358
            ],
            [
              73.5241073,
              40.5361384
            ],
            [
              73.5238498,
              40.5347807
            ],
            [
              73.5252821,
              40.5340102
            ],
            [
              73.5257918,
              40.5339572
            ],
            [
              73.5261029,
              40.5348867
            ],
            [
              73.5267212,
              40.5361952
            ]
          ]
        ]
      },
      "id": "way/443368121"
    },
    {
      "type": "Feature",
      "properties": {
        "@id": "way/443368124",
        "landuse": "residential",
        "name": "Кара-Жыгач",
        "place": "village"
      },
      "geometry": {
        "type": "Polygon",
        "coordinates": [
          [
            [
              73.5193076,
              40.5099142
            ],
            [
              73.5188677,
              40.5091311
            ],
            [
              73.5195114,
              40.5062516
            ],
            [
              73.517827,
              40.5036329
            ],
            [
              73.5146083,
              40.5024745
            ],
            [
              73.5093619,
              40.5034127
            ],
            [
              73.5055103,
              40.5007368
            ],
            [
              73.5058429,
              40.4994071
            ],
            [
              73.5030856,
              40.4975143
            ],
            [
              73.5038795,
              40.4946424
            ],
            [
              73.5082247,
              40.4961926
            ],
            [
              73.5100808,
              40.4978569
            ],
            [
              73.5108854,
              40.4975061
            ],
            [
              73.5105421,
              40.4963639
            ],
            [
              73.5112824,
              40.4958418
            ],
            [
              73.5122909,
              40.4970166
            ],
            [
              73.5129454,
              40.4984525
            ],
            [
              73.5153808,
              40.5002229
            ],
            [
              73.5202624,
              40.5021564
            ],
            [
              73.5234489,
              40.5000597
            ],
            [
              73.5227837,
              40.4962497
            ],
            [
              73.5201981,
              40.4926516
            ],
            [
              73.5192754,
              40.4897306
            ],
            [
              73.5205628,
              40.4891349
            ],
            [
              73.5235562,
              40.4918846
            ],
            [
              73.5261848,
              40.494414
            ],
            [
              73.5274293,
              40.4941529
            ],
            [
              73.5309484,
              40.4898856
            ],
            [
              73.533298,
              40.4891104
            ],
            [
              73.5342099,
              40.4899509
            ],
            [
              73.5386517,
              40.4906036
            ],
            [
              73.539231,
              40.4929861
            ],
            [
              73.5382547,
              40.4933533
            ],
            [
              73.5351004,
              40.4926271
            ],
            [
              73.5323217,
              40.4932635
            ],
            [
              73.5315063,
              40.4938918
            ],
            [
              73.528234,
              40.4969595
            ],
            [
              73.5282983,
              40.4998639
            ],
            [
              73.5275151,
              40.5019524
            ],
            [
              73.5267641,
              40.5040898
            ],
            [
              73.5250046,
              40.5067002
            ],
            [
              73.5242321,
              40.5074425
            ],
            [
              73.5238351,
              40.5094084
            ],
            [
              73.5253479,
              40.5090087
            ],
            [
              73.5281374,
              40.5076628
            ],
            [
              73.5293927,
              40.5081033
            ],
            [
              73.5289099,
              40.5090821
            ],
            [
              73.5301008,
              40.5095716
            ],
            [
              73.5327401,
              40.5106075
            ],
            [
              73.5334482,
              40.5121492
            ],
            [
              73.5305621,
              40.5126467
            ],
            [
              73.5290708,
              40.5106891
            ],
            [
              73.5271396,
              40.5106809
            ],
            [
              73.5250582,
              40.5121818
            ],
            [
              73.5234382,
              40.5121002
            ],
            [
              73.5229125,
              40.5111377
            ],
            [
              73.5203483,
              40.5108114
            ],
            [
              73.5193076,
              40.5099142
            ]
          ]
        ]
      },
      "id": "way/443368124"
    },
    {
      "type": "Feature",
      "properties": {
        "@id": "way/443463344",
        "landuse": "residential",
        "name": "Буйга",
        "place": "hamlet"
      },
      "geometry": {
        "type": "Polygon",
        "coordinates": [
          [
            [
              73.7540907,
              40.4658192
            ],
            [
              73.7560648,
              40.4658029
            ],
            [
              73.7579531,
              40.4733609
            ],
            [
              73.7626523,
              40.4767233
            ],
            [
              73.7666005,
              40.4793675
            ],
            [
              73.7661714,
              40.4810159
            ],
            [
              73.7614936,
              40.4806242
            ],
            [
              73.7593478,
              40.4848676
            ],
            [
              73.7533397,
              40.4839373
            ],
            [
              73.7540478,
              40.4733445
            ],
            [
              73.752653,
              40.467468
            ],
            [
              73.7540907,
              40.4658192
            ]
          ]
        ]
      },
      "id": "way/443463344"
    },
    {
      "type": "Feature",
      "properties": {
        "@id": "way/443463347",
        "landuse": "residential",
        "name": "Терек-Суу",
        "place": "village"
      },
      "geometry": {
        "type": "Polygon",
        "coordinates": [
          [
            [
              73.8206417,
              40.5299819
            ],
            [
              73.8215,
              40.5294437
            ],
            [
              73.825931,
              40.5292235
            ],
            [
              73.8305122,
              40.5312948
            ],
            [
              73.8313061,
              40.5319879
            ],
            [
              73.8314993,
              40.5340265
            ],
            [
              73.8298363,
              40.5347522
            ],
            [
              73.8266927,
              40.5349561
            ],
            [
              73.8261777,
              40.5368559
            ],
            [
              73.8247615,
              40.5367662
            ],
            [
              73.8254267,
              40.5332355
            ],
            [
              73.8203627,
              40.5326566
            ],
            [
              73.8206417,
              40.5299819
            ]
          ]
        ]
      },
      "id": "way/443463347"
    },
    {
      "type": "Feature",
      "properties": {
        "@id": "way/443463349",
        "landuse": "residential",
        "name": "Буйга",
        "place": "hamlet"
      },
      "geometry": {
        "type": "Polygon",
        "coordinates": [
          [
            [
              73.7841904,
              40.5095311
            ],
            [
              73.7860144,
              40.511032
            ],
            [
              73.7869048,
              40.5131446
            ],
            [
              73.7892974,
              40.5127857
            ],
            [
              73.7907029,
              40.5140989
            ],
            [
              73.7949944,
              40.5123697
            ],
            [
              73.795799,
              40.5138297
            ],
            [
              73.7929023,
              40.5148004
            ],
            [
              73.7927842,
              40.5180792
            ],
            [
              73.7914646,
              40.5188214
            ],
            [
              73.7856925,
              40.518487
            ],
            [
              73.7831927,
              40.5165866
            ],
            [
              73.7807787,
              40.5130304
            ],
            [
              73.7817979,
              40.5099716
            ],
            [
              73.7841904,
              40.5095311
            ]
          ]
        ]
      },
      "id": "way/443463349"
    },
    {
      "type": "Feature",
      "properties": {
        "@id": "way/443463350",
        "landuse": "residential",
        "name": "Буйга",
        "place": "hamlet"
      },
      "geometry": {
        "type": "Polygon",
        "coordinates": [
          [
            [
              73.7935889,
              40.4883641
            ],
            [
              73.7953806,
              40.4889924
            ],
            [
              73.7950051,
              40.490404
            ],
            [
              73.7961316,
              40.4929579
            ],
            [
              73.794812,
              40.4935127
            ],
            [
              73.7913359,
              40.4925009
            ],
            [
              73.7900162,
              40.4931618
            ],
            [
              73.788879,
              40.495479
            ],
            [
              73.7859071,
              40.4962704
            ],
            [
              73.7855637,
              40.4978287
            ],
            [
              73.7841261,
              40.4978042
            ],
            [
              73.7840724,
              40.4965723
            ],
            [
              73.7773347,
              40.4964988
            ],
            [
              73.7767983,
              40.4940349
            ],
            [
              73.7725282,
              40.4929742
            ],
            [
              73.7694812,
              40.4904122
            ],
            [
              73.7675071,
              40.4873523
            ],
            [
              73.7680436,
              40.4850512
            ],
            [
              73.7699747,
              40.4837619
            ],
            [
              73.7731827,
              40.4857285
            ],
            [
              73.7761653,
              40.4905917
            ],
            [
              73.7813473,
              40.4934556
            ],
            [
              73.784802,
              40.4939614
            ],
            [
              73.78963,
              40.4909915
            ],
            [
              73.7935889,
              40.4883641
            ]
          ]
        ]
      },
      "id": "way/443463350"
    },
    {
      "type": "Feature",
      "properties": {
        "@id": "way/443463357",
        "landuse": "residential",
        "name": "Токбай-Талаа",
        "place": "hamlet"
      },
      "geometry": {
        "type": "Polygon",
        "coordinates": [
          [
            [
              73.7521783,
              40.5422025
            ],
            [
              73.7558905,
              40.5394467
            ],
            [
              73.7575856,
              40.5434173
            ],
            [
              73.7540558,
              40.5442489
            ],
            [
              73.7521783,
              40.5422025
            ]
          ]
        ]
      },
      "id": "way/443463357"
    },
    {
      "type": "Feature",
      "properties": {
        "@id": "way/443463361",
        "landuse": "residential",
        "name": "Ничке-Суу",
        "place": "village"
      },
      "geometry": {
        "type": "Polygon",
        "coordinates": [
          [
            [
              73.7957079,
              40.531727
            ],
            [
              73.7973601,
              40.5324201
            ],
            [
              73.7987656,
              40.536595
            ],
            [
              73.7940127,
              40.5380056
            ],
            [
              73.7911374,
              40.5339857
            ],
            [
              73.7957079,
              40.531727
            ]
          ]
        ]
      },
      "id": "way/443463361"
    },
    {
      "type": "Feature",
      "properties": {
        "@id": "way/443463367",
        "landuse": "residential",
        "name": "Кара-Таш",
        "place": "hamlet"
      },
      "geometry": {
        "type": "Polygon",
        "coordinates": [
          [
            [
              73.9703867,
              40.5481255
            ],
            [
              73.9740023,
              40.5477913
            ],
            [
              73.9787123,
              40.5487288
            ],
            [
              73.9790449,
              40.5497478
            ],
            [
              73.9761374,
              40.550987
            ],
            [
              73.9743135,
              40.5513457
            ],
            [
              73.9703653,
              40.5510929
            ],
            [
              73.9703867,
              40.5481255
            ]
          ]
        ]
      },
      "id": "way/443463367"
    },
    {
      "type": "Feature",
      "properties": {
        "@id": "way/443467418",
        "landuse": "residential",
        "place": "hamlet"
      },
      "geometry": {
        "type": "Polygon",
        "coordinates": [
          [
            [
              74.2402035,
              40.3088217
            ],
            [
              74.2408147,
              40.3076652
            ],
            [
              74.2427265,
              40.30632
            ],
            [
              74.2433867,
              40.3060575
            ],
            [
              74.2440936,
              40.3057523
            ],
            [
              74.2449514,
              40.304517
            ],
            [
              74.2476585,
              40.3020281
            ],
            [
              74.2518768,
              40.2992664
            ],
            [
              74.2522842,
              40.2993469
            ],
            [
              74.2529923,
              40.2998133
            ],
            [
              74.2515332,
              40.3017525
            ],
            [
              74.2497294,
              40.3030094
            ],
            [
              74.2463377,
              40.3052973
            ],
            [
              74.2439747,
              40.3071238
            ],
            [
              74.2439264,
              40.3084534
            ],
            [
              74.2408258,
              40.3093453
            ],
            [
              74.2402035,
              40.3088217
            ]
          ]
        ]
      },
      "id": "way/443467418"
    },
    {
      "type": "Feature",
      "properties": {
        "@id": "way/443467420",
        "landuse": "residential",
        "name": "Кек-Арт",
        "place": "village"
      },
      "geometry": {
        "type": "Polygon",
        "coordinates": [
          [
            [
              74.4210005,
              40.2764644
            ],
            [
              74.4255817,
              40.2759569
            ],
            [
              74.430592,
              40.2756704
            ],
            [
              74.430871,
              40.2765544
            ],
            [
              74.4283283,
              40.2773484
            ],
            [
              74.4251525,
              40.2778068
            ],
            [
              74.420861,
              40.2771192
            ],
            [
              74.4210005,
              40.2764644
            ]
          ]
        ]
      },
      "id": "way/443467420"
    },
    {
      "type": "Feature",
      "properties": {
        "@id": "way/443467421",
        "landuse": "residential",
        "name": "Ачык-Таш",
        "name:en": "Achyk-Tash",
        "place": "hamlet"
      },
      "geometry": {
        "type": "Polygon",
        "coordinates": [
          [
            [
              74.3032032,
              40.275433
            ],
            [
              74.3103057,
              40.2642179
            ],
            [
              74.3120317,
              40.2597642
            ],
            [
              74.3148165,
              40.2590273
            ],
            [
              74.3165928,
              40.2597642
            ],
            [
              74.3163085,
              40.2616483
            ],
            [
              74.3147501,
              40.2654394
            ],
            [
              74.3151082,
              40.2657303
            ],
            [
              74.3158022,
              40.2657447
            ],
            [
              74.3183379,
              40.2645403
            ],
            [
              74.3197149,
              40.2640563
            ],
            [
              74.3213564,
              40.261242
            ],
            [
              74.3240815,
              40.2609841
            ],
            [
              74.3254977,
              40.261418
            ],
            [
              74.3279439,
              40.2622204
            ],
            [
              74.3269139,
              40.2634729
            ],
            [
              74.3249398,
              40.2643162
            ],
            [
              74.3198758,
              40.2669686
            ],
            [
              74.3153268,
              40.2692445
            ],
            [
              74.3134385,
              40.2698667
            ],
            [
              74.3100455,
              40.2720133
            ],
            [
              74.3060088,
              40.2749786
            ],
            [
              74.3057271,
              40.2760284
            ],
            [
              74.3056172,
              40.2772092
            ],
            [
              74.3049895,
              40.2770742
            ],
            [
              74.3041393,
              40.276008
            ],
            [
              74.3032032,
              40.275433
            ]
          ]
        ]
      },
      "id": "way/443467421"
    },
    {
      "type": "Feature",
      "properties": {
        "@id": "way/444236200",
        "landuse": "residential",
        "name": "Ынтымак",
        "place": "village"
      },
      "geometry": {
        "type": "Polygon",
        "coordinates": [
          [
            [
              73.4174051,
              40.7129027
            ],
            [
              73.4146327,
              40.7126059
            ],
            [
              73.4089679,
              40.7151594
            ],
            [
              73.4058895,
              40.7133524
            ],
            [
              73.412595,
              40.7072042
            ],
            [
              73.4147644,
              40.7085314
            ],
            [
              73.4162772,
              40.7075555
            ],
            [
              73.4182634,
              40.7074375
            ],
            [
              73.418596,
              40.707836
            ],
            [
              73.4182191,
              40.7091658
            ],
            [
              73.4202361,
              40.709727
            ],
            [
              73.4241715,
              40.7089608
            ],
            [
              73.4206116,
              40.7121993
            ],
            [
              73.4180015,
              40.7133622
            ],
            [
              73.4174051,
              40.7129027
            ]
          ]
        ]
      },
      "id": "way/444236200"
    },
    {
      "type": "Feature",
      "properties": {
        "@id": "way/444247290",
        "addr:country": "KG",
        "addr:region": "Ошская область",
        "is_in": "Kyrgyzstan",
        "landuse": "residential",
        "name": "Кара-Кочкор",
        "name:en": "Kara-Kochkor",
        "name:ky": "Кара-Кочкор",
        "name:ru": "Кара-Кочкор",
        "place": "village"
      },
      "geometry": {
        "type": "Polygon",
        "coordinates": [
          [
            [
              73.5135475,
              40.6584061
            ],
            [
              73.5155108,
              40.6579401
            ],
            [
              73.5179141,
              40.6604713
            ],
            [
              73.5190621,
              40.6621173
            ],
            [
              73.5131028,
              40.6639224
            ],
            [
              73.505893,
              40.6665103
            ],
            [
              73.5008124,
              40.6693358
            ],
            [
              73.4927609,
              40.6724833
            ],
            [
              73.4876481,
              40.6735184
            ],
            [
              73.4862962,
              40.6713621
            ],
            [
              73.4848264,
              40.6701252
            ],
            [
              73.4826972,
              40.6671695
            ],
            [
              73.4888771,
              40.6654035
            ],
            [
              73.4993806,
              40.6615948
            ],
            [
              73.5072341,
              40.6591043
            ],
            [
              73.5120669,
              40.6578445
            ],
            [
              73.5135475,
              40.6584061
            ]
          ]
        ]
      },
      "id": "way/444247290"
    },
    {
      "type": "Feature",
      "properties": {
        "@id": "way/445423467",
        "landuse": "residential",
        "name": "Алтын-Кюрек",
        "place": "hamlet"
      },
      "geometry": {
        "type": "Polygon",
        "coordinates": [
          [
            [
              73.5256054,
              40.5337327
            ],
            [
              73.5238781,
              40.5344665
            ],
            [
              73.5224189,
              40.533594
            ],
            [
              73.5189964,
              40.5321996
            ],
            [
              73.5177197,
              40.5312211
            ],
            [
              73.518814,
              40.5301366
            ],
            [
              73.5181167,
              40.5285953
            ],
            [
              73.5134925,
              40.5267768
            ],
            [
              73.5105421,
              40.5252192
            ],
            [
              73.5116472,
              40.5229357
            ],
            [
              73.5142328,
              40.5229438
            ],
            [
              73.5163893,
              40.5248359
            ],
            [
              73.5204556,
              40.5260428
            ],
            [
              73.5209813,
              40.5286198
            ],
            [
              73.5218181,
              40.5312374
            ],
            [
              73.5256054,
              40.5337327
            ]
          ]
        ]
      },
      "id": "way/445423467"
    },
    {
      "type": "Feature",
      "properties": {
        "@id": "way/445426466",
        "landuse": "residential",
        "name": "Жылкол",
        "place": "hamlet"
      },
      "geometry": {
        "type": "Polygon",
        "coordinates": [
          [
            [
              73.6661625,
              40.5904252
            ],
            [
              73.6704111,
              40.5889424
            ],
            [
              73.6747241,
              40.5889913
            ],
            [
              73.6793804,
              40.5886002
            ],
            [
              73.6839724,
              40.5802078
            ],
            [
              73.6866116,
              40.5811041
            ],
            [
              73.6857104,
              40.5838419
            ],
            [
              73.6869335,
              40.5860093
            ],
            [
              73.6936927,
              40.587427
            ],
            [
              73.6956453,
              40.5926087
            ],
            [
              73.6960101,
              40.596568
            ],
            [
              73.6928129,
              40.5963399
            ],
            [
              73.6924911,
              40.5933908
            ],
            [
              73.6898088,
              40.5907837
            ],
            [
              73.6848521,
              40.5899201
            ],
            [
              73.6822343,
              40.5903438
            ],
            [
              73.6834574,
              40.5950853
            ],
            [
              73.6853886,
              40.598963
            ],
            [
              73.6822343,
              40.6000872
            ],
            [
              73.6779427,
              40.5990119
            ],
            [
              73.6763978,
              40.5984905
            ],
            [
              73.677063,
              40.5962584
            ],
            [
              73.6791229,
              40.5951342
            ],
            [
              73.6777282,
              40.591908
            ],
            [
              73.6678362,
              40.5935863
            ],
            [
              73.6661625,
              40.5904252
            ]
          ]
        ]
      },
      "id": "way/445426466"
    },
    {
      "type": "Feature",
      "properties": {
        "@id": "way/445430984",
        "landuse": "residential",
        "name": "Кара-Таш",
        "place": "hamlet"
      },
      "geometry": {
        "type": "Polygon",
        "coordinates": [
          [
            [
              73.9314222,
              40.5492811
            ],
            [
              73.9360946,
              40.5485148
            ],
            [
              73.9378864,
              40.5490121
            ],
            [
              73.9380151,
              40.5506425
            ],
            [
              73.9331657,
              40.5508056
            ],
            [
              73.9330798,
              40.5521344
            ],
            [
              73.9316958,
              40.5528354
            ],
            [
              73.9325005,
              40.5542783
            ],
            [
              73.9343995,
              40.5578731
            ],
            [
              73.9339274,
              40.5582154
            ],
            [
              73.9325649,
              40.5568745
            ],
            [
              73.9313203,
              40.5548611
            ],
            [
              73.9302152,
              40.5522892
            ],
            [
              73.9301723,
              40.5512866
            ],
            [
              73.9314222,
              40.5492811
            ]
          ]
        ]
      },
      "id": "way/445430984"
    },
    {
      "type": "Feature",
      "properties": {
        "@id": "way/445438764",
        "landuse": "residential",
        "name": "Куйоташ",
        "place": "village"
      },
      "geometry": {
        "type": "Polygon",
        "coordinates": [
          [
            [
              74.2715531,
              40.3438784
            ],
            [
              74.2741436,
              40.3461078
            ],
            [
              74.276133,
              40.3478197
            ],
            [
              74.2720775,
              40.3501746
            ],
            [
              74.2683045,
              40.345917
            ],
            [
              74.2658025,
              40.3430934
            ],
            [
              74.2639869,
              40.3402396
            ],
            [
              74.2621306,
              40.3373216
            ],
            [
              74.2599445,
              40.3338851
            ],
            [
              74.2456323,
              40.3265241
            ],
            [
              74.2401056,
              40.320193
            ],
            [
              74.2422513,
              40.3180662
            ],
            [
              74.2467052,
              40.3216818
            ],
            [
              74.2591935,
              40.3293704
            ],
            [
              74.2640215,
              40.3335089
            ],
            [
              74.2648426,
              40.3346395
            ],
            [
              74.2663102,
              40.3366601
            ],
            [
              74.2682553,
              40.3393382
            ],
            [
              74.2701777,
              40.3419848
            ],
            [
              74.2715531,
              40.3438784
            ]
          ]
        ]
      },
      "id": "way/445438764"
    },
    {
      "type": "Feature",
      "properties": {
        "@id": "way/446477706",
        "landuse": "residential",
        "name": "Ак-Терек",
        "place": "village"
      },
      "geometry": {
        "type": "Polygon",
        "coordinates": [
          [
            [
              73.3753346,
              40.5677791
            ],
            [
              73.3767884,
              40.5708475
            ],
            [
              73.3745139,
              40.5748733
            ],
            [
              73.3758442,
              40.5781003
            ],
            [
              73.3796852,
              40.5832338
            ],
            [
              73.3856289,
              40.5867374
            ],
            [
              73.3771746,
              40.5938419
            ],
            [
              73.3649223,
              40.5978663
            ],
            [
              73.3585279,
              40.5984691
            ],
            [
              73.3571331,
              40.593239
            ],
            [
              73.3620899,
              40.5858901
            ],
            [
              73.3697502,
              40.5861019
            ],
            [
              73.3668159,
              40.5801008
            ],
            [
              73.3625029,
              40.5766294
            ],
            [
              73.3551215,
              40.5736143
            ],
            [
              73.3513878,
              40.5709738
            ],
            [
              73.3531688,
              40.5687408
            ],
            [
              73.3619236,
              40.5714139
            ],
            [
              73.3613657,
              40.5654156
            ],
            [
              73.3655499,
              40.563329
            ],
            [
              73.3709572,
              40.5654156
            ],
            [
              73.3753346,
              40.5677791
            ]
          ]
        ]
      },
      "id": "way/446477706"
    },
    {
      "type": "Feature",
      "properties": {
        "@id": "way/446629235",
        "landuse": "residential",
        "name": "Кара-Булак",
        "place": "village"
      },
      "geometry": {
        "type": "Polygon",
        "coordinates": [
          [
            [
              73.6025995,
              40.429162
            ],
            [
              73.6032969,
              40.4306585
            ],
            [
              73.6021382,
              40.4309934
            ],
            [
              73.6008829,
              40.430583
            ],
            [
              73.6001211,
              40.4286556
            ],
            [
              73.5969883,
              40.4280758
            ],
            [
              73.5903472,
              40.4275204
            ],
            [
              73.5853797,
              40.4286638
            ],
            [
              73.581968,
              40.4264015
            ],
            [
              73.5788995,
              40.4257073
            ],
            [
              73.5761529,
              40.4258788
            ],
            [
              73.5711211,
              40.4246374
            ],
            [
              73.5675269,
              40.4229222
            ],
            [
              73.5678274,
              40.4214193
            ],
            [
              73.5710567,
              40.422816
            ],
            [
              73.5723013,
              40.4226445
            ],
            [
              73.5753268,
              40.4240656
            ],
            [
              73.5774297,
              40.4238533
            ],
            [
              73.5802513,
              40.4235838
            ],
            [
              73.5792106,
              40.4205372
            ],
            [
              73.5760564,
              40.4174496
            ],
            [
              73.5746294,
              40.4140679
            ],
            [
              73.5767537,
              40.4128997
            ],
            [
              73.5826653,
              40.4192548
            ],
            [
              73.5857767,
              40.4226445
            ],
            [
              73.5890168,
              40.4254378
            ],
            [
              73.5922247,
              40.4256665
            ],
            [
              73.5983831,
              40.426867
            ],
            [
              73.5998529,
              40.4270385
            ],
            [
              73.6014193,
              40.4277981
            ],
            [
              73.6025995,
              40.429162
            ]
          ]
        ]
      },
      "id": "way/446629235"
    },
    {
      "type": "Feature",
      "properties": {
        "@id": "way/446629238",
        "landuse": "residential",
        "name": "Сары-Кюнгей",
        "place": "village"
      },
      "geometry": {
        "type": "Polygon",
        "coordinates": [
          [
            [
              73.6236683,
              40.4951506
            ],
            [
              73.6243308,
              40.4947835
            ],
            [
              73.628389,
              40.4948895
            ],
            [
              73.6303845,
              40.4959339
            ],
            [
              73.6298481,
              40.497125
            ],
            [
              73.6278096,
              40.4972882
            ],
            [
              73.6270586,
              40.5001926
            ],
            [
              73.6253634,
              40.5017426
            ],
            [
              73.6219087,
              40.5062947
            ],
            [
              73.6204711,
              40.5072573
            ],
            [
              73.6201277,
              40.5094434
            ],
            [
              73.6203638,
              40.5116784
            ],
            [
              73.6216512,
              40.5135219
            ],
            [
              73.6202994,
              40.5147943
            ],
            [
              73.617231,
              40.5123799
            ],
            [
              73.6161795,
              40.510667
            ],
            [
              73.6136261,
              40.5099165
            ],
            [
              73.6120167,
              40.5102754
            ],
            [
              73.6101714,
              40.5126409
            ],
            [
              73.6085191,
              40.5121352
            ],
            [
              73.60912,
              40.5104386
            ],
            [
              73.6061803,
              40.5096229
            ],
            [
              73.6000648,
              40.5085135
            ],
            [
              73.6001507,
              40.50605
            ],
            [
              73.6059442,
              40.505691
            ],
            [
              73.6102787,
              40.5070941
            ],
            [
              73.6154714,
              40.5063273
            ],
            [
              73.620235,
              40.5017263
            ],
            [
              73.6236683,
              40.4951506
            ]
          ]
        ]
      },
      "id": "way/446629238"
    },
    {
      "type": "Feature",
      "properties": {
        "@id": "way/446629240",
        "addr:country": "KG",
        "addr:region": "Ошская область",
        "landuse": "residential",
        "name": "Тогуз-Булак",
        "place": "village"
      },
      "geometry": {
        "type": "Polygon",
        "coordinates": [
          [
            [
              73.6319724,
              40.4798755
            ],
            [
              73.6309934,
              40.4804467
            ],
            [
              73.6306393,
              40.4824134
            ],
            [
              73.628161,
              40.4834906
            ],
            [
              73.6274663,
              40.4815403
            ],
            [
              73.6274234,
              40.4759256
            ],
            [
              73.6198917,
              40.4764642
            ],
            [
              73.6185399,
              40.4742117
            ],
            [
              73.6203423,
              40.4727916
            ],
            [
              73.619763,
              40.4704247
            ],
            [
              73.6176601,
              40.4658049
            ],
            [
              73.6236039,
              40.4639439
            ],
            [
              73.6262432,
              40.4657396
            ],
            [
              73.6279813,
              40.4685964
            ],
            [
              73.6325303,
              40.4701635
            ],
            [
              73.6333886,
              40.4726121
            ],
            [
              73.6332384,
              40.4787003
            ],
            [
              73.6319724,
              40.4798755
            ]
          ]
        ]
      },
      "id": "way/446629240"
    },
    {
      "type": "Feature",
      "properties": {
        "@id": "way/1484864946",
        "name": "Ара-Булак",
        "place": "hamlet"
      },
      "geometry": {
        "type": "Polygon",
        "coordinates": [
          [
            [
              74.4265605,
              40.3272268
            ],
            [
              74.4278226,
              40.3262771
            ],
            [
              74.4295928,
              40.3272642
            ],
            [
              74.4302321,
              40.327839
            ],
            [
              74.4327235,
              40.3290886
            ],
            [
              74.4328382,
              40.3298758
            ],
            [
              74.4321006,
              40.3304506
            ],
            [
              74.4303796,
              40.3304506
            ],
            [
              74.4283143,
              40.3295259
            ],
            [
              74.4278882,
              40.3288887
            ],
            [
              74.4265605,
              40.3272268
            ]
          ]
        ]
      },
      "id": "way/1484864946"
    },
    {
      "type": "Feature",
      "properties": {
        "@id": "way/1484867244",
        "name": "Чычырганак",
        "place": "hamlet"
      },
      "geometry": {
        "type": "Polygon",
        "coordinates": [
          [
            [
              74.260335,
              40.3356735
            ],
            [
              74.2621734,
              40.3352124
            ],
            [
              74.2648426,
              40.3346395
            ],
            [
              74.2663102,
              40.3366601
            ],
            [
              74.2682553,
              40.3393382
            ],
            [
              74.2701777,
              40.3419848
            ],
            [
              74.2715531,
              40.3438784
            ],
            [
              74.2741436,
              40.3461078
            ],
            [
              74.276133,
              40.3478197
            ],
            [
              74.2744378,
              40.3489538
            ],
            [
              74.2720775,
              40.3501746
            ],
            [
              74.2683045,
              40.345917
            ],
            [
              74.2658025,
              40.3430934
            ],
            [
              74.2657318,
              40.343331
            ],
            [
              74.2639869,
              40.3402396
            ],
            [
              74.2621306,
              40.3373216
            ],
            [
              74.2618532,
              40.3372466
            ],
            [
              74.2605603,
              40.3358995
            ],
            [
              74.260335,
              40.3356735
            ]
          ]
        ]
      },
      "id": "way/1484867244"
    },
    {
      "type": "Feature",
      "properties": {
        "@id": "way/1484877467",
        "name": "Шаркыратма",
        "place": "hamlet"
      },
      "geometry": {
        "type": "Polygon",
        "coordinates": [
          [
            [
              73.648084,
              40.5360659
            ],
            [
              73.6501955,
              40.5359615
            ],
            [
              73.6504873,
              40.5363007
            ],
            [
              73.6519121,
              40.5364051
            ],
            [
              73.6525987,
              40.5370834
            ],
            [
              73.6536802,
              40.5374226
            ],
            [
              73.6549848,
              40.5383228
            ],
            [
              73.6549677,
              40.5388968
            ],
            [
              73.6536287,
              40.5382967
            ],
            [
              73.6524614,
              40.5383619
            ],
            [
              73.6517061,
              40.5381924
            ],
            [
              73.6512083,
              40.5391838
            ],
            [
              73.6518778,
              40.5406449
            ],
            [
              73.6502813,
              40.5403057
            ],
            [
              73.6495603,
              40.5394447
            ],
            [
              73.6487535,
              40.5391577
            ],
            [
              73.6480154,
              40.5393926
            ],
            [
              73.6484445,
              40.5398361
            ],
            [
              73.6476034,
              40.5399144
            ],
            [
              73.6469854,
              40.5403579
            ],
            [
              73.6456121,
              40.5401753
            ],
            [
              73.644153,
              40.5413885
            ],
            [
              73.6461614,
              40.5425886
            ],
            [
              73.6447366,
              40.5437757
            ],
            [
              73.6426424,
              40.5423669
            ],
            [
              73.6415781,
              40.543554
            ],
            [
              73.643329,
              40.5443758
            ],
            [
              73.6426767,
              40.545041
            ],
            [
              73.6411661,
              40.544441
            ],
            [
              73.6405996,
              40.5442975
            ],
            [
              73.639192,
              40.5443106
            ],
            [
              73.6392263,
              40.545015
            ],
            [
              73.6392263,
              40.5452498
            ],
            [
              73.6408399,
              40.545328
            ],
            [
              73.6408228,
              40.5463977
            ],
            [
              73.639089,
              40.5466977
            ],
            [
              73.6393808,
              40.5472064
            ],
            [
              73.6409773,
              40.5469846
            ],
            [
              73.6411317,
              40.547676
            ],
            [
              73.6399644,
              40.5479108
            ],
            [
              73.6405481,
              40.5487325
            ],
            [
              73.6410802,
              40.5487195
            ],
            [
              73.6410287,
              40.5493586
            ],
            [
              73.6406168,
              40.5492804
            ],
            [
              73.6407026,
              40.5494369
            ],
            [
              73.649217,
              40.548876
            ],
            [
              73.6492513,
              40.5493717
            ],
            [
              73.6478265,
              40.5494369
            ],
            [
              73.6478609,
              40.5490847
            ],
            [
              73.6406339,
              40.5495804
            ],
            [
              73.6402906,
              40.5487325
            ],
            [
              73.639604,
              40.5478325
            ],
            [
              73.6387285,
              40.5476108
            ],
            [
              73.6387628,
              40.5471542
            ],
            [
              73.6373724,
              40.5468672
            ],
            [
              73.6375097,
              40.5460716
            ],
            [
              73.638368,
              40.545902
            ],
            [
              73.6382478,
              40.5442192
            ],
            [
              73.6383508,
              40.5433844
            ],
            [
              73.6405309,
              40.5432409
            ],
            [
              73.6413549,
              40.542693
            ],
            [
              73.6415437,
              40.5408015
            ],
            [
              73.6419214,
              40.5396535
            ],
            [
              73.6425565,
              40.538649
            ],
            [
              73.6441702,
              40.5375401
            ],
            [
              73.6457494,
              40.537801
            ],
            [
              73.6472772,
              40.5374096
            ],
            [
              73.6479124,
              40.5366138
            ],
            [
              73.648084,
              40.5360659
            ]
          ]
        ]
      },
      "id": "way/1484877467"
    },
    {
      "type": "Feature",
      "properties": {
        "@id": "node/300601151",
        "addr:country": "KG",
        "is_in": "Kyrgyzstan",
        "name": "Сары-Булак",
        "name:en": "Sary-Bulak",
        "name:ky": "Сары-Булак",
        "name:ru": "Сары-Булак",
        "place": "village"
      },
      "geometry": {
        "type": "Point",
        "coordinates": [
          73.5298355,
          40.6565685
        ]
      },
      "id": "node/300601151"
    },
    {
      "type": "Feature",
      "properties": {
        "@id": "node/300601416",
        "addr:country": "KG",
        "addr:region": "Ошская область",
        "is_in": "Kyrgyzstan",
        "name": "Первое Мая",
        "name:en": "Pervoye Maya",
        "name:ru": "Первое Мая",
        "place": "village",
        "population": "6359"
      },
      "geometry": {
        "type": "Point",
        "coordinates": [
          73.6794664,
          40.6282027
        ]
      },
      "id": "node/300601416"
    },
    {
      "type": "Feature",
      "properties": {
        "@id": "node/300665432",
        "addr:country": "KG",
        "addr:region": "Ошская область",
        "is_in": "Kyrgyzstan",
        "name": "Ылай-Талаа",
        "name:en": "Ylay-Talaa",
        "name:ru": "Ылай-Талаа",
        "place": "village"
      },
      "geometry": {
        "type": "Point",
        "coordinates": [
          73.6027338,
          40.5909315
        ]
      },
      "id": "node/300665432"
    },
    {
      "type": "Feature",
      "properties": {
        "@id": "node/300666715",
        "addr:country": "KG",
        "addr:region": "Ошская область",
        "is_in": "Kyrgyzstan",
        "name": "Сары-Бээ",
        "name:en": "Sary-Bee",
        "name:ky": "Сары-Бээ",
        "name:ru": "Сары-Бээ",
        "place": "hamlet"
      },
      "geometry": {
        "type": "Point",
        "coordinates": [
          73.8904382,
          40.5554655
        ]
      },
      "id": "node/300666715"
    },
    {
      "type": "Feature",
      "properties": {
        "@id": "node/2040579496",
        "addr:country": "KG",
        "addr:district": "Кара-Кулжинский район",
        "addr:region": "Ошская область",
        "name": "Кара-Кулжа",
        "name:en": "Kara-Kulja",
        "name:fa": "قره‌کولجه",
        "name:kk": "Қарақұлжа",
        "name:kk-Arab": "قاراقۇلجا",
        "name:kk-Cyrl": "Қарақұлжа",
        "name:kk-Latn": "Qaraqūlja",
        "name:ky": "Кара-Кулжа",
        "name:ky-Arab": "قارا قۇلجا",
        "name:ml": "ഖറ-കുൽജ",
        "name:ru": "Кара-Кульджа",
        "name:tg": "Қоракулча",
        "name:tr": "Kara-Kulca",
        "name:uz": "Qorakulcha",
        "name:uz-Arab": "قره کولچه",
        "name:uz-Cyrl": "Қоракулча",
        "name:uz-Latn": "Qorakulcha",
        "place": "village",
        "population": "11794",
        "source": "GPS"
      },
      "geometry": {
        "type": "Point",
        "coordinates": [
          73.5909741,
          40.6334207
        ]
      },
      "id": "node/2040579496"
    },
    {
      "type": "Feature",
      "properties": {
        "@id": "node/2153071699",
        "name:en": "Alaykuu Range",
        "place": "locality"
      },
      "geometry": {
        "type": "Point",
        "coordinates": [
          74.5511499,
          40.2718094
        ]
      },
      "id": "node/2153071699"
    },
    {
      "type": "Feature",
      "properties": {
        "@id": "node/2153100203",
        "int_name": "Terek - Tepek",
        "name": "Терек",
        "place": "village"
      },
      "geometry": {
        "type": "Point",
        "coordinates": [
          74.2192942,
          40.3637504
        ]
      },
      "id": "node/2153100203"
    },
    {
      "type": "Feature",
      "properties": {
        "@id": "node/4401325951",
        "name": "Ак-Кыя",
        "place": "village"
      },
      "geometry": {
        "type": "Point",
        "coordinates": [
          73.6016122,
          40.6591417
        ]
      },
      "id": "node/4401325951"
    },
    {
      "type": "Feature",
      "properties": {
        "@id": "node/4401325955",
        "name": "Жаны-Талап",
        "place": "village"
      },
      "geometry": {
        "type": "Point",
        "coordinates": [
          73.4103636,
          40.686619
        ]
      },
      "id": "node/4401325955"
    },
    {
      "type": "Feature",
      "properties": {
        "@id": "node/4401325956",
        "name": "Жийде",
        "place": "village"
      },
      "geometry": {
        "type": "Point",
        "coordinates": [
          73.3905823,
          40.6728177
        ]
      },
      "id": "node/4401325956"
    },
    {
      "type": "Feature",
      "properties": {
        "@id": "node/4401325960",
        "name": "Тоготой",
        "place": "village"
      },
      "geometry": {
        "type": "Point",
        "coordinates": [
          73.4328459,
          40.6651926
        ]
      },
      "id": "node/4401325960"
    },
    {
      "type": "Feature",
      "properties": {
        "@id": "node/4401325963",
        "name": "Октябрь",
        "place": "village"
      },
      "geometry": {
        "type": "Point",
        "coordinates": [
          73.4413807,
          40.682667
        ]
      },
      "id": "node/4401325963"
    },
    {
      "type": "Feature",
      "properties": {
        "@id": "node/4409501679",
        "name": "Жаны-Талаа",
        "place": "village"
      },
      "geometry": {
        "type": "Point",
        "coordinates": [
          73.4638596,
          40.6276601
        ]
      },
      "id": "node/4409501679"
    },
    {
      "type": "Feature",
      "properties": {
        "@id": "node/4409501680",
        "name": "Калматай",
        "place": "hamlet"
      },
      "geometry": {
        "type": "Point",
        "coordinates": [
          73.4619284,
          40.6167154
        ]
      },
      "id": "node/4409501680"
    },
    {
      "type": "Feature",
      "properties": {
        "@id": "node/4409501681",
        "name": "Тегерек-Саз",
        "name:en": "Tegerek-Saz",
        "place": "village"
      },
      "geometry": {
        "type": "Point",
        "coordinates": [
          73.6175877,
          40.4257583
        ]
      },
      "id": "node/4409501681"
    },
    {
      "type": "Feature",
      "properties": {
        "@id": "node/4409501683",
        "name": "Кенеш",
        "place": "village"
      },
      "geometry": {
        "type": "Point",
        "coordinates": [
          73.4264642,
          40.6349881
        ]
      },
      "id": "node/4409501683"
    },
    {
      "type": "Feature",
      "properties": {
        "@id": "node/4409501685",
        "name": "Пор",
        "place": "hamlet"
      },
      "geometry": {
        "type": "Point",
        "coordinates": [
          73.4160144,
          40.6135391
        ]
      },
      "id": "node/4409501685"
    },
    {
      "type": "Feature",
      "properties": {
        "@id": "node/4409501686",
        "name": "Сай",
        "name:en": "Say",
        "place": "village"
      },
      "geometry": {
        "type": "Point",
        "coordinates": [
          73.658655,
          40.5828458
        ]
      },
      "id": "node/4409501686"
    },
    {
      "type": "Feature",
      "properties": {
        "@id": "node/4410518307",
        "name": "Карасу",
        "name:en": "Karasu",
        "place": "village"
      },
      "geometry": {
        "type": "Point",
        "coordinates": [
          73.7363076,
          40.5583845
        ]
      },
      "id": "node/4410518307"
    },
    {
      "type": "Feature",
      "properties": {
        "@id": "node/4410549659",
        "name": "Көндүк",
        "name:en": "Köndük",
        "name:ky": "Көндүк",
        "name:ru": "Кондук",
        "place": "hamlet",
        "wikidata": "Q17627330",
        "wikipedia": "en:Köndük"
      },
      "geometry": {
        "type": "Point",
        "coordinates": [
          74.1305536,
          40.4675012
        ]
      },
      "id": "node/4410549659"
    },
    {
      "type": "Feature",
      "properties": {
        "@id": "node/4417264298",
        "name": "Ынтымак",
        "place": "village"
      },
      "geometry": {
        "type": "Point",
        "coordinates": [
          73.4149589,
          40.7102352
        ]
      },
      "id": "node/4417264298"
    },
    {
      "type": "Feature",
      "properties": {
        "@id": "node/4417361100",
        "name": "Кара-Кочкор",
        "name:en": "Kara-Kochkor",
        "name:ru": "Кара-Кочкор",
        "place": "village"
      },
      "geometry": {
        "type": "Point",
        "coordinates": [
          73.5002437,
          40.6648579
        ]
      },
      "id": "node/4417361100"
    },
    {
      "type": "Feature",
      "properties": {
        "@id": "node/4428543737",
        "name": "Алтын-Кюрек",
        "place": "hamlet"
      },
      "geometry": {
        "type": "Point",
        "coordinates": [
          73.5194296,
          40.5284855
        ]
      },
      "id": "node/4428543737"
    },
    {
      "type": "Feature",
      "properties": {
        "@id": "node/4428543738",
        "name": "Жетим-Дебе",
        "place": "village"
      },
      "geometry": {
        "type": "Point",
        "coordinates": [
          73.4954506,
          40.5804319
        ]
      },
      "id": "node/4428543738"
    },
    {
      "type": "Feature",
      "properties": {
        "@id": "node/4428543739",
        "name": "Кара-Жыгач",
        "place": "village"
      },
      "geometry": {
        "type": "Point",
        "coordinates": [
          73.5247189,
          40.5023116
        ]
      },
      "id": "node/4428543739"
    },
    {
      "type": "Feature",
      "properties": {
        "@id": "node/4428543740",
        "name": "Насирдин",
        "place": "hamlet"
      },
      "geometry": {
        "type": "Point",
        "coordinates": [
          73.523528,
          40.5409816
        ]
      },
      "id": "node/4428543740"
    },
    {
      "type": "Feature",
      "properties": {
        "@id": "node/4428543741",
        "name": "Сары-Камыш",
        "name:en": "Sary-Kamysh",
        "place": "village"
      },
      "geometry": {
        "type": "Point",
        "coordinates": [
          73.5419708,
          40.6130138
        ]
      },
      "id": "node/4428543741"
    },
    {
      "type": "Feature",
      "properties": {
        "@id": "node/4428543742",
        "name": "Сары-Таш",
        "place": "hamlet"
      },
      "geometry": {
        "type": "Point",
        "coordinates": [
          73.5544378,
          40.5977655
        ]
      },
      "id": "node/4428543742"
    },
    {
      "type": "Feature",
      "properties": {
        "@id": "node/4428570167",
        "name": "Жылкол",
        "place": "hamlet"
      },
      "geometry": {
        "type": "Point",
        "coordinates": [
          73.6863756,
          40.5884699
        ]
      },
      "id": "node/4428570167"
    },
    {
      "type": "Feature",
      "properties": {
        "@id": "node/4428607741",
        "name": "Буйга",
        "place": "hamlet"
      },
      "geometry": {
        "type": "Point",
        "coordinates": [
          73.7881333,
          40.5155956
        ]
      },
      "id": "node/4428607741"
    },
    {
      "type": "Feature",
      "properties": {
        "@id": "node/4428607742",
        "name": "Кара-Таш",
        "place": "hamlet"
      },
      "geometry": {
        "type": "Point",
        "coordinates": [
          73.9735517,
          40.5495175
        ]
      },
      "id": "node/4428607742"
    },
    {
      "type": "Feature",
      "properties": {
        "@id": "node/4428607743",
        "name": "Кара-Таш",
        "place": "hamlet"
      },
      "geometry": {
        "type": "Point",
        "coordinates": [
          73.9322537,
          40.5509931
        ]
      },
      "id": "node/4428607743"
    },
    {
      "type": "Feature",
      "properties": {
        "@id": "node/4428607744",
        "name": "Ничке-Суу",
        "place": "village"
      },
      "geometry": {
        "type": "Point",
        "coordinates": [
          73.7954932,
          40.53485
        ]
      },
      "id": "node/4428607744"
    },
    {
      "type": "Feature",
      "properties": {
        "@id": "node/4428607745",
        "name": "Терек-Суу",
        "place": "village"
      },
      "geometry": {
        "type": "Point",
        "coordinates": [
          73.8258773,
          40.5315007
        ]
      },
      "id": "node/4428607745"
    },
    {
      "type": "Feature",
      "properties": {
        "@id": "node/4428607746",
        "name": "Токбай-Талаа",
        "place": "hamlet"
      },
      "geometry": {
        "type": "Point",
        "coordinates": [
          73.7552601,
          40.5423024
        ]
      },
      "id": "node/4428607746"
    },
    {
      "type": "Feature",
      "properties": {
        "@id": "node/4428668938",
        "name": "Ачык-Таш",
        "name:en": "Achyk-Tash",
        "place": "hamlet"
      },
      "geometry": {
        "type": "Point",
        "coordinates": [
          74.3113011,
          40.2678453
        ]
      },
      "id": "node/4428668938"
    },
    {
      "type": "Feature",
      "properties": {
        "@id": "node/4428668939",
        "name": "Бору-Токой",
        "name:en": "Bory-Tokoy",
        "place": "hamlet"
      },
      "geometry": {
        "type": "Point",
        "coordinates": [
          74.3405661,
          40.2718241
        ]
      },
      "id": "node/4428668939"
    },
    {
      "type": "Feature",
      "properties": {
        "@id": "node/4428668940",
        "name": "Кайың-Талаа",
        "name:en": "Kaying-Talaa",
        "place": "village"
      },
      "geometry": {
        "type": "Point",
        "coordinates": [
          74.2586723,
          40.3087324
        ]
      },
      "id": "node/4428668940"
    },
    {
      "type": "Feature",
      "properties": {
        "@id": "node/4428668941",
        "name": "Кызыл-Жар",
        "name:en": "Kyzyl-Jar",
        "place": "hamlet",
        "wikidata": "Q3783215",
        "wikipedia": "ky:Кызыл-Жар (Кара-Кулжа району)"
      },
      "geometry": {
        "type": "Point",
        "coordinates": [
          74.2479698,
          40.3026444
        ]
      },
      "id": "node/4428668941"
    },
    {
      "type": "Feature",
      "properties": {
        "@id": "node/4428668942",
        "name": "Көк-Арт",
        "name:en": "Kok-Art",
        "place": "village"
      },
      "geometry": {
        "type": "Point",
        "coordinates": [
          74.3858461,
          40.2666249
        ]
      },
      "id": "node/4428668942"
    },
    {
      "type": "Feature",
      "properties": {
        "@id": "node/4428668943",
        "name": "Коо-Чаты",
        "place": "village"
      },
      "geometry": {
        "type": "Point",
        "coordinates": [
          74.2934494,
          40.3615062
        ]
      },
      "id": "node/4428668943"
    },
    {
      "type": "Feature",
      "properties": {
        "@id": "node/4428668945",
        "name": "Ой-Тал",
        "name:en": "Oy-Tal",
        "place": "village"
      },
      "geometry": {
        "type": "Point",
        "coordinates": [
          74.100852,
          40.4271365
        ]
      },
      "id": "node/4428668945"
    },
    {
      "type": "Feature",
      "properties": {
        "@id": "node/4438736726",
        "name": "Кара-Булак",
        "name:en": "Kara-Bulak",
        "place": "village"
      },
      "geometry": {
        "type": "Point",
        "coordinates": [
          73.5828263,
          40.4240595
        ]
      },
      "id": "node/4438736726"
    },
    {
      "type": "Feature",
      "properties": {
        "@id": "node/4438736727",
        "name": "Конобай-Талаа",
        "place": "hamlet"
      },
      "geometry": {
        "type": "Point",
        "coordinates": [
          73.6685979,
          40.4197776
        ]
      },
      "id": "node/4438736727"
    },
    {
      "type": "Feature",
      "properties": {
        "@id": "node/4438736728",
        "addr:country": "KG",
        "addr:region": "Ошская область",
        "name": "Сары-Булак",
        "name:en": "Sary-Bulak",
        "place": "village"
      },
      "geometry": {
        "type": "Point",
        "coordinates": [
          73.6295021,
          40.4855551
        ]
      },
      "id": "node/4438736728"
    },
    {
      "type": "Feature",
      "properties": {
        "@id": "node/4438736729",
        "name": "Сары-Күңгөй",
        "name:en": "Sari-Küngöy",
        "name:ky": "Сары-Күңгөй",
        "name:ru": "Сары-Кюнгей",
        "place": "village"
      },
      "geometry": {
        "type": "Point",
        "coordinates": [
          73.618387,
          40.5063436
        ]
      },
      "id": "node/4438736729"
    },
    {
      "type": "Feature",
      "properties": {
        "@id": "node/4438736730",
        "addr:country": "KG",
        "addr:region": "Ошская область",
        "name": "Тогуз-Булак",
        "name:en": "Toguz-Bulak",
        "place": "village"
      },
      "geometry": {
        "type": "Point",
        "coordinates": [
          73.6265838,
          40.4720734
        ]
      },
      "id": "node/4438736730"
    },
    {
      "type": "Feature",
      "properties": {
        "@id": "node/11451165204",
        "name": "Казан-Булак",
        "name:en": "Kazan-Bulak",
        "place": "isolated_dwelling"
      },
      "geometry": {
        "type": "Point",
        "coordinates": [
          74.1192626,
          40.4499664
        ]
      },
      "id": "node/11451165204"
    },
    {
      "type": "Feature",
      "properties": {
        "@id": "node/12329095426",
        "name": "Узун Айрык",
        "name:en": "Uzun Ayryk",
        "name:ky": "Узун Айрык",
        "place": "locality"
      },
      "geometry": {
        "type": "Point",
        "coordinates": [
          74.3812156,
          40.4525474
        ]
      },
      "id": "node/12329095426"
    },
    {
      "type": "Feature",
      "properties": {
        "@id": "node/12608241717",
        "name": "Сай талаа",
        "name:en": "Say-Talaa",
        "name:ky": "Сай талаа",
        "place": "village"
      },
      "geometry": {
        "type": "Point",
        "coordinates": [
          74.2797725,
          40.3025908
        ]
      },
      "id": "node/12608241717"
    },
    {
      "type": "Feature",
      "properties": {
        "@id": "node/12608610222",
        "name": "Саз жайлоосу",
        "name:en": "Saz Jayloo",
        "name:ky": "Саз жайлоосу",
        "place": "locality"
      },
      "geometry": {
        "type": "Point",
        "coordinates": [
          74.0795482,
          40.3345666
        ]
      },
      "id": "node/12608610222"
    },
    {
      "type": "Feature",
      "properties": {
        "@id": "node/12614683348",
        "name": "Зардобука",
        "name:en": "Zardobuka",
        "name:ky": "Зардобука",
        "place": "isolated_dwelling"
      },
      "geometry": {
        "type": "Point",
        "coordinates": [
          74.0265645,
          40.2322588
        ]
      },
      "id": "node/12614683348"
    },
    {
      "type": "Feature",
      "properties": {
        "@id": "node/12616409200",
        "name": "Актакыр",
        "name:en": "Aktakyr",
        "place": "locality"
      },
      "geometry": {
        "type": "Point",
        "coordinates": [
          73.9749508,
          40.3769591
        ]
      },
      "id": "node/12616409200"
    },
    {
      "type": "Feature",
      "properties": {
        "@id": "node/12616409201",
        "name": "Кыдыруу жайлоосу",
        "name:en": "Kydyruu Jayloo",
        "name:ky": "Кыдыруу жайлоосу",
        "place": "locality"
      },
      "geometry": {
        "type": "Point",
        "coordinates": [
          73.9462394,
          40.3443953
        ]
      },
      "id": "node/12616409201"
    },
    {
      "type": "Feature",
      "properties": {
        "@id": "node/12616409202",
        "name": "Бөдөнө",
        "name:en": "Bödönö",
        "name:ky": "Бөдөнө",
        "place": "locality"
      },
      "geometry": {
        "type": "Point",
        "coordinates": [
          73.9263432,
          40.3504344
        ]
      },
      "id": "node/12616409202"
    },
    {
      "type": "Feature",
      "properties": {
        "@id": "node/13613986672",
        "name": "Кашка-Жол",
        "place": "hamlet"
      },
      "geometry": {
        "type": "Point",
        "coordinates": [
          73.4460852,
          40.6652784
        ]
      },
      "id": "node/13613986672"
    }
  ]
}